;FLAVOR:Marlin
;TIME:3208
;Filament used: 1.50429m
;Layer height: 0.1
;MINX:92.217
;MINY:92.215
;MINZ:0.12
;MAXX:142.783
;MAXY:142.785
;MAXZ:3.02
;TARGET_MACHINE.NAME:ELEGOO NEPTUNE 3 Pro
;Generated with Cura_SteamEngine 5.9.1
M140 S70
M105
M190 S70
M104 S210
M105
M109 S210
M82 ;absolute extrusion mode
;ELEGOO NEPTUNE 3 Pro
M220 S100 ;Set the feed speed to 100%
M221 S100 ;Set the flow rate to 100%
G90
G28 ;home
;M420 S1 Z10;Uncomment to enable progressive compensation height of 10mm
G92 E0 ;Reset Extruder
G1 Z0.45 F300
G1 X1.5 Y20 F5000.0 ;Move to start position
G1 Y120.0 F600.0 E15 ;Draw the first line
G1 X0.5 F1000.0 ;Move to side a little
G1 Y20 F600 E30 ;Draw the second line
G92 E0 ;Reset Extruder
G92 E0
G92 E0
G1 F1500 E-1
;LAYER_COUNT:30
;LAYER:0
M107
M204 S500
G0 F6000 X120.285 Y142.631 Z0.12
;TYPE:SKIRT
G1 F1500 E0
G1 F900 X118.479 Y142.767 E0.04933
G1 X117.261 Y142.785 E0.08252
G1 X115.418 Y142.7 E0.13277
G1 X113.958 Y142.538 E0.17279
G1 X112.753 Y142.339 E0.20606
G1 X110.976 Y141.931 E0.25572
G1 X109.746 Y141.568 E0.29066
G1 X108.3 Y141.051 E0.33249
G1 X106.98 Y140.49 E0.37156
G1 X105.4 Y139.7 E0.41968
G1 X104.242 Y139.029 E0.45613
G1 X102.815 Y138.085 E0.50274
G1 X101.842 Y137.355 E0.53587
G1 X100.527 Y136.238 E0.58287
G1 X99.539 Y135.292 E0.62013
G1 X98.357 Y134.018 E0.66747
G1 X97.582 Y133.075 E0.70072
G1 X96.579 Y131.699 E0.74711
G1 X95.869 Y130.591 E0.78295
G1 X94.982 Y128.999 E0.8326
G1 X94.429 Y127.843 E0.8675
G1 X93.795 Y126.288 E0.91325
G1 X93.29 Y124.799 E0.95608
G1 X92.968 Y123.626 E0.98921
G1 X92.597 Y121.845 E1.03877
G1 X92.383 Y120.371 E1.07934
G1 X92.253 Y118.835 E1.12133
G1 X92.217 Y117.3 E1.16316
G1 X92.271 Y115.844 E1.20285
G1 X92.386 Y114.584 E1.23731
G1 X92.601 Y113.125 E1.27748
G1 X92.94 Y111.5 E1.3227
G1 X93.318 Y110.123 E1.3616
G1 X93.882 Y108.485 E1.40879
G1 X94.471 Y107.063 E1.45071
G1 X95.04 Y105.886 E1.48633
G1 X95.748 Y104.613 E1.52601
G1 X96.609 Y103.263 E1.56962
G1 X97.596 Y101.907 E1.61531
G1 X98.371 Y100.965 E1.64854
G1 X99.539 Y99.706 E1.69532
G1 X100.658 Y98.641 E1.7374
G1 X101.764 Y97.706 E1.77685
G1 X102.932 Y96.834 E1.81655
G1 X104.26 Y95.962 E1.85983
G1 X105.664 Y95.153 E1.90397
G1 X106.755 Y94.609 E1.93718
G1 X108.327 Y93.941 E1.9837
G1 X109.774 Y93.425 E2.02555
G1 X111.007 Y93.063 E2.06056
G1 X112.776 Y92.658 E2.10999
G1 X114.04 Y92.451 E2.14488
G1 X115.473 Y92.296 E2.18414
G1 X117.261 Y92.215 E2.2329
G1 X118.501 Y92.234 E2.26668
G1 X120.319 Y92.371 E2.31634
G1 X121.82 Y92.584 E2.35764
G1 X122.994 Y92.815 E2.39023
G1 X124.781 Y93.283 E2.44055
G1 X125.949 Y93.665 E2.47403
G1 X127.584 Y94.307 E2.52188
G1 X128.669 Y94.809 E2.55444
G1 X130.174 Y95.622 E2.60104
G1 X131.454 Y96.413 E2.64202
G1 X132.803 Y97.362 E2.68695
G1 X133.738 Y98.108 E2.71954
G1 X135.045 Y99.282 E2.76739
G1 X135.979 Y100.228 E2.80361
G1 X137.035 Y101.438 E2.84735
G1 X137.899 Y102.553 E2.88578
G1 X138.9 Y104.022 E2.9342
G1 X139.524 Y105.067 E2.96735
G1 X140.356 Y106.672 E3.0166
G1 X140.895 Y107.888 E3.05283
G1 X141.445 Y109.361 E3.09566
G1 X141.925 Y110.931 E3.14038
G1 X142.234 Y112.213 E3.17631
G1 X142.517 Y113.801 E3.22024
G1 X142.701 Y115.404 E3.2642
G1 X142.783 Y116.922 E3.30561
G1 X142.772 Y118.442 E3.34701
G1 X142.699 Y119.635 E3.37957
G1 X142.516 Y121.193 E3.4223
G1 X142.209 Y122.878 E3.46896
G1 X141.838 Y124.379 E3.51108
G1 X141.478 Y125.543 E3.54427
G1 X140.879 Y127.143 E3.5908
G1 X140.22 Y128.618 E3.63481
G1 X139.658 Y129.7 E3.66802
G1 X138.725 Y131.251 E3.71733
G1 X138.025 Y132.276 E3.75114
G1 X137.037 Y133.556 E3.79518
G1 X135.934 Y134.82 E3.84088
G1 X135.07 Y135.695 E3.87438
G1 X133.792 Y136.843 E3.92117
G1 X132.728 Y137.692 E3.95825
G1 X131.301 Y138.693 E4.00574
G1 X130.265 Y139.333 E4.03891
G1 X128.853 Y140.097 E4.08264
G1 X127.439 Y140.753 E4.1251
G1 X126.165 Y141.255 E4.1624
G1 X124.433 Y141.82 E4.21203
G1 X123.043 Y142.175 E4.25111
G1 X121.782 Y142.424 E4.28612
G1 X120.285 Y142.631 E4.32729
G1 F1500 E3.32729
G0 F6000 X121.676 Y141.888
G1 F1500 E4.32729
G1 F900 X120.21 Y142.09 E4.3676
G1 X118.471 Y142.221 E4.4151
G1 X117.253 Y142.239 E4.44828
G1 X115.478 Y142.157 E4.49669
G1 X114.047 Y141.999 E4.5359
G1 X112.842 Y141.8 E4.56917
G1 X111.131 Y141.407 E4.61699
G1 X109.901 Y141.044 E4.65193
G1 X108.514 Y140.548 E4.69205
G1 X107.194 Y139.987 E4.73112
G1 X105.674 Y139.228 E4.7774
G1 X104.543 Y138.573 E4.813
G1 X103.143 Y137.648 E4.85871
G1 X102.17 Y136.918 E4.89185
G1 X100.905 Y135.844 E4.93705
G1 X99.917 Y134.898 E4.97431
G1 X98.779 Y133.671 E5.0199
G1 X98.004 Y132.728 E5.05315
G1 X97.039 Y131.404 E5.09777
G1 X96.329 Y130.296 E5.13362
G1 X95.475 Y128.763 E5.18142
G1 X94.922 Y127.607 E5.21633
G1 X94.312 Y126.113 E5.26029
G1 X93.817 Y124.654 E5.30226
G1 X93.495 Y123.481 E5.33539
G1 X93.137 Y121.766 E5.38312
G1 X92.927 Y120.325 E5.42278
G1 X92.799 Y118.822 E5.46387
G1 X92.763 Y117.32 E5.5048
G1 X92.815 Y115.894 E5.54367
G1 X92.93 Y114.634 E5.57813
G1 X93.141 Y113.205 E5.61748
G1 X93.467 Y111.645 E5.66089
G1 X93.845 Y110.268 E5.69979
G1 X94.386 Y108.694 E5.74513
G1 X94.963 Y107.301 E5.7862
G1 X95.532 Y106.124 E5.82181
G1 X96.225 Y104.879 E5.86063
G1 X97.05 Y103.584 E5.90245
G1 X98.018 Y102.254 E5.94726
G1 X98.793 Y101.312 E5.98049
G1 X99.939 Y100.078 E6.02636
G1 X101.034 Y99.037 E6.06752
G1 X102.091 Y98.144 E6.10521
G1 X103.259 Y97.272 E6.14492
G1 X104.56 Y96.418 E6.18731
G1 X105.908 Y95.642 E6.22968
G1 X106.999 Y95.098 E6.26289
G1 X108.511 Y94.455 E6.30764
G1 X109.928 Y93.949 E6.34863
G1 X111.161 Y93.587 E6.38364
G1 X112.865 Y93.197 E6.43125
G1 X114.099 Y92.994 E6.46532
G1 X115.532 Y92.839 E6.50458
G1 X117.253 Y92.761 E6.55151
G1 X118.493 Y92.78 E6.58529
G1 X120.243 Y92.912 E6.6331
G1 X121.715 Y93.12 E6.67359
G1 X122.889 Y93.351 E6.70619
G1 X124.611 Y93.802 E6.75468
G1 X125.779 Y94.184 E6.78815
G1 X127.355 Y94.803 E6.83427
G1 X128.44 Y95.305 E6.86684
G1 X129.887 Y96.086 E6.91163
G1 X131.167 Y96.877 E6.95262
G1 X132.462 Y97.789 E6.99576
G1 X133.397 Y98.535 E7.02835
G1 X134.656 Y99.666 E7.07445
G1 X135.59 Y100.612 E7.11066
G1 X136.623 Y101.797 E7.15348
G1 X137.467 Y102.887 E7.19103
G1 X138.431 Y104.302 E7.23767
G1 X139.055 Y105.347 E7.27083
G1 X139.857 Y106.894 E7.3183
G1 X140.383 Y108.079 E7.35361
G1 X140.933 Y109.552 E7.39644
G1 X141.394 Y111.059 E7.43937
G1 X141.696 Y112.309 E7.4744
G1 X141.979 Y113.897 E7.51834
G1 X142.156 Y115.434 E7.56048
G1 X142.237 Y116.918 E7.60097
G1 X142.227 Y118.409 E7.64158
G1 X142.154 Y119.602 E7.67414
G1 X141.979 Y121.095 E7.71509
G1 X141.679 Y122.747 E7.76083
G1 X141.316 Y124.218 E7.8021
G1 X140.956 Y125.382 E7.83529
G1 X140.368 Y126.951 E7.88093
G1 X139.735 Y128.366 E7.92316
G1 X139.173 Y129.448 E7.95637
G1 X138.274 Y130.943 E8.00389
G1 X137.574 Y131.968 E8.0377
G1 X136.626 Y133.197 E8.07998
G1 X135.545 Y134.436 E8.12477
G1 X134.681 Y135.311 E8.15827
G1 X133.451 Y136.416 E8.20331
G1 X132.387 Y137.265 E8.24039
G1 X131.014 Y138.228 E8.28607
G1 X129.978 Y138.868 E8.31924
G1 X128.593 Y139.617 E8.36213
G1 X127.239 Y140.245 E8.40279
G1 X125.965 Y140.747 E8.44009
G1 X124.298 Y141.291 E8.48786
G1 X122.937 Y141.639 E8.52612
G1 X121.676 Y141.888 E8.56114
G0 F6000 X121.57 Y141.352
G1 F900 X120.136 Y141.549 E8.60056
G1 X118.463 Y141.675 E8.64627
G1 X117.245 Y141.693 E8.67945
G1 X115.538 Y141.614 E8.726
G1 X114.136 Y141.46 E8.76442
G1 X112.931 Y141.261 E8.79769
G1 X111.286 Y140.883 E8.84366
G1 X110.056 Y140.52 E8.8786
G1 X108.698 Y140.034 E8.91789
G1 X107.408 Y139.485 E8.95608
G1 X105.948 Y138.756 E9.00053
G1 X104.817 Y138.101 E9.03613
G1 X103.471 Y137.211 E9.08009
G1 X102.498 Y136.481 E9.11322
G1 X101.259 Y135.428 E9.15751
G1 X100.317 Y134.526 E9.19304
G1 X99.201 Y133.324 E9.23772
G1 X98.426 Y132.381 E9.27097
G1 X97.499 Y131.109 E9.31384
G1 X96.789 Y130.001 E9.34969
G1 X95.968 Y128.527 E9.39565
G1 X95.415 Y127.371 E9.43056
G1 X94.818 Y125.907 E9.47363
G1 X94.344 Y124.509 E9.51384
G1 X94.022 Y123.336 E9.54697
G1 X93.677 Y121.687 E9.59286
G1 X93.471 Y120.278 E9.63165
G1 X93.345 Y118.809 E9.67181
G1 X93.309 Y117.34 E9.71184
G1 X93.359 Y115.944 E9.74989
G1 X93.474 Y114.684 E9.78436
G1 X93.681 Y113.285 E9.82288
G1 X93.994 Y111.79 E9.86449
G1 X94.372 Y110.413 E9.90339
G1 X94.891 Y108.903 E9.94688
G1 X95.455 Y107.539 E9.98709
G1 X96.024 Y106.362 E10.0227
G1 X96.702 Y105.145 E10.06065
G1 X97.51 Y103.878 E10.10158
G1 X98.44 Y102.601 E10.14461
G1 X99.215 Y101.659 E10.17784
G1 X100.315 Y100.474 E10.22189
G1 X101.387 Y99.454 E10.26219
G1 X102.418 Y98.582 E10.29898
G1 X103.586 Y97.71 E10.33868
G1 X104.833 Y96.891 E10.37932
G1 X106.152 Y96.131 E10.42079
G1 X107.243 Y95.587 E10.454
G1 X108.725 Y94.957 E10.49786
G1 X110.082 Y94.473 E10.53711
G1 X111.315 Y94.111 E10.57211
G1 X112.954 Y93.736 E10.61791
G1 X114.158 Y93.537 E10.65115
G1 X115.591 Y93.382 E10.69042
G1 X117.245 Y93.307 E10.73552
G1 X118.485 Y93.326 E10.7693
G1 X120.167 Y93.453 E10.81525
G1 X121.61 Y93.656 E10.85494
G1 X122.784 Y93.887 E10.88754
G1 X124.441 Y94.321 E10.93419
G1 X125.609 Y94.703 E10.96767
G1 X127.126 Y95.299 E11.01207
G1 X128.211 Y95.801 E11.04463
G1 X129.627 Y96.566 E11.08847
G1 X130.853 Y97.324 E11.12774
G1 X132.121 Y98.216 E11.16997
G1 X133.056 Y98.962 E11.20255
G1 X134.267 Y100.05 E11.2469
G1 X135.201 Y100.996 E11.28311
G1 X136.191 Y102.131 E11.32414
G1 X137.035 Y103.221 E11.36169
G1 X137.962 Y104.582 E11.40654
G1 X138.586 Y105.627 E11.4397
G1 X139.358 Y107.116 E11.48539
G1 X139.871 Y108.27 E11.51979
G1 X140.421 Y109.743 E11.56262
G1 X140.863 Y111.188 E11.60378
G1 X141.158 Y112.405 E11.63789
G1 X141.441 Y113.993 E11.68183
G1 X141.611 Y115.464 E11.72217
G1 X141.691 Y116.915 E11.76175
G1 X141.682 Y118.376 E11.80155
G1 X141.609 Y119.569 E11.83411
G1 X141.442 Y120.998 E11.8733
G1 X141.149 Y122.616 E11.91809
G1 X140.794 Y124.057 E11.95852
G1 X140.434 Y125.221 E11.99171
G1 X139.87 Y126.728 E12.03554
G1 X139.25 Y128.114 E12.0769
G1 X138.688 Y129.196 E12.11011
G1 X137.823 Y130.635 E12.15585
G1 X137.123 Y131.66 E12.18966
G1 X136.215 Y132.838 E12.23017
G1 X135.156 Y134.052 E12.27406
G1 X134.292 Y134.927 E12.30755
G1 X133.11 Y135.989 E12.35084
G1 X132.046 Y136.838 E12.38792
G1 X130.727 Y137.763 E12.4318
G1 X129.691 Y138.403 E12.46497
G1 X128.333 Y139.137 E12.50702
G1 X127.039 Y139.737 E12.54588
G1 X125.765 Y140.239 E12.58318
G1 X124.163 Y140.762 E12.62908
G1 X122.831 Y141.103 E12.66654
G1 X121.57 Y141.352 E12.70155
G0 F6000 X121.464 Y140.816
G1 F900 X120.062 Y141.008 E12.7401
G1 X118.455 Y141.129 E12.78399
G1 X117.237 Y141.147 E12.81718
G1 X115.597 Y141.071 E12.8619
G1 X114.225 Y140.921 E12.89949
G1 X113.02 Y140.722 E12.93276
G1 X111.441 Y140.359 E12.9769
G1 X110.211 Y139.996 E13.01183
G1 X108.882 Y139.52 E13.05028
G1 X107.622 Y138.983 E13.08759
G1 X106.222 Y138.284 E13.13022
G1 X105.091 Y137.629 E13.16582
G1 X103.799 Y136.774 E13.20802
G1 X102.826 Y136.044 E13.24116
G1 X101.637 Y135.034 E13.28366
G1 X100.695 Y134.132 E13.31918
G1 X99.623 Y132.977 E13.36211
G1 X98.848 Y132.034 E13.39536
G1 X97.959 Y130.814 E13.43648
G1 X97.249 Y129.706 E13.47232
G1 X96.461 Y128.291 E13.51644
G1 X95.908 Y127.135 E13.55135
G1 X95.335 Y125.732 E13.59263
G1 X94.871 Y124.364 E13.63198
G1 X94.549 Y123.191 E13.66512
G1 X94.217 Y121.608 E13.70918
G1 X94.015 Y120.231 E13.74709
G1 X93.891 Y118.795 E13.78635
G1 X93.855 Y117.359 E13.82548
G1 X93.903 Y115.994 E13.86268
G1 X94.018 Y114.734 E13.89715
G1 X94.221 Y113.365 E13.93485
G1 X94.521 Y111.935 E13.97465
G1 X94.899 Y110.558 E14.01355
G1 X95.407 Y109.081 E14.05609
G1 X95.947 Y107.777 E14.09454
G1 X96.516 Y106.6 E14.13015
G1 X97.163 Y105.438 E14.16638
G1 X97.952 Y104.199 E14.20639
G1 X98.862 Y102.948 E14.24853
G1 X99.637 Y102.006 E14.28176
G1 X100.691 Y100.87 E14.32397
G1 X101.763 Y99.85 E14.36428
G1 X102.745 Y99.02 E14.3993
G1 X103.913 Y98.148 E14.43901
G1 X105.133 Y97.347 E14.47877
G1 X106.396 Y96.62 E14.51846
G1 X107.487 Y96.076 E14.55167
G1 X108.909 Y95.471 E14.59377
G1 X110.236 Y94.997 E14.63215
G1 X111.469 Y94.635 E14.66716
G1 X113.043 Y94.275 E14.71114
G1 X114.247 Y94.076 E14.74438
G1 X115.649 Y93.925 E14.78279
G1 X117.237 Y93.853 E14.82609
G1 X118.477 Y93.872 E14.85987
G1 X120.091 Y93.994 E14.90397
G1 X121.505 Y94.192 E14.94286
G1 X122.679 Y94.423 E14.97545
G1 X124.271 Y94.84 E15.02028
G1 X125.439 Y95.222 E15.05376
G1 X126.897 Y95.795 E15.09643
G1 X127.982 Y96.297 E15.12899
G1 X129.34 Y97.03 E15.17103
G1 X130.566 Y97.788 E15.21029
G1 X131.78 Y98.643 E15.25074
G1 X132.715 Y99.389 E15.28333
G1 X133.878 Y100.434 E15.32592
G1 X134.812 Y101.38 E15.36213
G1 X135.759 Y102.465 E15.40136
G1 X136.603 Y103.555 E15.43891
G1 X137.493 Y104.862 E15.48198
G1 X138.117 Y105.907 E15.51514
G1 X138.859 Y107.338 E15.55905
G1 X139.359 Y108.461 E15.59253
G1 X139.909 Y109.934 E15.63536
G1 X140.332 Y111.317 E15.67476
G1 X140.62 Y112.501 E15.70795
G1 X140.903 Y114.089 E15.75189
G1 X141.066 Y115.494 E15.79042
G1 X141.145 Y116.912 E15.82911
G1 X141.137 Y118.343 E15.86809
G1 X141.064 Y119.536 E15.90065
G1 X140.9 Y120.934 E15.93899
G1 X140.619 Y122.486 E15.98195
G1 X140.272 Y123.896 E16.02151
G1 X139.912 Y125.06 E16.0547
G1 X139.371 Y126.505 E16.09673
G1 X138.765 Y127.862 E16.13721
G1 X138.203 Y128.944 E16.17042
G1 X137.372 Y130.327 E16.21437
G1 X136.672 Y131.352 E16.24818
G1 X135.783 Y132.504 E16.28782
G1 X134.767 Y133.668 E16.32991
G1 X133.903 Y134.543 E16.3634
G1 X132.769 Y135.562 E16.40493
G1 X131.705 Y136.411 E16.44201
G1 X130.44 Y137.298 E16.4841
G1 X129.404 Y137.938 E16.51727
G1 X128.073 Y138.657 E16.55848
G1 X126.839 Y139.229 E16.59553
G1 X125.565 Y139.731 E16.63283
G1 X124.027 Y140.233 E16.6769
G1 X122.725 Y140.567 E16.71351
G1 X121.464 Y140.816 E16.74853
G0 F6000 X121.358 Y140.28
G1 F900 X119.988 Y140.467 E16.78619
G1 X118.447 Y140.583 E16.82829
G1 X117.229 Y140.601 E16.86147
G1 X115.656 Y140.528 E16.90436
G1 X114.314 Y140.382 E16.94114
G1 X113.109 Y140.183 E16.97441
G1 X111.596 Y139.835 E17.0167
G1 X110.366 Y139.472 E17.05163
G1 X109.066 Y139.006 E17.08925
G1 X107.836 Y138.481 E17.12568
G1 X106.495 Y137.811 E17.16651
G1 X105.392 Y137.173 E17.20122
G1 X104.127 Y136.337 E17.24253
G1 X103.154 Y135.607 E17.27566
G1 X102.015 Y134.64 E17.31636
G1 X101.073 Y133.738 E17.35189
G1 X100.045 Y132.63 E17.39306
G1 X99.27 Y131.687 E17.42631
G1 X98.419 Y130.519 E17.46567
G1 X97.709 Y129.411 E17.50152
G1 X96.954 Y128.055 E17.5438
G1 X96.401 Y126.899 E17.57871
G1 X95.852 Y125.556 E17.61823
G1 X95.398 Y124.219 E17.65669
G1 X95.076 Y123.046 E17.68982
G1 X94.757 Y121.528 E17.73208
G1 X94.559 Y120.184 E17.76908
G1 X94.437 Y118.781 E17.80745
G1 X94.401 Y117.378 E17.84568
G1 X94.447 Y116.044 E17.88204
G1 X94.562 Y114.784 E17.9165
G1 X94.761 Y113.445 E17.95338
G1 X95.048 Y112.08 E17.99137
G1 X95.426 Y110.703 E18.03027
G1 X95.911 Y109.29 E18.07096
G1 X96.439 Y108.015 E18.10855
G1 X97.008 Y106.838 E18.14417
G1 X97.624 Y105.731 E18.17868
G1 X98.413 Y104.492 E18.21869
G1 X99.284 Y103.295 E18.25901
G1 X100.059 Y102.353 E18.29224
G1 X101.068 Y101.265 E18.33266
G1 X102.116 Y100.267 E18.37208
G1 X103.072 Y99.458 E18.4062
G1 X104.24 Y98.586 E18.4459
G1 X105.406 Y97.82 E18.4839
G1 X106.64 Y97.109 E18.5227
G1 X107.731 Y96.565 E18.55591
G1 X109.123 Y95.973 E18.59711
G1 X110.39 Y95.521 E18.63376
G1 X111.623 Y95.159 E18.66876
G1 X113.132 Y94.814 E18.71093
G1 X114.336 Y94.615 E18.74417
G1 X115.707 Y94.468 E18.78173
G1 X117.229 Y94.399 E18.82323
G1 X118.469 Y94.418 E18.85701
G1 X120.016 Y94.535 E18.89927
G1 X121.4 Y94.728 E18.93734
G1 X122.574 Y94.959 E18.96993
G1 X124.101 Y95.359 E19.01293
G1 X125.269 Y95.741 E19.04641
G1 X126.668 Y96.291 E19.08735
G1 X127.753 Y96.793 E19.11992
G1 X129.08 Y97.51 E19.16101
G1 X130.252 Y98.235 E19.19855
G1 X131.439 Y99.07 E19.23808
G1 X132.374 Y99.816 E19.27066
G1 X133.489 Y100.818 E19.3115
G1 X134.423 Y101.764 E19.34771
G1 X135.347 Y102.824 E19.38601
G1 X136.171 Y103.889 E19.42269
G1 X137.024 Y105.142 E19.46398
G1 X137.648 Y106.187 E19.49714
G1 X138.36 Y107.56 E19.53927
G1 X138.847 Y108.652 E19.57184
G1 X139.397 Y110.125 E19.61467
G1 X139.801 Y111.446 E19.6523
G1 X140.089 Y112.63 E19.68549
G1 X140.361 Y114.152 E19.72761
G1 X140.521 Y115.525 E19.76526
G1 X140.599 Y116.909 E19.80302
G1 X140.592 Y118.31 E19.84118
G1 X140.519 Y119.503 E19.87374
G1 X140.358 Y120.87 E19.91124
G1 X140.089 Y122.356 E19.95237
G1 X139.75 Y123.735 E19.99106
G1 X139.39 Y124.899 E20.02425
G1 X138.86 Y126.313 E20.06538
G1 X138.28 Y127.61 E20.10408
G1 X137.718 Y128.692 E20.13729
G1 X136.921 Y130.019 E20.17946
G1 X136.221 Y131.044 E20.21327
G1 X135.372 Y132.145 E20.25114
G1 X134.378 Y133.284 E20.29232
G1 X133.514 Y134.159 E20.32582
G1 X132.428 Y135.135 E20.36559
G1 X131.364 Y135.984 E20.40267
G1 X130.153 Y136.833 E20.44296
G1 X129.117 Y137.473 E20.47613
G1 X127.814 Y138.176 E20.51646
G1 X126.61 Y138.733 E20.5526
G1 X125.365 Y139.223 E20.58904
G1 X123.891 Y139.704 E20.63128
G1 X122.619 Y140.031 E20.66706
G1 X121.358 Y140.28 E20.70207
G0 F6000 X121.252 Y139.744
G1 F900 X119.914 Y139.926 E20.73885
G1 X118.439 Y140.037 E20.77915
G1 X117.221 Y140.055 E20.81233
G1 X115.715 Y139.985 E20.85339
G1 X114.403 Y139.843 E20.88934
G1 X113.198 Y139.644 E20.92261
G1 X111.751 Y139.311 E20.96306
G1 X110.521 Y138.948 E20.99799
G1 X109.251 Y138.492 E21.03475
G1 X108.05 Y137.979 E21.07032
G1 X106.768 Y137.338 E21.10937
G1 X105.665 Y136.7 E21.14408
G1 X104.455 Y135.9 E21.18359
G1 X103.482 Y135.17 E21.21673
G1 X102.369 Y134.224 E21.25652
G1 X101.451 Y133.344 E21.29116
G1 X100.467 Y132.283 E21.33057
G1 X99.692 Y131.34 E21.36382
G1 X98.879 Y130.224 E21.40143
G1 X98.169 Y129.116 E21.43728
G1 X97.447 Y127.819 E21.47772
G1 X96.894 Y126.663 E21.51262
G1 X96.358 Y125.35 E21.55126
G1 X95.925 Y124.074 E21.58796
G1 X95.603 Y122.901 E21.6211
G1 X95.297 Y121.448 E21.66154
G1 X95.103 Y120.136 E21.69767
G1 X94.983 Y118.767 E21.73511
G1 X94.947 Y117.396 E21.77246
G1 X94.991 Y116.094 E21.80795
G1 X95.106 Y114.834 E21.84242
G1 X95.301 Y113.526 E21.87844
G1 X95.582 Y112.193 E21.91555
G1 X95.952 Y110.848 E21.95355
G1 X96.415 Y109.499 E21.9924
G1 X96.931 Y108.253 E22.02914
G1 X97.5 Y107.076 E22.06475
G1 X98.101 Y105.997 E22.09839
G1 X98.873 Y104.786 E22.13751
G1 X99.706 Y103.642 E22.17606
G1 X100.481 Y102.7 E22.20929
G1 X101.468 Y101.637 E22.2488
G1 X102.469 Y100.684 E22.28645
G1 X103.399 Y99.896 E22.31965
G1 X104.567 Y99.024 E22.35936
G1 X105.706 Y98.276 E22.39648
G1 X106.884 Y97.598 E22.4335
G1 X107.975 Y97.054 E22.46671
G1 X109.336 Y96.476 E22.50699
G1 X110.544 Y96.045 E22.54193
G1 X111.777 Y95.683 E22.57693
G1 X113.221 Y95.353 E22.61728
G1 X114.425 Y95.154 E22.65052
G1 X115.765 Y95.011 E22.68723
G1 X117.221 Y94.945 E22.72693
G1 X118.461 Y94.964 E22.76072
G1 X119.941 Y95.076 E22.80115
G1 X121.295 Y95.264 E22.83838
G1 X122.469 Y95.495 E22.87098
G1 X123.931 Y95.878 E22.91214
G1 X125.099 Y96.26 E22.94562
G1 X126.439 Y96.787 E22.98484
G1 X127.524 Y97.289 E23.01741
G1 X128.793 Y97.974 E23.05669
G1 X129.965 Y98.699 E23.09423
G1 X131.098 Y99.497 E23.13198
G1 X132.033 Y100.243 E23.16456
G1 X133.1 Y101.202 E23.20364
G1 X134.034 Y102.148 E23.23985
G1 X134.915 Y103.158 E23.27636
G1 X135.72 Y104.197 E23.31217
G1 X136.555 Y105.422 E23.35255
G1 X137.179 Y106.467 E23.3857
G1 X137.861 Y107.782 E23.42606
G1 X138.348 Y108.874 E23.45863
G1 X138.875 Y110.285 E23.49966
G1 X139.27 Y111.575 E23.53641
G1 X139.558 Y112.759 E23.5696
G1 X139.819 Y114.215 E23.60989
G1 X139.976 Y115.556 E23.64667
G1 X140.053 Y116.907 E23.68353
G1 X140.047 Y118.277 E23.72085
G1 X139.974 Y119.47 E23.75341
G1 X139.816 Y120.806 E23.79006
G1 X139.559 Y122.226 E23.82936
G1 X139.228 Y123.574 E23.86717
G1 X138.868 Y124.738 E23.90036
G1 X138.362 Y126.09 E23.93969
G1 X137.795 Y127.358 E23.97752
G1 X137.233 Y128.44 E24.01074
G1 X136.47 Y129.711 E24.05112
G1 X135.77 Y130.736 E24.08493
G1 X134.96 Y131.786 E24.12105
G1 X133.989 Y132.9 E24.16131
G1 X133.125 Y133.775 E24.1948
G1 X132.087 Y134.708 E24.23282
G1 X131.023 Y135.557 E24.2699
G1 X129.866 Y136.368 E24.30839
G1 X128.83 Y137.008 E24.34156
G1 X127.585 Y137.68 E24.3801
G1 X126.381 Y138.237 E24.41624
G1 X125.165 Y138.715 E24.45183
G1 X123.755 Y139.175 E24.49223
G1 X122.513 Y139.495 E24.52717
G1 X121.252 Y139.744 E24.56218
G0 F6000 X121.146 Y139.208
G1 F900 X119.841 Y139.385 E24.59805
G1 X118.431 Y139.491 E24.63657
G1 X117.213 Y139.509 E24.66975
G1 X115.773 Y139.442 E24.70902
G1 X114.492 Y139.304 E24.74412
G1 X113.287 Y139.105 E24.77738
G1 X111.905 Y138.787 E24.81601
G1 X110.706 Y138.434 E24.85006
G1 X109.436 Y137.978 E24.88682
G1 X108.265 Y137.477 E24.92151
G1 X107.041 Y136.865 E24.95879
G1 X105.938 Y136.227 E24.9935
G1 X104.783 Y135.463 E25.03122
G1 X103.81 Y134.733 E25.06436
G1 X102.747 Y133.83 E25.10235
G1 X101.851 Y132.972 E25.13614
G1 X100.889 Y131.936 E25.17466
G1 X100.114 Y130.993 E25.2079
G1 X99.339 Y129.929 E25.24376
G1 X98.629 Y128.821 E25.27961
G1 X97.94 Y127.583 E25.3182
G1 X97.387 Y126.427 E25.35311
G1 X96.875 Y125.174 E25.38998
G1 X96.452 Y123.929 E25.4258
G1 X96.13 Y122.756 E25.45893
G1 X95.837 Y121.368 E25.49758
G1 X95.647 Y120.088 E25.53283
G1 X95.529 Y118.752 E25.56936
G1 X95.493 Y117.414 E25.60582
G1 X95.535 Y116.144 E25.64043
G1 X95.65 Y114.884 E25.6749
G1 X95.841 Y113.607 E25.71007
G1 X96.116 Y112.306 E25.74629
G1 X96.469 Y111.025 E25.78249
G1 X96.92 Y109.708 E25.82041
G1 X97.423 Y108.491 E25.85628
G1 X97.992 Y107.314 E25.89189
G1 X98.578 Y106.263 E25.92467
G1 X99.315 Y105.107 E25.96202
G1 X100.128 Y103.989 E25.99967
G1 X100.903 Y103.047 E26.0329
G1 X101.845 Y102.032 E26.07062
G1 X102.822 Y101.101 E26.10738
G1 X103.752 Y100.313 E26.14059
G1 X104.867 Y99.48 E26.1785
G1 X105.979 Y98.749 E26.21475
G1 X107.128 Y98.087 E26.25087
G1 X108.219 Y97.543 E26.28408
G1 X109.52 Y96.99 E26.32259
G1 X110.698 Y96.569 E26.35666
G1 X111.931 Y96.207 E26.39167
G1 X113.31 Y95.892 E26.4302
G1 X114.514 Y95.693 E26.46344
G1 X115.823 Y95.554 E26.4993
G1 X117.213 Y95.491 E26.5372
G1 X118.453 Y95.51 E26.57098
G1 X119.866 Y95.617 E26.60958
G1 X121.19 Y95.8 E26.64599
G1 X122.364 Y96.031 E26.67859
G1 X123.761 Y96.397 E26.71792
G1 X124.929 Y96.779 E26.7514
G1 X126.21 Y97.283 E26.7889
G1 X127.295 Y97.785 E26.82146
G1 X128.533 Y98.454 E26.8598
G1 X129.651 Y99.146 E26.89561
G1 X130.757 Y99.924 E26.93245
G1 X131.692 Y100.67 E26.96503
G1 X132.711 Y101.586 E27.00235
G1 X133.645 Y102.532 E27.03857
G1 X134.483 Y103.492 E27.07328
G1 X135.288 Y104.531 E27.10908
G1 X136.086 Y105.702 E27.14768
G1 X136.71 Y106.747 E27.18084
G1 X137.362 Y108.004 E27.21941
G1 X137.849 Y109.096 E27.25198
G1 X138.353 Y110.445 E27.29121
G1 X138.739 Y111.704 E27.32708
G1 X139.027 Y112.888 E27.36027
G1 X139.277 Y114.279 E27.39877
G1 X139.431 Y115.587 E27.43464
G1 X139.507 Y116.905 E27.47061
G1 X139.502 Y118.244 E27.50708
G1 X139.429 Y119.437 E27.53964
G1 X139.274 Y120.742 E27.57544
G1 X139.029 Y122.096 E27.61292
G1 X138.706 Y123.413 E27.64986
G1 X138.346 Y124.577 E27.68305
G1 X137.863 Y125.867 E27.72057
G1 X137.31 Y127.106 E27.75753
G1 X136.748 Y128.188 E27.79074
G1 X136.019 Y129.403 E27.82934
G1 X135.319 Y130.428 E27.86315
G1 X134.528 Y131.452 E27.8984
G1 X133.6 Y132.516 E27.93685
G1 X132.736 Y133.391 E27.97035
G1 X131.746 Y134.281 E28.00661
G1 X130.682 Y135.13 E28.04369
G1 X129.579 Y135.903 E28.08038
G1 X128.543 Y136.543 E28.11355
G1 X127.356 Y137.184 E28.1503
G1 X126.152 Y137.741 E28.18644
G1 X124.965 Y138.207 E28.22117
G1 X123.618 Y138.646 E28.25977
G1 X122.407 Y138.959 E28.29384
G1 X121.146 Y139.208 E28.32885
G0 F6000 X121.04 Y138.672
G1 F900 X119.768 Y138.844 E28.36382
G1 X118.423 Y138.945 E28.40056
G1 X117.205 Y138.963 E28.43374
G1 X115.831 Y138.899 E28.47121
G1 X114.581 Y138.765 E28.50545
G1 X113.376 Y138.566 E28.53872
G1 X112.059 Y138.263 E28.57553
G1 X110.891 Y137.92 E28.60869
G1 X109.621 Y137.464 E28.64545
G1 X108.48 Y136.975 E28.67927
G1 X107.314 Y136.392 E28.71478
G1 X106.211 Y135.754 E28.74949
G1 X105.111 Y135.026 E28.78542
G1 X104.138 Y134.296 E28.81855
G1 X103.125 Y133.436 E28.85475
G1 X102.229 Y132.578 E28.88854
G1 X101.311 Y131.589 E28.9253
G1 X100.536 Y130.646 E28.95855
G1 X99.781 Y129.608 E28.99351
G1 X99.089 Y128.527 E29.02848
G1 X98.433 Y127.347 E29.06525
G1 X97.88 Y126.191 E29.10016
G1 X97.392 Y124.998 E29.13527
G1 X96.979 Y123.784 E29.1702
G1 X96.657 Y122.611 E29.20334
G1 X96.377 Y121.288 E29.24017
G1 X96.191 Y120.04 E29.27454
G1 X96.075 Y118.737 E29.31018
G1 X96.039 Y117.432 E29.34574
G1 X96.079 Y116.194 E29.37948
G1 X96.194 Y114.934 E29.41395
G1 X96.381 Y113.688 E29.44827
G1 X96.65 Y112.419 E29.4836
G1 X96.995 Y111.17 E29.5189
G1 X97.425 Y109.916 E29.55501
G1 X97.915 Y108.729 E29.58999
G1 X98.484 Y107.552 E29.6256
G1 X99.055 Y106.529 E29.65752
G1 X99.775 Y105.401 E29.69397
G1 X100.55 Y104.336 E29.72985
G1 X101.325 Y103.394 E29.76308
G1 X102.222 Y102.427 E29.79901
G1 X103.175 Y101.518 E29.83488
G1 X104.105 Y100.73 E29.86809
G1 X105.167 Y99.936 E29.90421
G1 X106.279 Y99.205 E29.94046
G1 X107.372 Y98.576 E29.97481
G1 X108.463 Y98.032 E30.00802
G1 X109.704 Y97.504 E30.04475
G1 X110.852 Y97.093 E30.07797
G1 X112.085 Y96.731 E30.11297
G1 X113.399 Y96.431 E30.14969
G1 X114.603 Y96.232 E30.18293
G1 X115.88 Y96.097 E30.21791
G1 X117.205 Y96.037 E30.25404
G1 X118.445 Y96.056 E30.28782
G1 X119.792 Y96.158 E30.32462
G1 X121.085 Y96.336 E30.36017
G1 X122.259 Y96.567 E30.39276
G1 X123.591 Y96.916 E30.43027
G1 X124.759 Y97.298 E30.46375
G1 X125.981 Y97.779 E30.49952
G1 X127.066 Y98.281 E30.53209
G1 X128.246 Y98.918 E30.56861
G1 X129.364 Y99.61 E30.60443
G1 X130.416 Y100.351 E30.63948
G1 X131.351 Y101.097 E30.67207
G1 X132.322 Y101.97 E30.70763
G1 X133.256 Y102.916 E30.74385
G1 X134.071 Y103.851 E30.77763
G1 X134.856 Y104.865 E30.81256
G1 X135.617 Y105.982 E30.84938
G1 X136.241 Y107.027 E30.88254
G1 X136.863 Y108.226 E30.91933
G1 X137.35 Y109.318 E30.9519
G1 X137.831 Y110.605 E30.98933
G1 X138.208 Y111.833 E31.02432
G1 X138.496 Y113.017 E31.05751
G1 X138.735 Y114.343 E31.09421
G1 X138.886 Y115.619 E31.12921
G1 X138.961 Y116.903 E31.16425
G1 X138.957 Y118.211 E31.19988
G1 X138.884 Y119.404 E31.23244
G1 X138.732 Y120.677 E31.26736
G1 X138.499 Y121.966 E31.30304
G1 X138.184 Y123.252 E31.33911
G1 X137.824 Y124.416 E31.3723
G1 X137.352 Y125.675 E31.40893
G1 X136.825 Y126.854 E31.4441
G1 X136.263 Y127.936 E31.47732
G1 X135.568 Y129.095 E31.51413
G1 X134.868 Y130.12 E31.54794
G1 X134.096 Y131.118 E31.58231
G1 X133.211 Y132.132 E31.61897
G1 X132.347 Y133.007 E31.65247
G1 X131.381 Y133.875 E31.68784
G1 X130.368 Y134.683 E31.72314
G1 X129.292 Y135.438 E31.75895
G1 X128.256 Y136.078 E31.79212
G1 X127.097 Y136.703 E31.82799
G1 X125.952 Y137.233 E31.86236
G1 X124.765 Y137.699 E31.89709
G1 X123.481 Y138.117 E31.93388
G1 X122.301 Y138.423 E31.96708
G1 X121.04 Y138.672 E32.0021
G1 F1500 E31.0021
G0 F6000 X120.83 Y137.6
G1 F1500 E32.0021
G1 F900 X119.622 Y137.762 E32.0353
G1 X118.407 Y137.853 E32.06849
G1 X117.189 Y137.871 E32.10167
G1 X115.947 Y137.813 E32.13554
G1 X114.759 Y137.687 E32.16808
G1 X113.554 Y137.488 E32.20135
G1 X112.367 Y137.215 E32.23453
G1 X111.199 Y136.872 E32.26769
G1 X110.051 Y136.46 E32.30091
G1 X108.91 Y135.971 E32.33473
G1 X107.86 Y135.446 E32.3667
G1 X106.785 Y134.825 E32.40052
G1 X105.767 Y134.152 E32.43376
G1 X104.794 Y133.422 E32.4669
G1 X103.881 Y132.648 E32.4995
G1 X102.985 Y131.79 E32.5333
G1 X102.155 Y130.895 E32.56655
G1 X101.38 Y129.952 E32.5998
G1 X100.665 Y128.966 E32.63297
G1 X100.009 Y127.939 E32.66617
G1 X99.417 Y126.875 E32.69934
G1 X98.89 Y125.777 E32.73251
G1 X98.426 Y124.646 E32.76581
G1 X98.033 Y123.494 E32.79897
G1 X97.711 Y122.321 E32.8321
G1 X97.457 Y121.126 E32.86538
G1 X97.279 Y119.942 E32.898
G1 X97.167 Y118.706 E32.9318
G1 X97.131 Y117.466 E32.9656
G1 X97.167 Y116.294 E32.99754
G1 X97.282 Y115.034 E33.032
G1 X97.461 Y113.851 E33.06459
G1 X97.71 Y112.679 E33.09723
G1 X98.047 Y111.462 E33.13163
G1 X98.435 Y110.332 E33.16417
G1 X98.899 Y109.203 E33.19742
G1 X99.438 Y108.084 E33.23126
G1 X100.009 Y107.061 E33.26317
G1 X100.677 Y106.016 E33.29696
G1 X101.394 Y105.03 E33.33017
G1 X102.169 Y104.088 E33.36339
G1 X102.999 Y103.194 E33.39662
G1 X103.881 Y102.352 E33.42984
G1 X104.811 Y101.564 E33.46304
G1 X105.767 Y100.848 E33.49558
G1 X106.825 Y100.151 E33.53009
G1 X107.86 Y99.554 E33.56264
G1 X108.951 Y99.01 E33.59585
G1 X110.072 Y98.532 E33.62904
G1 X111.22 Y98.121 E33.66226
G1 X112.391 Y97.779 E33.69549
G1 X113.577 Y97.509 E33.72862
G1 X114.781 Y97.31 E33.76186
G1 X115.994 Y97.183 E33.79509
G1 X117.189 Y97.129 E33.82767
G1 X118.429 Y97.148 E33.86145
G1 X119.644 Y97.24 E33.89465
G1 X120.875 Y97.408 E33.92849
G1 X122.049 Y97.639 E33.96108
G1 X123.252 Y97.954 E33.99496
G1 X124.389 Y98.325 E34.02754
G1 X125.523 Y98.771 E34.06073
G1 X126.608 Y99.273 E34.09329
G1 X127.699 Y99.862 E34.12707
G1 X128.736 Y100.504 E34.16029
G1 X129.734 Y101.205 E34.19351
G1 X130.669 Y101.951 E34.2261
G1 X131.592 Y102.782 E34.25993
G1 X132.432 Y103.634 E34.29252
G1 X133.247 Y104.569 E34.32631
G1 X133.992 Y105.533 E34.35949
G1 X134.679 Y106.542 E34.39274
G1 X135.303 Y107.587 E34.4259
G1 X135.865 Y108.67 E34.45914
G1 X136.352 Y109.762 E34.49171
G1 X136.787 Y110.926 E34.52555
G1 X137.146 Y112.091 E34.55876
G1 X137.434 Y113.275 E34.59195
G1 X137.651 Y114.473 E34.62512
G1 X137.796 Y115.684 E34.65834
G1 X137.869 Y116.901 E34.69155
G1 X137.867 Y118.145 E34.72544
G1 X137.794 Y119.338 E34.758
G1 X137.648 Y120.547 E34.79117
G1 X137.425 Y121.77 E34.82503
G1 X137.14 Y122.93 E34.85757
G1 X136.78 Y124.094 E34.89076
G1 X136.343 Y125.26 E34.92468
G1 X135.855 Y126.35 E34.95721
G1 X135.293 Y127.432 E34.99043
G1 X134.666 Y128.479 E35.02367
G1 X133.966 Y129.504 E35.05748
G1 X133.233 Y130.449 E35.09006
G1 X132.433 Y131.365 E35.12319
G1 X131.593 Y132.217 E35.15578
G1 X130.651 Y133.063 E35.19027
G1 X129.714 Y133.809 E35.22289
G1 X128.718 Y134.508 E35.25604
G1 X127.682 Y135.148 E35.28921
G1 X126.608 Y135.727 E35.32245
G1 X125.523 Y136.229 E35.35501
G1 X124.366 Y136.683 E35.38887
G1 X123.207 Y137.059 E35.42206
G1 X122.027 Y137.365 E35.45526
G1 X120.83 Y137.6 E35.48849
G0 F6000 X120.935 Y138.136
G1 F900 X119.695 Y138.303 E35.52258
G1 X118.415 Y138.399 E35.55754
G1 X117.197 Y138.417 E35.59072
G1 X115.889 Y138.356 E35.62639
G1 X114.67 Y138.226 E35.65979
G1 X113.465 Y138.027 E35.69306
G1 X112.213 Y137.739 E35.72805
G1 X111.045 Y137.396 E35.76121
G1 X109.836 Y136.962 E35.7962
G1 X108.695 Y136.473 E35.83002
G1 X107.587 Y135.919 E35.86376
G1 X106.512 Y135.298 E35.89758
G1 X105.439 Y134.589 E35.93261
G1 X104.466 Y133.859 E35.96575
G1 X103.503 Y133.042 E36.00015
G1 X102.607 Y132.184 E36.03394
G1 X101.733 Y131.242 E36.06894
G1 X100.958 Y130.299 E36.10219
G1 X100.223 Y129.287 E36.13626
G1 X99.549 Y128.233 E36.17034
G1 X98.925 Y127.111 E36.20531
G1 X98.385 Y125.984 E36.23936
G1 X97.909 Y124.822 E36.27356
G1 X97.506 Y123.639 E36.30761
G1 X97.184 Y122.466 E36.34074
G1 X96.917 Y121.207 E36.3758
G1 X96.735 Y119.991 E36.40929
G1 X96.621 Y118.722 E36.444
G1 X96.585 Y117.449 E36.47869
G1 X96.623 Y116.244 E36.51153
G1 X96.738 Y114.984 E36.54599
G1 X96.921 Y113.769 E36.57946
G1 X97.184 Y112.533 E36.61389
G1 X97.521 Y111.316 E36.64829
G1 X97.93 Y110.124 E36.68261
G1 X98.407 Y108.966 E36.71673
G1 X98.961 Y107.818 E36.75145
G1 X99.532 Y106.795 E36.78336
G1 X100.235 Y105.695 E36.81893
G1 X100.972 Y104.683 E36.85303
G1 X101.747 Y103.741 E36.88626
G1 X102.622 Y102.799 E36.92128
G1 X103.528 Y101.935 E36.95538
G1 X104.458 Y101.147 E36.98859
G1 X105.467 Y100.392 E37.02291
G1 X106.552 Y99.678 E37.05829
G1 X107.616 Y99.065 E37.09174
G1 X108.707 Y98.521 E37.12495
G1 X109.888 Y98.018 E37.15992
G1 X111.036 Y97.607 E37.19313
G1 X112.238 Y97.255 E37.22725
G1 X113.488 Y96.97 E37.26218
G1 X114.692 Y96.771 E37.29542
G1 X115.937 Y96.64 E37.32952
G1 X117.197 Y96.583 E37.36388
G1 X118.437 Y96.602 E37.39766
G1 X119.718 Y96.699 E37.43265
G1 X120.98 Y96.872 E37.46735
G1 X122.154 Y97.103 E37.49994
G1 X123.421 Y97.435 E37.53562
G1 X124.589 Y97.817 E37.5691
G1 X125.752 Y98.275 E37.60315
G1 X126.837 Y98.777 E37.63571
G1 X127.986 Y99.398 E37.67129
G1 X129.05 Y100.057 E37.70538
G1 X130.075 Y100.778 E37.73952
G1 X131.01 Y101.524 E37.7721
G1 X131.957 Y102.376 E37.8068
G1 X132.844 Y103.275 E37.8412
G1 X133.659 Y104.21 E37.87499
G1 X134.424 Y105.199 E37.90905
G1 X135.148 Y106.262 E37.94408
G1 X135.772 Y107.307 E37.97724
G1 X136.364 Y108.448 E38.01225
G1 X136.851 Y109.54 E38.04482
G1 X137.309 Y110.765 E38.08045
G1 X137.677 Y111.962 E38.11456
G1 X137.965 Y113.146 E38.14775
G1 X138.193 Y114.408 E38.18269
G1 X138.341 Y115.651 E38.21679
G1 X138.415 Y116.902 E38.25092
G1 X138.412 Y118.178 E38.28568
G1 X138.339 Y119.371 E38.31824
G1 X138.19 Y120.612 E38.35229
G1 X137.962 Y121.868 E38.38706
G1 X137.662 Y123.091 E38.42136
G1 X137.302 Y124.255 E38.45455
G1 X136.854 Y125.452 E38.48937
G1 X136.34 Y126.602 E38.52368
G1 X135.778 Y127.684 E38.55689
G1 X135.117 Y128.787 E38.59192
G1 X134.417 Y129.812 E38.62573
G1 X133.664 Y130.784 E38.65922
G1 X132.822 Y131.748 E38.69409
G1 X131.958 Y132.623 E38.72758
G1 X131.016 Y133.469 E38.76207
G1 X130.028 Y134.256 E38.79648
G1 X129.005 Y134.973 E38.83051
G1 X127.969 Y135.613 E38.86368
G1 X126.867 Y136.208 E38.8978
G1 X125.752 Y136.725 E38.93128
G1 X124.565 Y137.191 E38.96601
G1 X123.344 Y137.588 E39.00099
G1 X122.164 Y137.894 E39.03419
G1 X120.935 Y138.136 E39.06831
G1 F1500 E38.06831
;MESH:ranella v1.stl
G0 F6000 X113.138 Y117.5
;TYPE:WALL-INNER
G1 F1500 E39.06831
G1 F900 X113.184 Y116.823 E39.0868
G1 X113.34 Y116.163 E39.10527
G1 X113.622 Y115.505 E39.12477
G1 X113.938 Y114.975 E39.14158
G1 X114.375 Y114.453 E39.16013
G1 X114.87 Y114.014 E39.17815
G1 X115.384 Y113.682 E39.19482
G1 X116.014 Y113.387 E39.21377
G1 X116.655 Y113.216 E39.23184
G1 X117.324 Y113.136 E39.25019
G1 X118.034 Y113.166 E39.26955
G1 X118.644 Y113.283 E39.28647
G1 X119.299 Y113.512 E39.30537
G1 X119.848 Y113.817 E39.32248
G1 X120.414 Y114.24 E39.34172
G1 X120.889 Y114.735 E39.36041
G1 X121.252 Y115.267 E39.37796
G1 X121.535 Y115.822 E39.39493
G1 X121.758 Y116.5 E39.41437
G1 X121.855 Y117.174 E39.43292
G1 X121.863 Y117.812 E39.4503
G1 X121.75 Y118.507 E39.46948
G1 X121.566 Y119.09 E39.48613
G1 X121.249 Y119.743 E39.5059
G1 X120.849 Y120.302 E39.52463
G1 X120.405 Y120.768 E39.54216
G1 X119.848 Y121.179 E39.56102
G1 X119.262 Y121.495 E39.57915
G1 X118.717 Y121.691 E39.59493
G1 X118.033 Y121.834 E39.61397
G1 X117.325 Y121.865 E39.63327
G1 X116.625 Y121.776 E39.65249
G1 X116.027 Y121.61 E39.6694
G1 X115.421 Y121.335 E39.68752
G1 X114.871 Y120.989 E39.70522
G1 X114.343 Y120.509 E39.72466
G1 X113.941 Y120.02 E39.74191
G1 X113.612 Y119.478 E39.75918
G1 X113.333 Y118.802 E39.7791
G1 X113.189 Y118.154 E39.79718
G1 X113.135 Y117.545 E39.81383
G1 X113.138 Y117.5 E39.81506
G0 F6000 X113.683 Y117.5
G1 F900 X113.681 Y117.479 E39.81564
G1 X113.721 Y116.95 E39.83009
G1 X113.857 Y116.353 E39.84677
G1 X114.078 Y115.811 E39.86271
G1 X114.362 Y115.329 E39.87795
G1 X114.762 Y114.838 E39.8952
G1 X115.172 Y114.475 E39.91012
G1 X115.701 Y114.131 E39.92731
G1 X116.201 Y113.905 E39.94226
G1 X116.787 Y113.747 E39.95879
G1 X117.35 Y113.681 E39.97423
G1 X117.915 Y113.703 E39.98963
G1 X118.533 Y113.819 E40.00676
G1 X119.077 Y114.016 E40.02252
G1 X119.603 Y114.309 E40.03892
G1 X120.084 Y114.684 E40.05554
G1 X120.437 Y115.052 E40.06943
G1 X120.784 Y115.547 E40.08589
G1 X121.056 Y116.092 E40.10248
G1 X121.227 Y116.646 E40.11828
G1 X121.31 Y117.208 E40.13375
G1 X121.317 Y117.786 E40.1495
G1 X121.223 Y118.373 E40.16569
G1 X121.036 Y118.943 E40.18203
G1 X120.796 Y119.428 E40.19677
G1 X120.452 Y119.926 E40.21326
G1 X120.049 Y120.349 E40.22918
G1 X119.562 Y120.714 E40.24575
G1 X119.077 Y120.98 E40.26082
G1 X118.549 Y121.172 E40.27613
G1 X117.919 Y121.293 E40.2936
G1 X117.35 Y121.315 E40.30911
G1 X116.792 Y121.252 E40.32441
G1 X116.211 Y121.096 E40.3408
G1 X115.679 Y120.854 E40.35672
G1 X115.228 Y120.568 E40.37126
G1 X114.743 Y120.137 E40.38894
G1 X114.358 Y119.663 E40.40557
G1 X114.095 Y119.223 E40.41954
G1 X113.868 Y118.669 E40.43584
G1 X113.735 Y118.107 E40.45158
G1 X113.683 Y117.5 E40.46817
G1 F1500 E39.46817
G0 F6000 X98.87 Y117.485
G1 F1500 E40.46817
G1 F900 X98.87 Y117.5 E40.46858
G1 X98.904 Y118.623 E40.49919
G1 X99.001 Y119.714 E40.52902
G1 X99.168 Y120.835 E40.55989
G1 X99.398 Y121.905 E40.58971
G1 X99.701 Y122.997 E40.62058
G1 X100.056 Y124.037 E40.65051
G1 X100.477 Y125.069 E40.68087
G1 X100.969 Y126.091 E40.71177
G1 X101.5 Y127.046 E40.74154
G1 X102.109 Y127.994 E40.77223
G1 X102.762 Y128.897 E40.80258
G1 X103.469 Y129.757 E40.83291
G1 X104.23 Y130.578 E40.8634
G1 X105.026 Y131.34 E40.89342
G1 X105.891 Y132.071 E40.92427
G1 X106.771 Y132.731 E40.95423
G1 X107.714 Y133.353 E40.98501
G1 X108.663 Y133.901 E41.01486
G1 X109.656 Y134.397 E41.04509
G1 X110.705 Y134.849 E41.07621
G1 X111.755 Y135.225 E41.10659
G1 X112.784 Y135.526 E41.13579
G1 X113.901 Y135.78 E41.167
G1 X115.013 Y135.966 E41.19771
G1 X116.078 Y136.078 E41.22688
G1 X117.234 Y136.13 E41.2584
G1 X118.33 Y136.115 E41.28826
G1 X119.449 Y136.03 E41.31883
G1 X120.565 Y135.88 E41.3495
G1 X121.638 Y135.668 E41.3793
G1 X122.736 Y135.381 E41.41021
G1 X123.783 Y135.042 E41.44019
G1 X124.834 Y134.628 E41.47096
G1 X125.849 Y134.158 E41.50143
G1 X126.814 Y133.64 E41.53126
G1 X127.763 Y133.056 E41.56161
G1 X128.668 Y132.415 E41.59182
G1 X129.541 Y131.721 E41.6222
G1 X130.373 Y130.971 E41.65272
G1 X131.172 Y130.165 E41.68363
G1 X131.889 Y129.344 E41.71332
G1 X132.563 Y128.472 E41.74335
G1 X133.19 Y127.555 E41.77361
G1 X133.782 Y126.567 E41.80498
G1 X134.289 Y125.583 E41.83513
G1 X134.741 Y124.575 E41.86523
G1 X135.199 Y123.359 E41.90062
G1 X135.19 Y123.348 E41.90101
G1 X135.467 Y122.444 E41.92676
G1 X135.728 Y121.388 E41.95639
G1 X135.925 Y120.284 E41.98694
G1 X136.063 Y119.157 E42.01787
G1 X136.127 Y118.07 E42.04753
G1 X136.13 Y116.953 E42.07796
G1 X136.06 Y115.821 E42.10885
G1 X135.925 Y114.712 E42.13929
G1 X135.728 Y113.616 E42.16962
G1 X135.467 Y112.553 E42.19944
G1 X135.131 Y111.466 E42.23043
G1 X134.744 Y110.431 E42.26053
G1 X134.289 Y109.413 E42.2909
G1 X133.782 Y108.433 E42.32096
G1 X133.2 Y107.459 E42.35187
G1 X132.574 Y106.538 E42.3822
G1 X131.905 Y105.672 E42.41201
G1 X131.171 Y104.834 E42.44236
G1 X130.371 Y104.023 E42.47339
G1 X129.559 Y103.289 E42.5032
G1 X128.688 Y102.593 E42.53357
G1 X127.761 Y101.941 E42.56445
G1 X126.809 Y101.355 E42.5949
G1 X125.848 Y100.838 E42.62462
G1 X124.834 Y100.368 E42.65507
G1 X123.802 Y99.962 E42.68528
G1 X122.758 Y99.623 E42.71518
G1 X121.639 Y99.328 E42.7467
G1 X120.59 Y99.124 E42.77581
G1 X119.448 Y98.971 E42.8072
G1 X118.328 Y98.885 E42.83779
G1 X117.228 Y98.866 E42.86776
G1 X116.1 Y98.918 E42.89852
G1 X115.011 Y99.034 E42.92835
G1 X113.9 Y99.217 E42.95903
G1 X112.807 Y99.467 E42.98957
G1 X111.755 Y99.771 E43.0194
G1 X110.704 Y100.152 E43.04985
G1 X109.677 Y100.588 E43.08024
G1 X108.664 Y101.095 E43.1111
G1 X107.739 Y101.63 E43.14021
G1 X106.769 Y102.27 E43.17186
G1 X105.891 Y102.925 E43.2017
G1 X105.027 Y103.659 E43.23258
G1 X104.237 Y104.416 E43.26239
G1 X103.469 Y105.239 E43.29305
G1 X102.765 Y106.099 E43.32333
G1 X102.108 Y107.003 E43.35377
G1 X101.501 Y107.949 E43.38439
G1 X100.98 Y108.886 E43.41359
G1 X100.476 Y109.928 E43.44512
G1 X100.055 Y110.961 E43.47551
G1 X99.705 Y111.976 E43.50475
G1 X99.399 Y113.093 E43.5363
G1 X99.168 Y114.165 E43.56617
G1 X99.004 Y115.259 E43.59631
G1 X98.904 Y116.375 E43.62683
G1 X98.87 Y117.485 E43.65708
G0 F6000 X98.324 Y117.485
G1 F900 X98.324 Y117.5 E43.65749
G1 X98.358 Y118.655 E43.68896
G1 X98.458 Y119.779 E43.7197
G1 X98.631 Y120.933 E43.75149
G1 X98.868 Y122.036 E43.78222
G1 X99.179 Y123.158 E43.81393
G1 X99.544 Y124.229 E43.84476
G1 X99.977 Y125.291 E43.876
G1 X100.484 Y126.342 E43.90778
G1 X101.032 Y127.327 E43.93849
G1 X101.658 Y128.302 E43.97005
G1 X102.329 Y129.231 E44.00127
G1 X103.057 Y130.117 E44.0325
G1 X103.841 Y130.961 E44.06388
G1 X104.66 Y131.746 E44.09479
G1 X105.551 Y132.499 E44.12656
G1 X106.456 Y133.177 E44.15737
G1 X107.427 Y133.818 E44.18906
G1 X108.405 Y134.382 E44.21981
G1 X109.426 Y134.893 E44.25091
G1 X110.505 Y135.357 E44.28291
G1 X111.586 Y135.744 E44.31418
G1 X112.646 Y136.054 E44.34427
G1 X113.795 Y136.316 E44.37637
G1 X114.939 Y136.508 E44.40797
G1 X116.038 Y136.622 E44.43807
G1 X117.226 Y136.676 E44.47046
G1 X118.355 Y136.661 E44.50122
G1 X119.506 Y136.573 E44.53266
G1 X120.654 Y136.419 E44.56421
G1 X121.76 Y136.201 E44.59492
G1 X122.889 Y135.905 E44.62672
G1 X123.967 Y135.556 E44.65758
G1 X125.049 Y135.13 E44.68926
G1 X126.093 Y134.647 E44.72059
G1 X127.087 Y134.113 E44.75133
G1 X128.064 Y133.512 E44.78257
G1 X128.996 Y132.852 E44.81368
G1 X129.894 Y132.138 E44.84493
G1 X130.75 Y131.367 E44.87632
G1 X131.572 Y130.537 E44.90814
G1 X132.311 Y129.691 E44.93873
G1 X133.005 Y128.794 E44.96963
G1 X133.65 Y127.849 E45.00079
G1 X134.26 Y126.833 E45.03308
G1 X134.781 Y125.82 E45.06411
G1 X135.246 Y124.783 E45.09506
G1 X135.722 Y123.52 E45.13183
G1 X135.712 Y123.508 E45.13226
G1 X135.994 Y122.589 E45.15844
G1 X136.262 Y121.501 E45.18896
G1 X136.465 Y120.365 E45.2204
G1 X136.607 Y119.206 E45.25221
G1 X136.673 Y118.086 E45.28277
G1 X136.676 Y116.937 E45.31407
G1 X136.604 Y115.771 E45.34589
G1 X136.465 Y114.631 E45.37717
G1 X136.262 Y113.503 E45.40839
G1 X135.994 Y112.407 E45.43913
G1 X135.648 Y111.289 E45.47101
G1 X135.249 Y110.223 E45.50201
G1 X134.781 Y109.176 E45.53325
G1 X134.26 Y108.167 E45.56419
G1 X133.661 Y107.165 E45.59599
G1 X133.016 Y106.218 E45.6272
G1 X132.327 Y105.325 E45.65792
G1 X131.571 Y104.462 E45.68917
G1 X130.749 Y103.628 E45.72107
G1 X129.913 Y102.873 E45.75176
G1 X129.016 Y102.156 E45.78304
G1 X128.061 Y101.485 E45.81483
G1 X127.082 Y100.882 E45.84615
G1 X126.093 Y100.349 E45.87676
G1 X125.049 Y99.866 E45.90809
G1 X123.987 Y99.448 E45.93918
G1 X122.912 Y99.099 E45.96997
G1 X121.761 Y98.795 E46.0024
G1 X120.679 Y98.585 E46.03242
G1 X119.506 Y98.427 E46.06466
G1 X118.353 Y98.339 E46.09616
G1 X117.22 Y98.32 E46.12703
G1 X116.059 Y98.373 E46.15869
G1 X114.938 Y98.492 E46.18939
G1 X113.794 Y98.681 E46.22098
G1 X112.67 Y98.938 E46.25239
G1 X111.586 Y99.252 E46.28313
G1 X110.504 Y99.643 E46.31447
G1 X109.448 Y100.092 E46.34573
G1 X108.405 Y100.614 E46.3775
G1 X107.451 Y101.165 E46.40751
G1 X106.455 Y101.823 E46.44002
G1 X105.551 Y102.498 E46.47076
G1 X104.661 Y103.253 E46.50255
G1 X103.848 Y104.032 E46.53322
G1 X103.058 Y104.88 E46.56479
G1 X102.333 Y105.765 E46.59595
G1 X101.657 Y106.695 E46.62727
G1 X101.032 Y107.669 E46.6588
G1 X100.496 Y108.634 E46.68887
G1 X99.977 Y109.706 E46.72131
G1 X99.544 Y110.769 E46.75258
G1 X99.183 Y111.814 E46.78269
G1 X98.868 Y112.963 E46.81515
G1 X98.631 Y114.067 E46.8459
G1 X98.462 Y115.194 E46.87695
G1 X98.358 Y116.342 E46.90835
G1 X98.324 Y117.485 E46.9395
G0 F6000 X97.778 Y117.485
;TYPE:WALL-OUTER
G1 F900 X97.778 Y117.5 E46.9399
G1 X97.813 Y118.687 E46.97225
G1 X97.916 Y119.843 E47.00387
G1 X98.093 Y121.031 E47.03659
G1 X98.338 Y122.166 E47.06821
G1 X98.657 Y123.319 E47.1008
G1 X99.032 Y124.42 E47.13249
G1 X99.478 Y125.513 E47.16464
G1 X99.999 Y126.594 E47.19733
G1 X100.563 Y127.607 E47.22891
G1 X101.206 Y128.61 E47.26137
G1 X101.897 Y129.565 E47.29348
G1 X102.646 Y130.476 E47.3256
G1 X103.451 Y131.344 E47.35785
G1 X104.295 Y132.152 E47.38968
G1 X105.211 Y132.926 E47.42235
G1 X106.142 Y133.624 E47.45404
G1 X107.14 Y134.283 E47.48662
G1 X108.146 Y134.863 E47.51825
G1 X109.196 Y135.388 E47.55023
G1 X110.305 Y135.865 E47.58311
G1 X111.417 Y136.264 E47.6153
G1 X112.509 Y136.583 E47.64629
G1 X113.689 Y136.852 E47.67925
G1 X114.865 Y137.049 E47.71173
G1 X115.997 Y137.167 E47.74274
G1 X117.217 Y137.222 E47.776
G1 X118.379 Y137.207 E47.80766
G1 X119.563 Y137.116 E47.84001
G1 X120.743 Y136.958 E47.87244
G1 X121.882 Y136.733 E47.90406
G1 X123.043 Y136.429 E47.93675
G1 X124.151 Y136.07 E47.96848
G1 X125.264 Y135.632 E48.00106
G1 X126.337 Y135.135 E48.03327
G1 X127.359 Y134.587 E48.06486
G1 X128.365 Y133.968 E48.09704
G1 X129.324 Y133.289 E48.12905
G1 X130.247 Y132.555 E48.16117
G1 X131.127 Y131.762 E48.19344
G1 X131.972 Y130.909 E48.22615
G1 X132.733 Y130.038 E48.25765
G1 X133.447 Y129.115 E48.28944
G1 X134.11 Y128.144 E48.32147
G1 X134.737 Y127.099 E48.35466
G1 X135.273 Y126.057 E48.38658
G1 X135.751 Y124.991 E48.41841
G1 X136.245 Y123.681 E48.45654
G1 X136.234 Y123.668 E48.45701
G1 X136.52 Y122.735 E48.48359
G1 X136.796 Y121.615 E48.51501
G1 X137.005 Y120.447 E48.54733
G1 X137.151 Y119.255 E48.58005
G1 X137.219 Y118.103 E48.61148
G1 X137.222 Y116.921 E48.64368
G1 X137.148 Y115.721 E48.67643
G1 X137.005 Y114.549 E48.70859
G1 X136.796 Y113.389 E48.7407
G1 X136.52 Y112.261 E48.77233
G1 X136.165 Y111.113 E48.80506
G1 X135.755 Y110.016 E48.83696
G1 X135.273 Y108.939 E48.86911
G1 X134.737 Y107.901 E48.90093
G1 X134.121 Y106.871 E48.93362
G1 X133.458 Y105.897 E48.96572
G1 X132.749 Y104.978 E48.99733
G1 X131.971 Y104.09 E49.02949
G1 X131.127 Y103.234 E49.06224
G1 X130.267 Y102.457 E49.09381
G1 X129.344 Y101.719 E49.126
G1 X128.361 Y101.029 E49.15872
G1 X127.355 Y100.409 E49.19091
G1 X126.337 Y99.861 E49.2224
G1 X125.264 Y99.364 E49.25461
G1 X124.171 Y98.934 E49.28661
G1 X123.066 Y98.575 E49.31826
G1 X121.883 Y98.263 E49.35158
G1 X120.767 Y98.046 E49.38255
G1 X119.563 Y97.884 E49.41564
G1 X118.379 Y97.793 E49.44799
G1 X117.212 Y97.774 E49.47979
G1 X116.017 Y97.829 E49.51237
G1 X114.865 Y97.951 E49.54393
G1 X113.689 Y98.145 E49.57639
G1 X112.533 Y98.409 E49.60869
G1 X111.417 Y98.732 E49.64034
G1 X110.304 Y99.135 E49.67259
G1 X109.219 Y99.596 E49.7047
G1 X108.146 Y100.133 E49.73738
G1 X107.164 Y100.701 E49.76829
G1 X106.141 Y101.376 E49.80167
G1 X105.211 Y102.07 E49.83328
G1 X104.295 Y102.847 E49.866
G1 X103.459 Y103.648 E49.89754
G1 X102.646 Y104.52 E49.93002
G1 X101.901 Y105.431 E49.96207
G1 X101.206 Y106.387 E49.99427
G1 X100.563 Y107.389 E50.0267
G1 X100.011 Y108.382 E50.05765
G1 X99.478 Y109.484 E50.09099
G1 X99.032 Y110.577 E50.12315
G1 X98.661 Y111.653 E50.15415
G1 X98.338 Y112.833 E50.18748
G1 X98.093 Y113.969 E50.21914
G1 X97.92 Y115.129 E50.25108
G1 X97.813 Y116.309 E50.28336
G1 X97.778 Y117.485 E50.31541
G0 F6000 X97.778 Y117.5
G0 X97.783 Y117.684
G1 F1500 E49.31541
G0 F6000 X114.228 Y117.5
G1 F1500 E50.31541
G1 F900 X114.227 Y117.482 E50.3159
G1 X114.264 Y117.01 E50.32879
G1 X114.376 Y116.523 E50.34241
G1 X114.564 Y116.06 E50.35602
G1 X114.825 Y115.619 E50.36998
G1 X115.155 Y115.218 E50.38412
G1 X115.524 Y114.893 E50.39752
G1 X115.945 Y114.619 E50.4112
G1 X116.387 Y114.419 E50.42442
G1 X116.859 Y114.289 E50.43775
G1 X117.375 Y114.227 E50.45191
G1 X117.889 Y114.249 E50.46592
G1 X118.366 Y114.339 E50.47915
G1 X118.864 Y114.52 E50.49358
G1 X119.284 Y114.752 E50.50665
G1 X119.684 Y115.057 E50.52035
G1 X120.032 Y115.418 E50.53401
G1 X120.315 Y115.827 E50.54756
G1 X120.541 Y116.275 E50.56123
G1 X120.692 Y116.756 E50.57496
G1 X120.764 Y117.227 E50.58794
G1 X120.768 Y117.762 E50.60251
G1 X120.69 Y118.246 E50.61587
G1 X120.538 Y118.72 E50.62943
G1 X120.311 Y119.177 E50.64333
G1 X120.026 Y119.584 E50.65686
G1 X119.664 Y119.959 E50.67106
G1 X119.276 Y120.249 E50.68426
G1 X118.859 Y120.479 E50.69723
G1 X118.366 Y120.657 E50.71151
G1 X117.877 Y120.749 E50.72506
G1 X117.375 Y120.769 E50.73875
G1 X116.882 Y120.714 E50.75226
G1 X116.395 Y120.582 E50.766
G1 X115.931 Y120.369 E50.77991
G1 X115.537 Y120.118 E50.79264
G1 X115.161 Y119.784 E50.80634
G1 X114.813 Y119.361 E50.82126
G1 X114.578 Y118.968 E50.83373
G1 X114.38 Y118.477 E50.84815
G1 X114.269 Y117.993 E50.86168
G1 X114.228 Y117.5 E50.87515
G0 F6000 X114.227 Y117.482
G0 X114.241 Y117.301
G1 F1500 E49.87515
G0 F6000 X99.374 Y117.493
;TYPE:SKIN
G1 F1500 E50.87515
G1 F900 X99.405 Y116.393 E50.90513
G1 X99.504 Y115.329 E50.93424
G1 X99.661 Y114.265 E50.96353
G1 X99.886 Y113.221 E50.99263
G1 X100.181 Y112.133 E51.02333
G1 X100.524 Y111.145 E51.05182
G1 X100.938 Y110.124 E51.08183
G1 X101.423 Y109.126 E51.11206
G1 X101.927 Y108.216 E51.1404
G1 X102.526 Y107.278 E51.17071
G1 X103.149 Y106.424 E51.19951
G1 X103.842 Y105.58 E51.22926
G1 X104.603 Y104.764 E51.25965
G1 X105.356 Y104.039 E51.28812
G1 X106.211 Y103.314 E51.31866
G1 X107.05 Y102.688 E51.34717
G1 X107.996 Y102.061 E51.37809
G1 X108.894 Y101.541 E51.40636
G1 X109.899 Y101.041 E51.43693
G1 X110.897 Y100.619 E51.46645
G1 X111.921 Y100.244 E51.49616
G1 X112.921 Y99.957 E51.5245
G1 X113.993 Y99.713 E51.55444
G1 X115.089 Y99.531 E51.58471
G1 X116.129 Y99.421 E51.6132
G1 X117.24 Y99.37 E51.64349
G1 X118.291 Y99.389 E51.67212
G1 X119.395 Y99.472 E51.70228
G1 X120.515 Y99.622 E51.73306
G1 X121.514 Y99.815 E51.76078
G1 X122.622 Y100.11 E51.79201
G1 X123.619 Y100.434 E51.82057
G1 X124.644 Y100.836 E51.85056
G1 X125.629 Y101.293 E51.88014
G1 X126.547 Y101.789 E51.90856
G1 X127.489 Y102.369 E51.9387
G1 X128.392 Y103.003 E51.96875
G1 X129.238 Y103.677 E51.99822
G1 X130.026 Y104.394 E52.02724
G1 X130.796 Y105.171 E52.05704
G1 X131.505 Y105.982 E52.08638
G1 X132.17 Y106.841 E52.11597
G1 X132.765 Y107.719 E52.14486
G1 X133.333 Y108.67 E52.17504
G1 X133.838 Y109.639 E52.2048
G1 X134.275 Y110.62 E52.23406
G1 X134.649 Y111.617 E52.26306
G1 X134.98 Y112.697 E52.29383
G1 X135.232 Y113.721 E52.32256
G1 X135.422 Y114.777 E52.35178
G1 X135.556 Y115.857 E52.38143
G1 X135.623 Y116.977 E52.41199
G1 X135.623 Y118.043 E52.44103
G1 X135.559 Y119.099 E52.46985
G1 X135.421 Y120.215 E52.50048
G1 X135.236 Y121.271 E52.52968
G1 X134.98 Y122.299 E52.55854
G1 X134.714 Y123.176 E52.58351
G1 X134.716 Y123.205 E52.5843
G1 X134.275 Y124.371 E52.61826
G1 X133.837 Y125.353 E52.64755
G1 X133.337 Y126.327 E52.67737
G1 X132.77 Y127.272 E52.70739
G1 X132.158 Y128.167 E52.73692
G1 X131.492 Y129.03 E52.76662
G1 X130.804 Y129.821 E52.79518
G1 X130.031 Y130.598 E52.82503
G1 X129.219 Y131.327 E52.85476
G1 X128.371 Y132.005 E52.88433
G1 X127.485 Y132.631 E52.91388
G1 X126.555 Y133.203 E52.94362
G1 X125.633 Y133.699 E52.97214
G1 X124.644 Y134.16 E53.00187
G1 X123.603 Y134.566 E53.0323
G1 X122.603 Y134.893 E53.06096
G1 X121.515 Y135.177 E53.09159
G1 X120.491 Y135.378 E53.12002
G1 X119.395 Y135.524 E53.15014
G1 X118.295 Y135.611 E53.1802
G1 X117.249 Y135.622 E53.20869
G1 X116.105 Y135.571 E53.23988
G1 X115.089 Y135.465 E53.26771
G1 X113.997 Y135.283 E53.29787
G1 X112.901 Y135.035 E53.32848
G1 X111.917 Y134.748 E53.3564
G1 X110.897 Y134.381 E53.38593
G1 X109.872 Y133.94 E53.41632
G1 X108.894 Y133.451 E53.44611
G1 X107.988 Y132.927 E53.47462
G1 X107.053 Y132.308 E53.50516
G1 X106.21 Y131.682 E53.53376
G1 X105.355 Y130.957 E53.5643
G1 X104.583 Y130.216 E53.59345
G1 X103.854 Y129.432 E53.62261
G1 X103.153 Y128.577 E53.65273
G1 X102.518 Y127.702 E53.68218
G1 X101.927 Y126.775 E53.71213
G1 X101.419 Y125.866 E53.74049
G1 X100.934 Y124.853 E53.77109
G1 X100.524 Y123.852 E53.80055
G1 X100.182 Y122.843 E53.82957
G1 X99.886 Y121.774 E53.85979
G1 X99.661 Y120.731 E53.88885
G1 X99.5 Y119.643 E53.91881
G1 X99.405 Y118.599 E53.94737
G1 X99.374 Y117.5 E53.97732
G1 X99.374 Y117.493 E53.97751
G1 F1500 E52.97751
G0 F6000 X112.624 Y117.5
G1 F1500 E53.97751
G1 F900 X112.689 Y118.233 E53.99755
G1 X112.844 Y118.933 E54.01708
G1 X113.143 Y119.674 E54.03885
G1 X113.522 Y120.298 E54.05874
G1 X113.979 Y120.866 E54.0786
G1 X114.561 Y121.384 E54.09982
G1 X115.127 Y121.749 E54.11816
G1 X115.848 Y122.081 E54.13979
G1 X116.571 Y122.282 E54.16023
G1 X117.303 Y122.361 E54.18028
G1 X118.002 Y122.341 E54.19933
G1 X118.773 Y122.205 E54.22066
G1 X119.495 Y121.941 E54.2416
G1 X120.117 Y121.603 E54.26088
G1 X120.755 Y121.129 E54.28253
G1 X121.301 Y120.543 E54.30435
G1 X121.691 Y119.989 E54.32281
G1 X122.04 Y119.265 E54.3447
G1 X122.241 Y118.64 E54.36258
G1 X122.365 Y117.861 E54.38407
G1 X122.357 Y117.147 E54.40352
G1 X122.242 Y116.358 E54.42524
G1 X122.021 Y115.667 E54.445
G1 X121.691 Y115.021 E54.46476
G1 X121.284 Y114.42 E54.48454
G1 X120.741 Y113.852 E54.50594
G1 X120.126 Y113.393 E54.52684
G1 X119.497 Y113.047 E54.5464
G1 X118.782 Y112.798 E54.56702
G1 X118.105 Y112.665 E54.58582
G1 X117.299 Y112.631 E54.60779
G1 X116.611 Y112.71 E54.62666
G1 X115.854 Y112.907 E54.64796
G1 X115.194 Y113.207 E54.66771
G1 X114.542 Y113.624 E54.6888
G1 X114.029 Y114.084 E54.70757
G1 X113.516 Y114.692 E54.72923
G1 X113.135 Y115.341 E54.74973
G1 X112.858 Y116.008 E54.76941
G1 X112.681 Y116.752 E54.79024
G1 X112.623 Y117.492 E54.81046
G1 X112.624 Y117.5 E54.81068
G1 F1500 E53.81068
G0 F6000 X102.576 Y127.285
G1 F1500 E54.81068
G1 F900 X107.699 Y132.409 E55.00805
G1 X107.773 Y132.483
G1 F1500 E54.00805
G0 F6000 X109.523 Y133.46
G1 F1500 E55.00805
G1 F900 X101.531 Y125.468 E55.31593
G1 X101.457 Y125.394
G1 F1500 E54.31593
G0 F6000 X100.911 Y124.076
G1 F1500 E55.31593
G1 F900 X110.935 Y134.1 E55.70209
G1 X111.009 Y134.174
G1 F1500 E54.70209
G0 F6000 X112.134 Y134.527
G1 F1500 E55.70209
G1 F900 X100.479 Y122.872 E56.15108
G1 X100.405 Y122.798
G1 F1500 E55.15108
G0 F6000 X100.174 Y121.795
G1 F1500 E56.15108
G1 F900 X113.203 Y134.823 E56.65298
G1 F1500 E55.65298
G0 F6000 X114.189 Y135.038
G1 F1500 E56.65298
G1 F900 X99.956 Y120.804 E57.2013
G0 F6000 X99.812 Y119.888
G1 F900 X115.116 Y135.192 E57.79086
G0 F6000 X115.98 Y135.284
G1 F900 X99.717 Y119.021 E58.41736
G0 F6000 X99.667 Y118.199
G1 F900 X116.796 Y135.328 E59.07723
G0 F6000 X117.585 Y135.345
G1 F900 X99.649 Y117.409 E59.76818
G0 F6000 X99.67 Y116.658
G1 F900 X118.345 Y135.332 E60.48758
G0 F6000 X119.061 Y135.276
G1 F900 X99.721 Y115.937 E61.2326
G0 F6000 X99.793 Y115.236
G1 F900 X119.756 Y135.2 E62.00166
G0 F6000 X120.439 Y135.11
G1 F900 X99.892 Y114.563 E62.7932
G0 F6000 X100.015 Y113.914
G1 F900 X121.084 Y134.983 E63.60484
G0 F6000 X121.716 Y134.842
G1 F900 X100.152 Y113.279 E64.43554
G0 F6000 X100.317 Y112.672
G1 F900 X122.327 Y134.682 E65.28344
G0 F6000 X122.919 Y134.502
G1 F900 X100.49 Y112.073 E66.14747
G0 F6000 X100.689 Y111.499
G1 F900 X123.501 Y134.311 E67.02627
G0 F6000 X124.058 Y134.096
G1 F900 X100.901 Y110.939 E67.91835
G0 F6000 X101.125 Y110.391
G1 F900 X124.609 Y133.875 E68.82303
G0 F6000 X125.136 Y133.63
G1 F900 X101.369 Y109.862 E69.73863
G0 F6000 X101.62 Y109.342
G1 F900 X125.656 Y133.377 E70.66456
G0 F6000 X126.157 Y133.106
G1 F900 X115.079 Y122.028 E71.09132
G1 X115.005 Y121.954
G1 F1500 E70.09132
G0 F6000 X116.316 Y122.493
G1 F1500 E71.09132
G1 F900 X126.648 Y132.825 E71.48934
G0 F6000 X127.126 Y132.532
G1 F900 X117.222 Y122.627 E71.87089
G0 F6000 X117.979 Y122.612
G1 F900 X127.59 Y132.223 E72.24114
G0 F6000 X128.042 Y131.903
G1 F900 X118.644 Y122.505 E72.60318
G0 F6000 X119.237 Y122.326
G1 F900 X128.48 Y131.569 E72.95925
G0 F6000 X128.909 Y131.226
G1 F900 X119.779 Y122.095 E73.31099
G0 F6000 X120.279 Y121.823
G1 F900 X129.323 Y130.867 E73.65939
G0 F6000 X129.729 Y130.502
G1 F900 X120.723 Y121.495 E74.00635
G0 F6000 X121.125 Y121.125
G1 F900 X130.121 Y130.121 E74.35291
G0 F6000 X130.506 Y129.734
G1 F900 X121.499 Y120.727 E74.69989
G0 F6000 X121.82 Y120.275
G1 F900 X130.872 Y129.328 E75.04862
G0 F6000 X131.231 Y128.915
G1 F900 X122.094 Y119.778 E75.40061
G0 F6000 X122.333 Y119.244
G1 F900 X131.571 Y128.482 E75.75648
G0 F6000 X131.907 Y128.046
G1 F900 X122.516 Y118.655 E76.11825
G0 F6000 X122.621 Y117.988
G1 F900 X132.223 Y127.59 E76.48816
G0 F6000 X132.537 Y127.131
G1 F900 X122.629 Y117.224 E76.86982
G0 F6000 X122.513 Y116.336
G1 F900 X132.826 Y126.648 E77.2671
G0 F6000 X133.114 Y126.164
G1 F900 X122.023 Y115.073 E77.69436
G1 X121.949 Y114.999
G1 F1500 E76.69436
G0 F6000 X119.916 Y112.967
G1 F1500 E77.69436
G1 F900 X108.839 Y101.89 E78.12108
G0 F6000 X108.35 Y102.173
G1 F900 X118.679 Y112.502 E78.51899
G0 F6000 X117.783 Y112.378
G1 F900 X107.875 Y102.47 E78.90067
G0 F6000 X107.41 Y102.777
G1 F900 X117.022 Y112.389 E79.27096
G0 F6000 X116.355 Y112.494
G1 F900 X106.958 Y103.098 E79.63294
G0 F6000 X106.516 Y103.428
G1 F900 X115.745 Y112.656 E79.98845
G0 F6000 X115.215 Y112.898
G1 F900 X106.091 Y103.774 E80.33994
G0 F6000 X105.674 Y104.129
G1 F900 X114.727 Y113.182 E80.68869
G0 F6000 X114.272 Y113.5
G1 F900 X105.272 Y104.5 E81.0354
G0 F6000 X104.879 Y104.879
G1 F900 X113.865 Y113.865 E81.38157
G0 F6000 X113.508 Y114.28
G1 F900 X104.501 Y105.273 E81.72855
G0 F6000 X104.128 Y105.672
G1 F900 X113.182 Y114.726 E82.07734
G0 F6000 X112.896 Y115.212
G1 F900 X103.774 Y106.091 E82.42873
G0 F6000 X103.426 Y106.515
G1 F900 X112.668 Y115.757 E82.78476
G0 F6000 X112.496 Y116.357
G1 F900 X103.097 Y106.958 E83.14684
G0 F6000 X102.772 Y107.405
G1 F900 X112.387 Y117.02 E83.51724
G0 F6000 X112.376 Y117.781
G1 F900 X102.47 Y107.875 E83.89885
G0 F6000 X102.168 Y108.346
G1 F900 X112.511 Y118.689 E84.2973
G1 X112.585 Y118.763
G1 F1500 E83.2973
G0 F6000 X112.979 Y119.929
G1 F1500 E84.2973
G1 F900 X101.892 Y108.841 E84.72443
G1 X101.818 Y108.767
G1 F1500 E83.72443
G0 F6000 X99.764 Y106.901
G0 X101.157 Y104.86
G0 X102.784 Y102.997
G0 X104.621 Y101.343
G0 X106.274 Y100.18
G0 X107.713 Y99.302
G0 X109.344 Y101.623
G1 F1500 E84.72443
G1 F900 X133.376 Y125.654 E85.6502
G0 F6000 X133.634 Y125.14
G1 F900 X109.86 Y101.366 E86.56605
G0 F6000 X110.394 Y101.128
G1 F900 X133.872 Y124.606 E87.4705
G0 F6000 X134.1 Y124.062
G1 F900 X110.937 Y100.899 E88.36281
G0 F6000 X111.5 Y100.69
G1 F900 X134.312 Y123.502 E89.2416
G0 F6000 X134.506 Y122.923
G1 F900 X112.069 Y100.486 E90.10595
G0 F6000 X112.668 Y100.314
G1 F900 X134.685 Y122.331 E90.95412
G0 F6000 X134.844 Y121.717
G1 F900 X113.282 Y100.155 E91.78475
G0 F6000 X113.911 Y100.012
G1 F900 X134.991 Y121.092 E92.59682
G0 F6000 X135.106 Y120.435
G1 F900 X114.566 Y99.895 E93.38809
G0 F6000 X115.234 Y99.79
G1 F900 X135.203 Y119.76 E94.15738
G0 F6000 X135.287 Y119.072
G1 F900 X115.932 Y99.716 E94.90302
G0 F6000 X116.658 Y99.67
G1 F900 X135.332 Y118.344 E95.6224
G0 F6000 X135.35 Y117.59
G1 F900 X117.406 Y99.646 E96.31366
G0 F6000 X118.193 Y99.661
G1 F900 X135.34 Y116.808 E96.97422
G0 F6000 X135.29 Y115.986
G1 F900 X119.022 Y99.718 E97.60092
G0 F6000 X119.89 Y99.814
G1 F900 X135.188 Y115.112 E98.19025
G0 F6000 X135.039 Y114.191
G1 F900 X120.804 Y99.956 E98.73863
G1 F1500 E97.73863
G0 F6000 X121.792 Y100.172
G1 F1500 E98.73863
G1 F900 X134.824 Y113.204 E99.24066
G1 X134.898 Y113.278
G1 F1500 E98.24066
G0 F6000 X134.52 Y112.127
M104 S200
G1 F1500 E99.24066
G1 F900 X122.87 Y100.478 E99.68944
G1 X122.796 Y100.404
G1 F1500 E98.68944
G0 F6000 X124.068 Y100.903
G1 F1500 E99.68944
G1 F900 X134.102 Y110.937 E100.07598
G1 X134.176 Y111.011
G1 F1500 E99.07598
G0 F6000 X133.48 Y109.543
G1 F1500 E100.07598
G1 F900 X125.446 Y101.509 E100.38547
G1 X125.372 Y101.435
G1 F1500 E99.38547
G0 F6000 X127.254 Y102.545
G1 F1500 E100.38547
G1 F900 X132.452 Y107.743 E100.58572
G1 X132.526 Y107.817
G1 F1500 E99.58572
;MESH:NONMESH
G0 F600 X132.526 Y107.817 Z0.22
G0 F6000 X134.831 Y106.246
G0 X133.466 Y104.376
G0 X131.785 Y102.564
G0 X129.899 Y100.965
G0 X127.837 Y99.604
G0 X125.626 Y98.498
G0 X123.323 Y97.671
G0 X120.913 Y97.118
G0 X118.431 Y96.856
G0 X115.961 Y96.893
G0 X113.511 Y97.224
G0 X111.119 Y97.846
G0 X108.818 Y98.75
G0 X106.662 Y99.908
G0 X104.621 Y101.343
G0 X102.784 Y102.997
G0 X101.157 Y104.86
G0 X99.764 Y106.901
G0 X98.627 Y109.095
G0 X97.765 Y111.387
G0 X97.172 Y113.81
G0 X96.933 Y115.798
G0 X96.84 Y117.448
G0 X98.555 Y117.5
;TIME_ELAPSED:263.972480
;LAYER:1
M106 S51
M204 S1000
;TYPE:WALL-INNER
;MESH:ranella v1.stl
G1 F1500 E100.58572
G1 F1800 X98.555 Y117.507 E100.58584
G1 X98.589 Y118.641 E100.60565
G1 X98.688 Y119.751 E100.62511
G1 X98.858 Y120.891 E100.64524
G1 X99.092 Y121.981 E100.6647
G1 X99.4 Y123.09 E100.6848
G1 X99.761 Y124.148 E100.70432
G1 X100.188 Y125.197 E100.7241
G1 X100.689 Y126.236 E100.74424
G1 X101.23 Y127.208 E100.76366
G1 X101.848 Y128.172 E100.78366
G1 X102.512 Y129.09 E100.80344
G1 X103.232 Y129.965 E100.82323
G1 X104.005 Y130.799 E100.84309
G1 X104.815 Y131.575 E100.86267
G1 X105.695 Y132.318 E100.88278
G1 X106.589 Y132.989 E100.9023
G1 X107.549 Y133.622 E100.92238
G1 X108.515 Y134.179 E100.94185
G1 X109.543 Y134.695 E100.96194
G1 X110.588 Y135.142 E100.98178
G1 X111.656 Y135.524 E101.00159
G1 X112.728 Y135.834 E101.02108
G1 X113.84 Y136.089 E101.041
G1 X114.973 Y136.278 E101.06105
G1 X116.075 Y136.392 E101.0804
G1 X117.226 Y136.445 E101.10052
G1 X118.344 Y136.43 E101.12004
G1 X119.482 Y136.343 E101.13997
G1 X120.616 Y136.191 E101.15995
G1 X121.709 Y135.976 E101.1794
G1 X122.825 Y135.683 E101.19955
G1 X123.889 Y135.339 E101.21908
G1 X124.958 Y134.918 E101.23914
G1 X125.99 Y134.44 E101.259
G1 X126.971 Y133.913 E101.27844
G1 X127.937 Y133.319 E101.29824
G1 X128.876 Y132.656 E101.31831
G1 X129.763 Y131.947 E101.33814
G1 X130.59 Y131.2 E101.3576
G1 X131.402 Y130.381 E101.37774
G1 X132.139 Y129.533 E101.39736
G1 X132.833 Y128.634 E101.41719
G1 X133.467 Y127.705 E101.43683
G1 X134.058 Y126.72 E101.45689
G1 X134.573 Y125.721 E101.47651
G1 X135.032 Y124.693 E101.49617
G1 X135.437 Y123.612 E101.51633
G1 X135.771 Y122.528 E101.53614
G1 X136.04 Y121.43 E101.55588
G1 X136.237 Y120.331 E101.57537
G1 X136.377 Y119.184 E101.59555
G1 X136.446 Y118.056 E101.61528
G1 X136.446 Y116.945 E101.63468
G1 X136.374 Y115.793 E101.65484
G1 X136.237 Y114.665 E101.67468
G1 X136.036 Y113.551 E101.69445
G1 X135.771 Y112.469 E101.7139
G1 X135.429 Y111.364 E101.73409
G1 X135.036 Y110.311 E101.75372
G1 X134.573 Y109.276 E101.77352
G1 X134.058 Y108.279 E101.79311
G1 X133.466 Y107.29 E101.81324
G1 X132.829 Y106.353 E101.83303
G1 X132.148 Y105.472 E101.85247
G1 X131.402 Y104.62 E101.87224
G1 X130.589 Y103.795 E101.89247
G1 X129.763 Y103.049 E101.9119
G1 X128.877 Y102.341 E101.93171
G1 X127.934 Y101.678 E101.95184
G1 X126.967 Y101.082 E101.97167
G1 X125.989 Y100.556 E101.99106
G1 X124.959 Y100.079 E102.01088
G1 X123.886 Y99.658 E102.03101
G1 X122.821 Y99.313 E102.05056
G1 X121.714 Y99.025 E102.07053
G1 X120.616 Y98.809 E102.09007
G1 X119.482 Y98.657 E102.11005
G1 X118.342 Y98.57 E102.13001
G1 X117.224 Y98.551 E102.14954
G1 X116.076 Y98.604 E102.16961
G1 X114.969 Y98.721 E102.18904
G1 X113.839 Y98.907 E102.20904
G1 X112.728 Y99.162 E102.22894
G1 X111.657 Y99.471 E102.24841
G1 X110.589 Y99.858 E102.26824
G1 X109.545 Y100.302 E102.28805
G1 X108.514 Y100.818 E102.30819
G1 X107.55 Y101.374 E102.32762
G1 X106.589 Y102.011 E102.34775
G1 X105.695 Y102.678 E102.36723
G1 X104.816 Y103.425 E102.38737
G1 X104.012 Y104.194 E102.4068
G1 X103.232 Y105.032 E102.42679
G1 X102.516 Y105.906 E102.44652
G1 X101.848 Y106.825 E102.46635
G1 X101.23 Y107.788 E102.48633
G1 X100.689 Y108.76 E102.50576
G1 X100.188 Y109.799 E102.5259
G1 X99.761 Y110.848 E102.54568
G1 X99.4 Y111.906 E102.5652
G1 X99.093 Y113.019 E102.58536
G1 X98.858 Y114.109 E102.60483
G1 X98.688 Y115.245 E102.62489
G1 X98.589 Y116.355 E102.64434
G1 X98.555 Y117.5 E102.66435
G0 F9000 X98.135 Y117.5
G1 F1800 X98.135 Y117.507 E102.66447
G1 X98.17 Y118.666 E102.68472
G1 X98.27 Y119.801 E102.70461
G1 X98.445 Y120.967 E102.7252
G1 X98.684 Y122.081 E102.7451
G1 X98.999 Y123.214 E102.76563
G1 X99.367 Y124.295 E102.78557
G1 X99.804 Y125.368 E102.8058
G1 X100.316 Y126.429 E102.82637
G1 X100.869 Y127.424 E102.84625
G1 X101.501 Y128.409 E102.86668
G1 X102.179 Y129.346 E102.88688
G1 X102.915 Y130.241 E102.90711
G1 X103.706 Y131.093 E102.92741
G1 X104.534 Y131.887 E102.94744
G1 X105.433 Y132.646 E102.96799
G1 X106.347 Y133.332 E102.98794
G1 X107.328 Y133.979 E103.00846
G1 X108.315 Y134.549 E103.02837
G1 X109.366 Y135.076 E103.0489
G1 X110.435 Y135.533 E103.0692
G1 X111.527 Y135.924 E103.08945
G1 X112.623 Y136.241 E103.10937
G1 X113.759 Y136.501 E103.12972
G1 X114.917 Y136.695 E103.15022
G1 X116.043 Y136.811 E103.16999
G1 X117.219 Y136.865 E103.19055
G1 X118.363 Y136.85 E103.21052
G1 X119.526 Y136.761 E103.23089
G1 X120.685 Y136.606 E103.25131
G1 X121.803 Y136.385 E103.27121
G1 X122.943 Y136.087 E103.29178
G1 X124.031 Y135.734 E103.31176
G1 X125.123 Y135.304 E103.33225
G1 X126.178 Y134.816 E103.35255
G1 X127.181 Y134.277 E103.37243
G1 X128.168 Y133.669 E103.39267
G1 X129.129 Y132.992 E103.4132
G1 X130.035 Y132.267 E103.43346
G1 X130.88 Y131.504 E103.45334
G1 X131.71 Y130.667 E103.47392
G1 X132.464 Y129.8 E103.49399
G1 X133.173 Y128.881 E103.51426
G1 X133.821 Y127.932 E103.53432
G1 X134.425 Y126.925 E103.55483
G1 X134.951 Y125.903 E103.5749
G1 X135.42 Y124.852 E103.59499
G1 X135.835 Y123.748 E103.61559
G1 X136.176 Y122.64 E103.63583
G1 X136.451 Y121.517 E103.65602
G1 X136.652 Y120.394 E103.67594
G1 X136.796 Y119.222 E103.69656
G1 X136.866 Y118.069 E103.71673
G1 X136.866 Y116.932 E103.73658
G1 X136.792 Y115.754 E103.75719
G1 X136.652 Y114.602 E103.77746
G1 X136.447 Y113.463 E103.79767
G1 X136.176 Y112.357 E103.81755
G1 X135.827 Y111.228 E103.83818
G1 X135.424 Y110.152 E103.85825
G1 X134.952 Y109.094 E103.87848
G1 X134.425 Y108.075 E103.89851
G1 X133.82 Y107.064 E103.91908
G1 X133.169 Y106.107 E103.93929
G1 X132.473 Y105.205 E103.95919
G1 X131.71 Y104.334 E103.97941
G1 X130.88 Y103.492 E104.00005
G1 X130.035 Y102.729 E104.01993
G1 X129.129 Y102.005 E104.04018
G1 X128.165 Y101.327 E104.06076
G1 X127.177 Y100.718 E104.08103
G1 X126.177 Y100.18 E104.10086
G1 X125.124 Y99.692 E104.12112
G1 X124.027 Y99.262 E104.1417
G1 X122.939 Y98.91 E104.16166
G1 X121.807 Y98.615 E104.18209
G1 X120.685 Y98.394 E104.20206
G1 X119.526 Y98.239 E104.22248
G1 X118.362 Y98.15 E104.24286
G1 X117.218 Y98.131 E104.26284
G1 X116.044 Y98.185 E104.28336
G1 X114.913 Y98.305 E104.30322
G1 X113.758 Y98.495 E104.32366
G1 X112.623 Y98.755 E104.34399
G1 X111.527 Y99.072 E104.36391
G1 X110.435 Y99.467 E104.38419
G1 X109.369 Y99.921 E104.40442
G1 X108.315 Y100.448 E104.425
G1 X107.328 Y101.016 E104.44489
G1 X106.347 Y101.668 E104.46545
G1 X105.433 Y102.35 E104.48537
G1 X104.535 Y103.113 E104.50594
G1 X103.713 Y103.899 E104.5258
G1 X102.915 Y104.755 E104.54624
G1 X102.183 Y105.649 E104.56641
G1 X101.501 Y106.588 E104.58668
G1 X100.869 Y107.572 E104.6071
G1 X100.316 Y108.567 E104.62698
G1 X99.804 Y109.628 E104.64755
G1 X99.367 Y110.701 E104.66778
G1 X98.999 Y111.782 E104.68772
G1 X98.685 Y112.919 E104.70831
G1 X98.444 Y114.034 E104.72823
G1 X98.27 Y115.195 E104.74873
G1 X98.17 Y116.33 E104.76863
G1 X98.135 Y117.5 E104.78907
G1 F1500 E103.78907
G0 F9000 X98.425 Y117.5
G0 X113.453 Y117.5
G1 F1500 E104.78907
G1 F1800 X113.45 Y117.468 E104.78963
G1 X113.497 Y116.884 E104.79986
G1 X113.645 Y116.257 E104.81111
G1 X113.873 Y115.698 E104.82165
G1 X114.202 Y115.154 E104.83275
G1 X114.617 Y114.657 E104.84406
G1 X115.026 Y114.296 E104.85358
G1 X115.555 Y113.943 E104.86469
G1 X116.141 Y113.68 E104.8759
G1 X116.757 Y113.519 E104.88702
G1 X117.277 Y113.455 E104.89617
G1 X117.933 Y113.472 E104.90763
G1 X118.598 Y113.597 E104.91944
G1 X119.174 Y113.806 E104.93014
G1 X119.683 Y114.085 E104.94028
G1 X120.172 Y114.452 E104.95096
G1 X120.633 Y114.926 E104.9625
G1 X120.982 Y115.429 E104.97319
G1 X121.272 Y116.011 E104.98455
G1 X121.451 Y116.575 E104.99488
G1 X121.545 Y117.202 E105.00595
G1 X121.545 Y117.796 E105.01632
G1 X121.445 Y118.434 E105.0276
G1 X121.248 Y119.045 E105.03881
G1 X120.981 Y119.577 E105.0492
G1 X120.613 Y120.098 E105.06034
G1 X120.205 Y120.52 E105.07059
G1 X119.683 Y120.911 E105.08198
G1 X119.14 Y121.204 E105.09275
G1 X118.598 Y121.398 E105.1028
G1 X117.958 Y121.521 E105.11418
G1 X117.353 Y121.55 E105.12476
G1 X116.724 Y121.475 E105.13582
G1 X116.129 Y121.315 E105.14658
G1 X115.571 Y121.058 E105.15731
G1 X115.048 Y120.725 E105.16813
G1 X114.574 Y120.295 E105.17931
G1 X114.193 Y119.833 E105.18976
G1 X113.869 Y119.291 E105.20079
G1 X113.636 Y118.709 E105.21174
G1 X113.504 Y118.158 E105.22163
G1 X113.453 Y117.5 E105.23316
G0 F9000 X113.871 Y117.5
G1 F1800 X113.87 Y117.481 E105.23349
G1 X113.912 Y116.946 E105.24286
G1 X114.037 Y116.41 E105.25247
G1 X114.236 Y115.92 E105.2617
G1 X114.521 Y115.431 E105.27159
G1 X114.908 Y114.96 E105.28223
G1 X115.291 Y114.622 E105.29115
G1 X115.766 Y114.307 E105.3011
G1 X116.312 Y114.07 E105.3115
G1 X116.787 Y113.941 E105.32009
G1 X117.332 Y113.872 E105.32968
G1 X117.901 Y113.891 E105.33963
G1 X118.427 Y113.987 E105.34896
G1 X118.977 Y114.179 E105.35913
G1 X119.463 Y114.443 E105.36879
G1 X119.904 Y114.775 E105.37843
G1 X120.308 Y115.192 E105.38857
G1 X120.607 Y115.621 E105.3977
G1 X120.864 Y116.122 E105.40753
G1 X121.03 Y116.637 E105.41698
G1 X121.124 Y117.209 E105.4271
G1 X121.124 Y117.79 E105.43725
G1 X121.042 Y118.311 E105.44646
G1 X120.864 Y118.873 E105.45675
G1 X120.634 Y119.334 E105.46575
G1 X120.296 Y119.822 E105.47611
G1 X119.894 Y120.233 E105.48615
G1 X119.481 Y120.541 E105.49515
G1 X119.024 Y120.795 E105.50428
G1 X118.477 Y120.996 E105.51445
G1 X117.936 Y121.101 E105.52408
G1 X117.358 Y121.126 E105.53418
G1 X116.787 Y121.059 E105.54422
G1 X116.299 Y120.926 E105.55305
G1 X115.769 Y120.688 E105.56319
G1 X115.331 Y120.408 E105.57227
G1 X114.923 Y120.05 E105.58175
G1 X114.541 Y119.594 E105.59214
G1 X114.248 Y119.102 E105.60214
G1 X114.043 Y118.604 E105.61154
G1 X113.912 Y118.054 E105.62141
G1 X113.871 Y117.5 E105.63111
G0 F9000 X114.291 Y117.5
;TYPE:WALL-OUTER
G1 F1800 X114.29 Y117.483 E105.63141
G1 X114.331 Y116.992 E105.64001
G1 X114.445 Y116.516 E105.64856
G1 X114.626 Y116.076 E105.65687
G1 X114.877 Y115.654 E105.66544
G1 X115.204 Y115.258 E105.67441
G1 X115.573 Y114.936 E105.68296
G1 X115.982 Y114.672 E105.69146
G1 X116.432 Y114.473 E105.70005
G1 X116.893 Y114.348 E105.70839
G1 X117.369 Y114.29 E105.71677
G1 X117.88 Y114.311 E105.7257
G1 X118.357 Y114.402 E105.73418
G1 X118.821 Y114.569 E105.74279
G1 X119.26 Y114.812 E105.75155
G1 X119.635 Y115.098 E105.75978
G1 X119.987 Y115.463 E105.76864
G1 X120.268 Y115.873 E105.77732
G1 X120.483 Y116.299 E105.78565
G1 X120.632 Y116.779 E105.79443
G1 X120.706 Y117.254 E105.80282
G1 X120.704 Y117.766 E105.81176
G1 X120.629 Y118.234 E105.82004
G1 X120.483 Y118.697 E105.82851
G1 X120.261 Y119.141 E105.83718
G1 X119.979 Y119.546 E105.8458
G1 X119.632 Y119.905 E105.85452
G1 X119.243 Y120.195 E105.86299
G1 X118.809 Y120.432 E105.87163
G1 X118.35 Y120.596 E105.88014
G1 X117.88 Y120.685 E105.88849
G1 X117.369 Y120.706 E105.89742
G1 X116.887 Y120.651 E105.90589
G1 X116.405 Y120.518 E105.91462
G1 X115.968 Y120.318 E105.92301
G1 X115.547 Y120.045 E105.93178
G1 X115.181 Y119.714 E105.94039
G1 X114.871 Y119.332 E105.94898
G1 X114.626 Y118.92 E105.95735
G1 X114.435 Y118.449 E105.96623
G1 X114.328 Y117.992 E105.97442
G1 X114.291 Y117.5 E105.98304
G0 F9000 X114.29 Y117.483
G0 X114.305 Y117.301
G1 F1500 E104.98304
G0 F9000 X113.602 Y117.246
G0 X98.425 Y117.5
G0 X97.715 Y117.5
G1 F1500 E105.98304
G1 F1800 X97.715 Y117.507 E105.98316
G1 X97.75 Y118.691 E106.00384
G1 X97.853 Y119.851 E106.02418
G1 X98.031 Y121.042 E106.04521
G1 X98.276 Y122.181 E106.06555
G1 X98.597 Y123.338 E106.08652
G1 X98.973 Y124.442 E106.10688
G1 X99.42 Y125.538 E106.12755
G1 X99.943 Y126.623 E106.14858
G1 X100.509 Y127.64 E106.16891
G1 X101.154 Y128.645 E106.18976
G1 X101.847 Y129.603 E106.2104
G1 X102.599 Y130.517 E106.23107
G1 X103.406 Y131.388 E106.2518
G1 X104.253 Y132.199 E106.27228
G1 X105.171 Y132.975 E106.29327
G1 X106.105 Y133.676 E106.31366
G1 X107.107 Y134.337 E106.33462
G1 X108.116 Y134.919 E106.35496
G1 X109.189 Y135.457 E106.37592
G1 X110.281 Y135.924 E106.39666
G1 X111.397 Y136.324 E106.41736
G1 X112.517 Y136.648 E106.43772
G1 X113.677 Y136.913 E106.4585
G1 X114.861 Y137.111 E106.47946
G1 X116.012 Y137.23 E106.49966
G1 X117.212 Y137.285 E106.52064
G1 X118.382 Y137.27 E106.54107
G1 X119.57 Y137.179 E106.56188
G1 X120.753 Y137.02 E106.58272
G1 X121.897 Y136.795 E106.60308
G1 X123.061 Y136.49 E106.62409
G1 X124.173 Y136.13 E106.6445
G1 X125.289 Y135.69 E106.66545
G1 X126.366 Y135.192 E106.68617
G1 X127.391 Y134.641 E106.70649
G1 X128.4 Y134.02 E106.72717
G1 X129.381 Y133.328 E106.74814
G1 X130.307 Y132.587 E106.76885
G1 X131.17 Y131.808 E106.78915
G1 X132.018 Y130.953 E106.81017
G1 X132.789 Y130.066 E106.8307
G1 X133.513 Y129.128 E106.85139
G1 X134.175 Y128.158 E106.87189
G1 X134.792 Y127.129 E106.89284
G1 X135.33 Y126.085 E106.91335
G1 X135.809 Y125.012 E106.93387
G1 X136.233 Y123.884 E106.95491
G1 X136.581 Y122.752 E106.97559
G1 X136.862 Y121.604 E106.99623
G1 X137.068 Y120.456 E107.0166
G1 X137.214 Y119.26 E107.03763
G1 X137.286 Y118.081 E107.05826
G1 X137.286 Y116.919 E107.07855
G1 X137.21 Y115.716 E107.0996
G1 X137.068 Y114.54 E107.12028
G1 X136.858 Y113.376 E107.14094
G1 X136.581 Y112.245 E107.16127
G1 X136.225 Y111.092 E107.18234
G1 X135.813 Y109.992 E107.20285
G1 X135.33 Y108.912 E107.22351
G1 X134.792 Y107.871 E107.24397
G1 X134.174 Y106.838 E107.26499
G1 X133.509 Y105.86 E107.28564
G1 X132.797 Y104.938 E107.30598
G1 X132.018 Y104.048 E107.32664
G1 X131.17 Y103.188 E107.34773
G1 X130.307 Y102.409 E107.36803
G1 X129.381 Y101.669 E107.38872
G1 X128.396 Y100.976 E107.40975
G1 X127.387 Y100.354 E107.43045
G1 X126.365 Y99.804 E107.45072
G1 X125.289 Y99.306 E107.47142
G1 X124.169 Y98.866 E107.49243
G1 X123.057 Y98.506 E107.51284
G1 X121.901 Y98.205 E107.5337
G1 X120.753 Y97.98 E107.55413
G1 X119.57 Y97.821 E107.57497
G1 X118.382 Y97.73 E107.59578
G1 X117.212 Y97.711 E107.61621
G1 X116.012 Y97.766 E107.63718
G1 X114.857 Y97.889 E107.65747
G1 X113.677 Y98.083 E107.67835
G1 X112.517 Y98.348 E107.69913
G1 X111.397 Y98.672 E107.71948
G1 X110.281 Y99.076 E107.74021
G1 X109.193 Y99.539 E107.76086
G1 X108.116 Y100.078 E107.78189
G1 X107.107 Y100.659 E107.80222
G1 X106.105 Y101.324 E107.82322
G1 X105.171 Y102.021 E107.84357
G1 X104.253 Y102.801 E107.8646
G1 X103.414 Y103.604 E107.88488
G1 X102.599 Y104.479 E107.90576
G1 X101.851 Y105.393 E107.92638
G1 X101.154 Y106.351 E107.94707
G1 X100.509 Y107.356 E107.96792
G1 X99.943 Y108.373 E107.98824
G1 X99.42 Y109.458 E108.00928
G1 X98.973 Y110.554 E108.02994
G1 X98.597 Y111.658 E108.05031
G1 X98.277 Y112.819 E108.07134
G1 X98.031 Y113.958 E108.09169
G1 X97.853 Y115.145 E108.11264
G1 X97.75 Y116.305 E108.13298
G1 X97.715 Y117.5 E108.15386
G0 F9000 X97.715 Y117.507
G0 X97.72 Y117.699
G1 F1500 E107.15386
G0 F9000 X98.43 Y117.679
G0 X113.074 Y117.5
;TYPE:SKIN
G1 F1500 E108.15386
G1 F1800 X113.121 Y118.177 E108.16571
G1 X113.273 Y118.84 E108.17758
G1 X113.522 Y119.434 E108.18883
G1 X113.871 Y120.038 E108.20101
G1 X114.331 Y120.589 E108.21354
G1 X114.816 Y121.021 E108.22488
G1 X115.363 Y121.379 E108.2363
G1 X115.976 Y121.66 E108.24807
G1 X116.651 Y121.847 E108.26031
G1 X117.321 Y121.922 E108.27208
G1 X118.004 Y121.893 E108.28401
G1 X118.654 Y121.78 E108.29554
G1 X119.314 Y121.544 E108.30777
G1 X119.883 Y121.231 E108.31911
G1 X120.411 Y120.841 E108.33058
G1 X120.899 Y120.343 E108.34275
G1 X121.301 Y119.781 E108.35482
G1 X121.619 Y119.149 E108.36717
G1 X121.815 Y118.513 E108.37879
G1 X121.921 Y117.85 E108.39052
G1 X121.922 Y117.179 E108.40223
G1 X121.817 Y116.49 E108.4144
G1 X121.625 Y115.878 E108.4256
G1 X121.305 Y115.231 E108.43821
G1 X120.923 Y114.681 E108.4499
G1 X120.45 Y114.185 E108.46187
G1 X119.96 Y113.812 E108.47262
G1 X119.344 Y113.464 E108.48497
G1 X118.65 Y113.216 E108.49784
G1 X118.048 Y113.103 E108.50854
G1 X117.315 Y113.066 E108.52135
G1 X116.697 Y113.144 E108.53223
G1 X116.019 Y113.32 E108.54446
G1 X115.353 Y113.622 E108.55723
G1 X114.821 Y113.968 E108.56831
G1 X114.316 Y114.414 E108.58008
G1 X113.854 Y114.987 E108.59293
G1 X113.534 Y115.529 E108.60392
G1 X113.276 Y116.148 E108.61563
G1 X113.123 Y116.808 E108.62746
G1 X113.07 Y117.443 E108.63859
G1 X113.074 Y117.5 E108.63959
G1 F1500 E107.63959
G0 F9000 X98.931 Y117.5
G1 F1500 E108.63959
G1 F1800 X98.966 Y116.369 E108.65934
G1 X99.061 Y115.297 E108.67814
G1 X99.227 Y114.186 E108.69775
G1 X99.457 Y113.119 E108.71681
G1 X99.765 Y112.006 E108.73698
G1 X100.109 Y110.986 E108.75577
G1 X100.528 Y109.962 E108.77509
G1 X101.031 Y108.925 E108.79522
G1 X101.549 Y107.988 E108.81391
G1 X102.162 Y107.031 E108.83376
G1 X102.863 Y106.077 E108.85443
G1 X103.507 Y105.287 E108.87223
G1 X104.286 Y104.452 E108.89217
G1 X105.061 Y103.713 E108.91087
G1 X105.94 Y102.969 E108.93098
G1 X106.814 Y102.312 E108.95007
G1 X107.739 Y101.699 E108.96944
G1 X108.684 Y101.154 E108.98849
G1 X109.713 Y100.639 E109.00859
G1 X110.737 Y100.204 E109.02801
G1 X111.781 Y99.824 E109.04741
G1 X112.813 Y99.528 E109.06616
G1 X113.909 Y99.279 E109.08579
G1 X115.029 Y99.093 E109.10561
G1 X116.096 Y98.982 E109.12434
G1 X117.232 Y98.927 E109.1442
G1 X118.313 Y98.946 E109.16308
G1 X119.441 Y99.033 E109.18284
G1 X120.561 Y99.184 E109.20257
G1 X121.617 Y99.389 E109.22135
G1 X122.721 Y99.678 E109.24128
G1 X123.749 Y100.01 E109.26014
G1 X124.817 Y100.43 E109.28018
G1 X125.83 Y100.896 E109.29965
G1 X126.766 Y101.402 E109.31823
G1 X127.724 Y101.992 E109.33788
G1 X128.653 Y102.644 E109.3577
G1 X129.523 Y103.344 E109.3772
G1 X130.33 Y104.072 E109.39617
G1 X131.118 Y104.868 E109.41573
G1 X131.845 Y105.702 E109.43505
G1 X132.525 Y106.584 E109.4545
G1 X133.138 Y107.486 E109.47354
G1 X133.72 Y108.455 E109.49328
G1 X134.234 Y109.448 E109.5128
G1 X134.681 Y110.452 E109.53199
G1 X135.065 Y111.477 E109.55111
G1 X135.409 Y112.581 E109.5713
G1 X135.662 Y113.616 E109.5899
G1 X135.86 Y114.712 E109.60935
G1 X135.994 Y115.816 E109.62877
G1 X136.066 Y116.967 E109.64891
G1 X136.066 Y118.033 E109.66752
G1 X135.998 Y119.136 E109.68682
G1 X135.86 Y120.28 E109.70694
G1 X135.67 Y121.34 E109.72574
G1 X135.405 Y122.416 E109.74509
G1 X135.143 Y123.283 E109.76091
G1 X135.153 Y123.296 E109.7612
G1 X134.681 Y124.54 E109.78443
G1 X134.234 Y125.545 E109.80363
G1 X133.72 Y126.541 E109.82321
G1 X133.15 Y127.49 E109.84254
G1 X132.529 Y128.404 E109.86183
G1 X131.841 Y129.298 E109.88153
G1 X131.114 Y130.132 E109.90085
G1 X130.334 Y130.92 E109.92021
G1 X129.524 Y131.651 E109.93926
G1 X128.649 Y132.347 E109.95878
G1 X127.72 Y133.004 E109.97865
G1 X126.775 Y133.586 E109.99803
G1 X125.83 Y134.096 E110.01678
G1 X124.817 Y134.562 E110.03625
G1 X123.749 Y134.986 E110.05632
G1 X122.725 Y135.314 E110.07509
G1 X121.613 Y135.607 E110.09517
G1 X120.561 Y135.812 E110.11389
G1 X119.441 Y135.963 E110.13362
G1 X118.314 Y136.05 E110.15336
G1 X117.236 Y136.065 E110.17219
G1 X116.092 Y136.01 E110.19219
G1 X115.032 Y135.903 E110.21079
G1 X113.913 Y135.717 E110.2306
G1 X112.813 Y135.464 E110.25031
G1 X111.781 Y135.164 E110.26907
G1 X110.733 Y134.792 E110.28849
G1 X109.697 Y134.349 E110.30817
G1 X108.692 Y133.843 E110.32781
G1 X107.755 Y133.305 E110.34668
G1 X106.798 Y132.672 E110.36671
G1 X105.923 Y132.015 E110.38582
G1 X105.069 Y131.295 E110.40533
G1 X104.27 Y130.528 E110.42467
G1 X103.515 Y129.713 E110.44407
G1 X102.811 Y128.855 E110.46345
G1 X102.154 Y127.949 E110.48299
G1 X101.549 Y127.004 E110.50258
G1 X101.031 Y126.067 E110.52128
G1 X100.528 Y125.03 E110.5414
G1 X100.109 Y124.006 E110.56072
G1 X99.757 Y122.966 E110.57989
G1 X99.457 Y121.877 E110.59962
G1 X99.227 Y120.81 E110.61868
G1 X99.061 Y119.695 E110.63836
G1 X98.966 Y118.627 E110.65708
G1 X98.931 Y117.515 E110.67651
G1 X98.931 Y117.5 E110.67677
G1 F1500 E109.67677
G0 F9000 X103.843 Y105.234
G1 F1500 E110.67677
G1 F1800 X105.247 Y103.83 E110.71144
G1 X105.321 Y103.756
G0 F9000 X107.682 Y101.989
G1 F1800 X102.006 Y107.665 E110.85161
G1 X101.932 Y107.739
G0 F9000 X101.194 Y109.071
G1 F1800 X109.069 Y101.196 E111.04608
G1 X109.143 Y101.122
G0 F9000 X110.198 Y100.661
G1 F1800 X100.657 Y110.203 E111.2817
G1 X100.583 Y110.277
G0 F9000 X100.262 Y111.191
G1 F1800 X111.192 Y100.261 E111.55161
G1 X111.266 Y100.187
G0 F9000 X112.095 Y99.952
G1 F1800 X99.962 Y112.085 E111.85122
G1 X99.888 Y112.159
G0 F9000 X99.735 Y112.907
G1 F1800 X112.924 Y99.718 E112.17692
G0 F9000 X113.692 Y99.543
G1 F1800 X99.551 Y113.684 E112.52612
G0 F9000 X99.404 Y114.425
G1 F1800 X114.423 Y99.406 E112.89701
G0 F9000 X115.13 Y99.293
G1 F1800 X99.3 Y115.123 E113.28792
G0 F9000 X99.229 Y115.788
G1 F1800 X115.793 Y99.224 E113.69696
G0 F9000 X116.436 Y99.175
G1 F1800 X99.175 Y116.436 E114.12321
G0 F9000 X99.156 Y117.049
G1 F1800 X117.059 Y99.146 E114.56531
G0 F9000 X117.655 Y99.144
G1 F1800 X99.146 Y117.653 E115.02238
G0 F9000 X99.164 Y118.229
G1 F1800 X118.238 Y99.155 E115.4934
G0 F9000 X118.793 Y99.194
G1 F1800 X99.192 Y118.795 E115.97743
G0 F9000 X99.241 Y119.34
G1 F1800 X119.345 Y99.236 E116.47389
G0 F9000 X119.872 Y99.303
G1 F1800 X99.301 Y119.874 E116.98188
G0 F9000 X99.378 Y120.391
G1 F1800 X120.396 Y99.373 E117.50091
G0 F9000 X120.899 Y99.464
G1 F1800 X99.462 Y120.9 E118.03027
G0 F9000 X99.567 Y121.39
G1 F1800 X121.396 Y99.561 E118.56932
G0 F9000 X121.877 Y99.674
G1 F1800 X99.675 Y121.876 E119.11759
G0 F9000 X99.803 Y122.341
G1 F1800 X122.348 Y99.797 E119.67431
G0 F9000 X122.811 Y99.928
G1 F1800 X99.932 Y122.807 E120.23929
G0 F9000 X100.078 Y123.255
G1 F1800 X123.26 Y100.073 E120.81176
G0 F9000 X123.708 Y100.219
G1 F1800 X100.227 Y123.699 E121.39159
G0 F9000 X100.388 Y124.133
G1 F1800 X124.134 Y100.387 E121.97799
G0 F9000 X124.56 Y100.554
G1 F1800 X100.561 Y124.553 E122.57063
G0 F9000 X100.735 Y124.973
G1 F1800 X124.975 Y100.733 E123.16922
G0 F9000 X125.382 Y100.92
G1 F1800 X100.929 Y125.374 E123.77308
G0 F9000 X101.123 Y125.774
G1 F1800 X125.787 Y101.11 E124.38215
G0 F9000 X126.172 Y101.319
G1 F1800 X101.326 Y126.165 E124.9957
G0 F9000 X101.538 Y126.547
G1 F1800 X126.557 Y101.528 E125.61353
G0 F9000 X126.928 Y101.75
G1 F1800 X115.22 Y113.458 E125.90265
G1 X115.146 Y113.532
G0 F9000 X116.219 Y113.054
G1 F1800 X127.296 Y101.976 E126.17621
G0 F9000 X127.662 Y102.204
G1 F1800 X116.967 Y112.899 E126.44031
G0 F9000 X117.589 Y112.871
G1 F1800 X128.011 Y102.449 E126.69768
G0 F9000 X128.36 Y102.695
G1 F1800 X118.146 Y112.909 E126.94991
G0 F9000 X118.645 Y113.003
G1 F1800 X128.698 Y102.95 E127.19816
G0 F9000 X129.028 Y103.214
G1 F1800 X119.092 Y113.151 E127.44353
G0 F9000 X119.513 Y113.323
G1 F1800 X129.357 Y103.479 E127.68663
G0 F9000 X129.671 Y103.759
G1 F1800 X119.894 Y113.536 E127.92806
G0 F9000 X120.253 Y113.771
G1 F1800 X129.983 Y104.041 E128.16834
G0 F9000 X130.289 Y104.329
G1 F1800 X120.589 Y114.029 E128.40787
G0 F9000 X120.88 Y114.332
G1 F1800 X130.584 Y104.628 E128.64751
G0 F9000 X130.88 Y104.926
G1 F1800 X121.156 Y114.65 E128.88764
G0 F9000 X121.4 Y115
G1 F1800 X131.162 Y105.238 E129.1287
G0 F9000 X131.438 Y105.555
G1 F1800 X121.614 Y115.38 E129.37131
G0 F9000 X121.811 Y115.777
G1 F1800 X131.713 Y105.875 E129.61584
G0 F9000 X131.972 Y106.21
G1 F1800 X121.954 Y116.228 E129.86323
G0 F9000 X122.063 Y116.713
G1 F1800 X132.23 Y106.545 E130.11431
G0 F9000 X132.479 Y106.891
G1 F1800 X122.131 Y117.238 E130.36983
G0 F9000 X122.131 Y117.833
G1 F1800 X132.72 Y107.244 E130.63132
G0 F9000 X132.96 Y107.598
G1 F1800 X122.025 Y118.533 E130.90135
G1 X121.951 Y118.607
G0 F9000 X121.702 Y119.45
G1 F1800 X133.183 Y107.969 E131.18487
G0 F9000 X133.406 Y108.339
G1 F1800 X108.344 Y133.401 E131.80376
G0 F9000 X107.967 Y133.185
G1 F1800 X119.435 Y121.717 E132.08696
G1 X119.509 Y121.643
G0 F9000 X118.547 Y122.011
G1 F1800 X107.604 Y132.954 E132.35719
G0 F9000 X107.247 Y132.717
G1 F1800 X117.856 Y122.108 E132.61917
G0 F9000 X117.245 Y122.124
G1 F1800 X106.891 Y132.479 E132.87487
G0 F9000 X106.552 Y132.224
G1 F1800 X116.712 Y122.064 E133.12576
G0 F9000 X116.233 Y121.949
G1 F1800 X106.212 Y131.969 E133.37321
G0 F9000 X105.881 Y131.706
G1 F1800 X115.787 Y121.801 E133.61782
G0 F9000 X115.379 Y121.615
G1 F1800 X105.559 Y131.435 E133.86032
G0 F9000 X105.237 Y131.163
G1 F1800 X115.005 Y121.395 E134.10154
G0 F9000 X114.652 Y121.154
G1 F1800 X104.933 Y130.873 E134.34154
G0 F9000 X104.629 Y130.583
G1 F1800 X114.338 Y120.874 E134.5813
G0 F9000 X114.044 Y120.574
G1 F1800 X104.332 Y130.286 E134.82113
G0 F9000 X104.047 Y129.978
G1 F1800 X113.773 Y120.251 E135.06132
G0 F9000 X113.543 Y119.887
G1 F1800 X103.762 Y129.669 E135.30287
G0 F9000 X103.488 Y129.348
G1 F1800 X113.328 Y119.508 E135.54586
G0 F9000 X113.153 Y119.089
G1 F1800 X103.22 Y129.022 E135.79115
G0 F9000 X102.954 Y128.694
G1 F1800 X113.011 Y118.638 E136.03949
G0 F9000 X112.909 Y118.145
G1 F1800 X102.704 Y128.35 E136.2915
G0 F9000 X102.455 Y128.005
G1 F1800 X112.869 Y117.591 E136.54866
G0 F9000 X112.898 Y116.968
G1 F1800 X102.214 Y127.652 E136.8125
G0 F9000 X101.982 Y127.29
G1 F1800 X113.042 Y116.23 E137.08562
G1 X113.116 Y116.156
G0 F9000 X113.496 Y115.182
G1 F1800 X101.751 Y126.928 E137.37567
G1 X101.677 Y127.002
G1 F1500 E136.37567
G0 F9000 X108.721 Y133.618
G1 F1500 E137.37567
G1 F1800 X133.621 Y108.719 E137.99055
G0 F9000 X133.823 Y109.111
G1 F1800 X109.113 Y133.821 E138.60074
G0 F9000 X109.508 Y134.019
G1 F1800 X134.025 Y109.503 E139.20616
G0 F9000 X134.21 Y109.911
G1 F1800 X109.91 Y134.212 E139.80625
G0 F9000 X110.326 Y134.39
G1 F1800 X134.393 Y110.322 E140.40058
G0 F9000 X134.566 Y110.744
G1 F1800 X110.741 Y134.568 E140.98891
G0 F9000 X111.176 Y134.727
G1 F1800 X134.727 Y111.176 E141.57049
G0 F9000 X134.886 Y111.611
G1 F1800 X111.615 Y134.883 E142.14517
G0 F9000 X112.064 Y135.028
G1 F1800 X135.027 Y112.064 E142.71224
G0 F9000 X135.168 Y112.517
G1 F1800 X112.523 Y135.162 E143.27144
G0 F9000 X112.989 Y135.29
G1 F1800 X135.292 Y112.987 E143.8222
G0 F9000 X135.409 Y113.464
G1 F1800 X113.472 Y135.401 E144.36392
G0 F9000 X113.956 Y135.511
G1 F1800 X135.51 Y113.957 E144.89618
G0 F9000 X135.6 Y114.461
G1 F1800 X114.465 Y135.596 E145.4181
G0 F9000 X114.974 Y135.681
G1 F1800 X135.68 Y114.976 E145.92941
G0 F9000 X135.744 Y115.505
G1 F1800 X115.509 Y135.74 E146.4291
G0 F9000 X116.049 Y135.794
G1 F1800 X135.798 Y116.045 E146.91679
G0 F9000 X135.832 Y116.605
G1 F1800 X116.613 Y135.824 E147.39139
G0 F9000 X117.18 Y135.851
G1 F1800 X135.856 Y117.175 E147.85258
G0 F9000 X135.856 Y117.769
G1 F1800 X117.777 Y135.848 E148.29903
G0 F9000 X118.385 Y135.835
G1 F1800 X135.834 Y118.385 E148.72994
G0 F9000 X135.795 Y119.018
G1 F1800 X119.028 Y135.785 E149.14399
G0 F9000 X119.688 Y135.719
G1 F1800 X135.72 Y119.687 E149.53989
G0 F9000 X135.629 Y120.371
G1 F1800 X120.375 Y135.626 E149.91659
G0 F9000 X121.101 Y135.494
G1 F1800 X135.5 Y121.095 E150.27216
G0 F9000 X135.324 Y121.865
G1 F1800 X121.865 Y135.324 E150.60453
G0 F9000 X122.672 Y135.111
G1 F1800 X135.107 Y122.676 E150.9116
G1 X135.181 Y122.602
G0 F9000 X134.834 Y123.543
G1 F1800 X123.546 Y134.83 E151.19034
G1 X123.472 Y134.904
G0 F9000 X124.515 Y134.456
G1 F1800 X134.467 Y124.504 E151.4361
G1 X134.541 Y124.43
G0 F9000 X133.976 Y125.589
G1 F1800 X125.589 Y133.976 E151.64321
G1 X125.515 Y134.05
G0 F9000 X126.89 Y133.268
G1 F1800 X133.259 Y126.9 E151.80048
G1 X133.333 Y126.826
G0 F9000 X131.984 Y128.769
G1 F1800 X128.768 Y131.984 E151.87988
G1 X128.694 Y132.058
G1 F1500 E150.87988
;MESH:NONMESH
G0 F600 X128.694 Y132.058 Z0.32
G0 F9000 X98.555 Y117.5
;TIME_ELAPSED:371.544069
;LAYER:2
M106 S102
;TYPE:WALL-INNER
;MESH:ranella v1.stl
G1 F1500 E151.87988
G1 F1800 X98.555 Y117.507 E151.88
G1 X98.589 Y118.641 E151.89981
G1 X98.688 Y119.751 E151.91927
G1 X98.858 Y120.891 E151.9394
G1 X99.092 Y121.981 E151.95887
G1 X99.4 Y123.09 E151.97896
G1 X99.761 Y124.148 E151.99848
G1 X100.188 Y125.197 E152.01826
G1 X100.689 Y126.236 E152.0384
G1 X101.23 Y127.208 E152.05783
G1 X101.848 Y128.172 E152.07782
G1 X102.512 Y129.09 E152.0976
G1 X103.232 Y129.965 E152.11739
G1 X104.005 Y130.799 E152.13725
G1 X104.815 Y131.575 E152.15683
G1 X105.695 Y132.318 E152.17695
G1 X106.589 Y132.989 E152.19646
G1 X107.549 Y133.622 E152.21654
G1 X108.515 Y134.179 E152.23601
G1 X109.543 Y134.695 E152.2561
G1 X110.588 Y135.142 E152.27595
G1 X111.656 Y135.524 E152.29575
G1 X112.728 Y135.834 E152.31524
G1 X113.84 Y136.089 E152.33516
G1 X114.973 Y136.278 E152.35522
G1 X116.075 Y136.392 E152.37456
G1 X117.226 Y136.445 E152.39468
G1 X118.344 Y136.43 E152.4142
G1 X119.482 Y136.343 E152.43413
G1 X120.616 Y136.191 E152.45411
G1 X121.709 Y135.976 E152.47356
G1 X122.825 Y135.683 E152.49371
G1 X123.889 Y135.339 E152.51324
G1 X124.958 Y134.918 E152.5333
G1 X125.99 Y134.44 E152.55316
G1 X126.971 Y133.913 E152.5726
G1 X127.937 Y133.319 E152.59241
G1 X128.876 Y132.656 E152.61248
G1 X129.763 Y131.947 E152.63231
G1 X130.59 Y131.2 E152.65176
G1 X131.402 Y130.381 E152.6719
G1 X132.139 Y129.533 E152.69152
G1 X132.833 Y128.634 E152.71135
G1 X133.467 Y127.705 E152.73099
G1 X134.058 Y126.72 E152.75105
G1 X134.573 Y125.721 E152.77068
G1 X135.032 Y124.693 E152.79033
G1 X135.437 Y123.612 E152.81049
G1 X135.771 Y122.528 E152.8303
G1 X136.04 Y121.43 E152.85004
G1 X136.237 Y120.331 E152.86953
G1 X136.377 Y119.184 E152.88971
G1 X136.446 Y118.056 E152.90944
G1 X136.446 Y116.945 E152.92884
G1 X136.374 Y115.793 E152.949
G1 X136.237 Y114.665 E152.96884
G1 X136.036 Y113.551 E152.98861
G1 X135.771 Y112.469 E153.00806
G1 X135.429 Y111.364 E153.02826
G1 X135.036 Y110.311 E153.04788
G1 X134.573 Y109.276 E153.06768
G1 X134.058 Y108.279 E153.08728
G1 X133.466 Y107.29 E153.1074
G1 X132.829 Y106.353 E153.12719
G1 X132.148 Y105.472 E153.14663
G1 X131.402 Y104.62 E153.16641
G1 X130.589 Y103.795 E153.18663
G1 X129.763 Y103.049 E153.20607
G1 X128.877 Y102.341 E153.22587
G1 X127.934 Y101.678 E153.246
G1 X126.967 Y101.082 E153.26583
G1 X125.989 Y100.556 E153.28522
G1 X124.959 Y100.079 E153.30504
G1 X123.886 Y99.658 E153.32517
G1 X122.821 Y99.313 E153.34472
G1 X121.714 Y99.025 E153.36469
G1 X120.616 Y98.809 E153.38423
G1 X119.482 Y98.657 E153.40421
G1 X118.342 Y98.57 E153.42417
G1 X117.224 Y98.551 E153.4437
G1 X116.076 Y98.604 E153.46377
G1 X114.969 Y98.721 E153.4832
G1 X113.839 Y98.907 E153.5032
G1 X112.728 Y99.162 E153.52311
G1 X111.657 Y99.471 E153.54257
G1 X110.589 Y99.858 E153.56241
G1 X109.545 Y100.302 E153.58222
G1 X108.514 Y100.818 E153.60235
G1 X107.55 Y101.374 E153.62178
G1 X106.589 Y102.011 E153.64191
G1 X105.695 Y102.678 E153.66139
G1 X104.816 Y103.425 E153.68153
G1 X104.012 Y104.194 E153.70096
G1 X103.232 Y105.032 E153.72095
G1 X102.516 Y105.906 E153.74068
G1 X101.848 Y106.825 E153.76052
G1 X101.23 Y107.788 E153.7805
G1 X100.689 Y108.76 E153.79992
G1 X100.188 Y109.799 E153.82006
G1 X99.761 Y110.848 E153.83984
G1 X99.4 Y111.906 E153.85936
G1 X99.093 Y113.019 E153.87952
G1 X98.858 Y114.109 E153.89899
G1 X98.688 Y115.245 E153.91905
G1 X98.589 Y116.355 E153.93851
G1 X98.555 Y117.5 E153.95851
G0 F9000 X98.135 Y117.5
G1 F1800 X98.135 Y117.507 E153.95863
G1 X98.17 Y118.666 E153.97888
G1 X98.27 Y119.801 E153.99877
G1 X98.445 Y120.967 E154.01936
G1 X98.684 Y122.081 E154.03926
G1 X98.999 Y123.214 E154.05979
G1 X99.367 Y124.295 E154.07973
G1 X99.804 Y125.368 E154.09996
G1 X100.316 Y126.429 E154.12053
G1 X100.869 Y127.424 E154.14041
G1 X101.501 Y128.409 E154.16085
G1 X102.179 Y129.346 E154.18104
G1 X102.915 Y130.241 E154.20127
G1 X103.706 Y131.093 E154.22158
G1 X104.534 Y131.887 E154.24161
G1 X105.433 Y132.646 E154.26215
G1 X106.347 Y133.332 E154.28211
G1 X107.328 Y133.979 E154.30263
G1 X108.315 Y134.549 E154.32253
G1 X109.366 Y135.076 E154.34306
G1 X110.435 Y135.533 E154.36336
G1 X111.527 Y135.924 E154.38361
G1 X112.623 Y136.241 E154.40353
G1 X113.759 Y136.501 E154.42388
G1 X114.917 Y136.695 E154.44439
G1 X116.043 Y136.811 E154.46415
G1 X117.219 Y136.865 E154.48471
G1 X118.363 Y136.85 E154.50469
G1 X119.526 Y136.761 E154.52505
G1 X120.685 Y136.606 E154.54547
G1 X121.803 Y136.385 E154.56537
G1 X122.943 Y136.087 E154.58595
G1 X124.031 Y135.734 E154.60592
G1 X125.123 Y135.304 E154.62641
G1 X126.178 Y134.816 E154.64671
G1 X127.181 Y134.277 E154.66659
G1 X128.168 Y133.669 E154.68683
G1 X129.129 Y132.992 E154.70736
G1 X130.035 Y132.267 E154.72762
G1 X130.88 Y131.504 E154.7475
G1 X131.71 Y130.667 E154.76809
G1 X132.464 Y129.8 E154.78815
G1 X133.173 Y128.881 E154.80842
G1 X133.821 Y127.932 E154.82848
G1 X134.425 Y126.925 E154.84899
G1 X134.951 Y125.903 E154.86906
G1 X135.42 Y124.852 E154.88915
G1 X135.835 Y123.748 E154.90975
G1 X136.176 Y122.64 E154.92999
G1 X136.451 Y121.517 E154.95018
G1 X136.652 Y120.394 E154.9701
G1 X136.796 Y119.222 E154.99072
G1 X136.866 Y118.069 E155.01089
G1 X136.866 Y116.932 E155.03074
G1 X136.792 Y115.754 E155.05135
G1 X136.652 Y114.602 E155.07162
G1 X136.447 Y113.463 E155.09183
G1 X136.176 Y112.357 E155.11171
G1 X135.827 Y111.228 E155.13235
G1 X135.424 Y110.152 E155.15241
G1 X134.952 Y109.094 E155.17264
G1 X134.425 Y108.075 E155.19267
G1 X133.82 Y107.064 E155.21324
G1 X133.169 Y106.107 E155.23345
G1 X132.473 Y105.205 E155.25335
G1 X131.71 Y104.334 E155.27357
G1 X130.88 Y103.492 E155.29421
G1 X130.035 Y102.729 E155.31409
G1 X129.129 Y102.005 E155.33434
G1 X128.165 Y101.327 E155.35492
G1 X127.177 Y100.718 E155.37519
G1 X126.177 Y100.18 E155.39502
G1 X125.124 Y99.692 E155.41528
G1 X124.027 Y99.262 E155.43586
G1 X122.939 Y98.91 E155.45582
G1 X121.807 Y98.615 E155.47625
G1 X120.685 Y98.394 E155.49622
G1 X119.526 Y98.239 E155.51664
G1 X118.362 Y98.15 E155.53702
G1 X117.218 Y98.131 E155.557
G1 X116.044 Y98.185 E155.57752
G1 X114.913 Y98.305 E155.59738
G1 X113.758 Y98.495 E155.61782
G1 X112.623 Y98.755 E155.63815
G1 X111.527 Y99.072 E155.65808
G1 X110.435 Y99.467 E155.67835
G1 X109.369 Y99.921 E155.69859
G1 X108.315 Y100.448 E155.71916
G1 X107.328 Y101.016 E155.73905
G1 X106.347 Y101.668 E155.75962
G1 X105.433 Y102.35 E155.77953
G1 X104.535 Y103.113 E155.8001
G1 X103.713 Y103.899 E155.81996
G1 X102.915 Y104.755 E155.8404
G1 X102.183 Y105.649 E155.86057
G1 X101.501 Y106.588 E155.88084
G1 X100.869 Y107.572 E155.90126
G1 X100.316 Y108.567 E155.92114
G1 X99.804 Y109.628 E155.94171
G1 X99.367 Y110.701 E155.96194
G1 X98.999 Y111.782 E155.98188
G1 X98.685 Y112.919 E156.00248
G1 X98.444 Y114.034 E156.0224
G1 X98.27 Y115.195 E156.04289
G1 X98.17 Y116.33 E156.06279
G1 X98.135 Y117.5 E156.08323
G1 F1500 E155.08323
G0 F9000 X98.425 Y117.5
G0 X113.453 Y117.5
G1 F1500 E156.08323
G1 F1800 X113.45 Y117.468 E156.08379
G1 X113.497 Y116.884 E156.09402
G1 X113.645 Y116.257 E156.10527
G1 X113.873 Y115.698 E156.11581
G1 X114.202 Y115.154 E156.12691
G1 X114.617 Y114.657 E156.13822
G1 X115.026 Y114.296 E156.14775
G1 X115.555 Y113.943 E156.15885
G1 X116.141 Y113.68 E156.17007
G1 X116.757 Y113.519 E156.18118
G1 X117.277 Y113.455 E156.19033
G1 X117.933 Y113.472 E156.20179
G1 X118.598 Y113.597 E156.21361
G1 X119.174 Y113.806 E156.22431
G1 X119.683 Y114.085 E156.23444
G1 X120.172 Y114.452 E156.24512
G1 X120.633 Y114.926 E156.25666
G1 X120.958 Y115.391 E156.26657
G1 X121.259 Y115.969 E156.27795
G1 X121.451 Y116.576 E156.28907
G1 X121.545 Y117.202 E156.30012
G1 X121.545 Y117.796 E156.31049
G1 X121.445 Y118.434 E156.32177
G1 X121.248 Y119.045 E156.33298
G1 X120.981 Y119.577 E156.34337
G1 X120.613 Y120.098 E156.35451
G1 X120.205 Y120.52 E156.36476
G1 X119.683 Y120.911 E156.37615
G1 X119.14 Y121.204 E156.38692
G1 X118.598 Y121.398 E156.39697
G1 X117.958 Y121.521 E156.40835
G1 X117.353 Y121.55 E156.41893
G1 X116.724 Y121.475 E156.42999
G1 X116.129 Y121.315 E156.44075
G1 X115.571 Y121.058 E156.45148
G1 X115.048 Y120.725 E156.4623
G1 X114.574 Y120.295 E156.47348
G1 X114.193 Y119.833 E156.48393
G1 X113.869 Y119.291 E156.49496
G1 X113.636 Y118.709 E156.50591
G1 X113.504 Y118.158 E156.5158
G1 X113.453 Y117.5 E156.52733
G0 F9000 X113.871 Y117.5
G1 F1800 X113.87 Y117.481 E156.52766
G1 X113.912 Y116.946 E156.53703
G1 X114.037 Y116.41 E156.54664
G1 X114.236 Y115.92 E156.55587
G1 X114.521 Y115.431 E156.56576
G1 X114.908 Y114.96 E156.5764
G1 X115.291 Y114.622 E156.58532
G1 X115.766 Y114.307 E156.59527
G1 X116.312 Y114.07 E156.60567
G1 X116.787 Y113.941 E156.61426
G1 X117.332 Y113.872 E156.62385
G1 X117.901 Y113.891 E156.6338
G1 X118.427 Y113.987 E156.64313
G1 X118.977 Y114.179 E156.6533
G1 X119.463 Y114.443 E156.66296
G1 X119.904 Y114.775 E156.6726
G1 X120.308 Y115.192 E156.68274
G1 X120.607 Y115.621 E156.69187
G1 X120.864 Y116.122 E156.7017
G1 X121.03 Y116.637 E156.71115
G1 X121.124 Y117.209 E156.72127
G1 X121.124 Y117.79 E156.73142
G1 X121.042 Y118.311 E156.74063
G1 X120.864 Y118.873 E156.75092
G1 X120.634 Y119.334 E156.75992
G1 X120.296 Y119.822 E156.77028
G1 X119.894 Y120.233 E156.78032
G1 X119.481 Y120.541 E156.78932
G1 X119.024 Y120.795 E156.79845
G1 X118.477 Y120.996 E156.80862
G1 X117.936 Y121.101 E156.81825
G1 X117.358 Y121.126 E156.82835
G1 X116.787 Y121.059 E156.83839
G1 X116.299 Y120.926 E156.84722
G1 X115.769 Y120.688 E156.85736
G1 X115.331 Y120.408 E156.86644
G1 X114.923 Y120.05 E156.87592
G1 X114.541 Y119.594 E156.88631
G1 X114.259 Y119.123 E156.89589
G1 X114.043 Y118.604 E156.90571
G1 X113.912 Y118.054 E156.91558
G1 X113.871 Y117.5 E156.92528
G0 F9000 X114.291 Y117.5
;TYPE:WALL-OUTER
G1 F1800 X114.29 Y117.483 E156.92558
G1 X114.331 Y116.992 E156.93418
G1 X114.445 Y116.516 E156.94273
G1 X114.626 Y116.076 E156.95104
G1 X114.877 Y115.654 E156.95961
G1 X115.204 Y115.258 E156.96858
G1 X115.573 Y114.936 E156.97713
G1 X115.982 Y114.672 E156.98563
G1 X116.432 Y114.473 E156.99422
G1 X116.893 Y114.348 E157.00256
G1 X117.369 Y114.29 E157.01094
G1 X117.88 Y114.311 E157.01987
G1 X118.357 Y114.402 E157.02835
G1 X118.821 Y114.569 E157.03696
G1 X119.26 Y114.812 E157.04572
G1 X119.635 Y115.098 E157.05395
G1 X119.987 Y115.463 E157.06281
G1 X120.256 Y115.852 E157.07107
G1 X120.483 Y116.299 E157.07982
G1 X120.632 Y116.779 E157.0886
G1 X120.706 Y117.254 E157.09699
G1 X120.704 Y117.766 E157.10593
G1 X120.629 Y118.234 E157.11421
G1 X120.483 Y118.697 E157.12268
G1 X120.261 Y119.141 E157.13135
G1 X119.979 Y119.546 E157.13997
G1 X119.632 Y119.905 E157.14869
G1 X119.243 Y120.195 E157.15716
G1 X118.809 Y120.432 E157.1658
G1 X118.35 Y120.596 E157.17431
G1 X117.88 Y120.685 E157.18266
G1 X117.369 Y120.706 E157.19159
G1 X116.887 Y120.651 E157.20006
G1 X116.405 Y120.518 E157.20879
G1 X115.968 Y120.318 E157.21718
G1 X115.547 Y120.045 E157.22595
G1 X115.181 Y119.714 E157.23456
G1 X114.871 Y119.332 E157.24315
G1 X114.626 Y118.92 E157.25152
G1 X114.435 Y118.449 E157.2604
G1 X114.328 Y117.992 E157.26859
G1 X114.291 Y117.5 E157.27721
G0 F9000 X114.29 Y117.483
G0 X114.305 Y117.301
G1 F1500 E156.27721
G0 F9000 X113.602 Y117.246
G0 X98.425 Y117.5
G0 X97.715 Y117.5
G1 F1500 E157.27721
G1 F1800 X97.715 Y117.507 E157.27733
G1 X97.75 Y118.691 E157.29801
G1 X97.853 Y119.851 E157.31835
G1 X98.031 Y121.042 E157.33938
G1 X98.276 Y122.181 E157.35972
G1 X98.597 Y123.338 E157.38069
G1 X98.973 Y124.442 E157.40105
G1 X99.42 Y125.538 E157.42172
G1 X99.943 Y126.623 E157.44275
G1 X100.509 Y127.64 E157.46308
G1 X101.154 Y128.645 E157.48393
G1 X101.847 Y129.603 E157.50457
G1 X102.599 Y130.517 E157.52524
G1 X103.406 Y131.388 E157.54597
G1 X104.253 Y132.199 E157.56645
G1 X105.171 Y132.975 E157.58744
G1 X106.105 Y133.676 E157.60783
G1 X107.107 Y134.337 E157.62879
G1 X108.116 Y134.919 E157.64913
G1 X109.189 Y135.457 E157.67009
G1 X110.281 Y135.924 E157.69083
G1 X111.397 Y136.324 E157.71153
G1 X112.517 Y136.648 E157.73189
G1 X113.677 Y136.913 E157.75267
G1 X114.861 Y137.111 E157.77363
G1 X116.012 Y137.23 E157.79383
G1 X117.212 Y137.285 E157.81481
G1 X118.382 Y137.27 E157.83524
G1 X119.57 Y137.179 E157.85605
G1 X120.753 Y137.02 E157.87689
G1 X121.897 Y136.795 E157.89725
G1 X123.061 Y136.49 E157.91826
G1 X124.173 Y136.13 E157.93867
G1 X125.289 Y135.69 E157.95962
G1 X126.366 Y135.192 E157.98034
G1 X127.391 Y134.641 E158.00066
G1 X128.4 Y134.02 E158.02134
G1 X129.381 Y133.328 E158.04231
G1 X130.307 Y132.587 E158.06302
G1 X131.17 Y131.808 E158.08332
G1 X132.018 Y130.953 E158.10434
G1 X132.789 Y130.066 E158.12487
G1 X133.513 Y129.128 E158.14556
G1 X134.175 Y128.158 E158.16606
G1 X134.792 Y127.129 E158.18701
G1 X135.33 Y126.085 E158.20752
G1 X135.809 Y125.012 E158.22804
G1 X136.233 Y123.884 E158.24908
G1 X136.581 Y122.752 E158.26976
G1 X136.862 Y121.604 E158.2904
G1 X137.068 Y120.456 E158.31077
G1 X137.214 Y119.26 E158.3318
G1 X137.286 Y118.081 E158.35243
G1 X137.286 Y116.919 E158.37272
G1 X137.21 Y115.716 E158.39377
G1 X137.068 Y114.54 E158.41445
G1 X136.858 Y113.376 E158.43511
G1 X136.581 Y112.245 E158.45544
G1 X136.225 Y111.092 E158.47651
G1 X135.813 Y109.992 E158.49702
G1 X135.33 Y108.912 E158.51768
G1 X134.792 Y107.871 E158.53814
G1 X134.174 Y106.838 E158.55916
G1 X133.509 Y105.86 E158.57981
G1 X132.797 Y104.938 E158.60015
G1 X132.018 Y104.048 E158.62081
G1 X131.17 Y103.188 E158.64189
G1 X130.307 Y102.409 E158.6622
G1 X129.381 Y101.669 E158.68289
G1 X128.396 Y100.976 E158.70392
G1 X127.387 Y100.354 E158.72462
G1 X126.365 Y99.804 E158.74489
G1 X125.289 Y99.306 E158.76559
G1 X124.169 Y98.866 E158.7866
G1 X123.057 Y98.506 E158.80701
G1 X121.901 Y98.205 E158.82787
G1 X120.753 Y97.98 E158.8483
G1 X119.57 Y97.821 E158.86914
G1 X118.382 Y97.73 E158.88995
G1 X117.212 Y97.711 E158.91038
G1 X116.012 Y97.766 E158.93135
G1 X114.857 Y97.889 E158.95164
G1 X113.677 Y98.083 E158.97252
G1 X112.517 Y98.348 E158.99329
G1 X111.397 Y98.672 E159.01365
G1 X110.281 Y99.076 E159.03438
G1 X109.193 Y99.539 E159.05503
G1 X108.116 Y100.078 E159.07606
G1 X107.107 Y100.659 E159.09639
G1 X106.105 Y101.324 E159.11739
G1 X105.171 Y102.021 E159.13773
G1 X104.253 Y102.801 E159.15877
G1 X103.414 Y103.604 E159.17905
G1 X102.599 Y104.479 E159.19993
G1 X101.851 Y105.393 E159.22055
G1 X101.154 Y106.351 E159.24124
G1 X100.509 Y107.356 E159.26209
G1 X99.943 Y108.373 E159.28241
G1 X99.42 Y109.458 E159.30345
G1 X98.973 Y110.554 E159.32411
G1 X98.597 Y111.658 E159.34448
G1 X98.277 Y112.819 E159.36551
G1 X98.031 Y113.958 E159.38586
G1 X97.853 Y115.145 E159.40681
G1 X97.75 Y116.305 E159.42715
G1 X97.715 Y117.5 E159.44803
G0 F9000 X97.715 Y117.507
G0 X97.72 Y117.699
G1 F1500 E158.44803
G0 F9000 X98.43 Y117.679
G0 X113.074 Y117.5
;TYPE:SKIN
G1 F1500 E159.44803
G1 F1800 X113.121 Y118.177 E159.45988
G1 X113.273 Y118.84 E159.47175
G1 X113.522 Y119.434 E159.483
G1 X113.871 Y120.038 E159.49518
G1 X114.331 Y120.589 E159.50771
G1 X114.816 Y121.021 E159.51905
G1 X115.363 Y121.379 E159.53047
G1 X115.981 Y121.662 E159.54234
G1 X116.651 Y121.847 E159.55448
G1 X117.321 Y121.922 E159.56625
G1 X118.004 Y121.893 E159.57819
G1 X118.654 Y121.78 E159.58971
G1 X119.314 Y121.544 E159.60194
G1 X119.883 Y121.231 E159.61328
G1 X120.411 Y120.841 E159.62475
G1 X120.899 Y120.343 E159.63692
G1 X121.301 Y119.781 E159.64899
G1 X121.619 Y119.149 E159.66134
G1 X121.815 Y118.513 E159.67296
G1 X121.92 Y117.858 E159.68455
G1 X121.922 Y117.179 E159.6964
G1 X121.814 Y116.476 E159.70882
G1 X121.625 Y115.874 E159.71984
G1 X121.309 Y115.231 E159.73235
G1 X120.923 Y114.681 E159.74408
G1 X120.454 Y114.189 E159.75595
G1 X119.96 Y113.812 E159.7668
G1 X119.344 Y113.464 E159.77916
G1 X118.65 Y113.216 E159.79203
G1 X118.048 Y113.103 E159.80272
G1 X117.315 Y113.066 E159.81554
G1 X116.697 Y113.144 E159.82641
G1 X116.019 Y113.32 E159.83864
G1 X115.353 Y113.622 E159.85141
G1 X114.821 Y113.968 E159.8625
G1 X114.316 Y114.414 E159.87426
G1 X113.854 Y114.987 E159.88711
G1 X113.534 Y115.529 E159.8981
G1 X113.276 Y116.148 E159.90981
G1 X113.123 Y116.808 E159.92164
G1 X113.07 Y117.443 E159.93277
G1 X113.074 Y117.5 E159.93377
G1 F1500 E158.93377
G0 F9000 X98.931 Y117.5
G1 F1500 E159.93377
G1 F1800 X98.966 Y116.369 E159.95353
G1 X99.061 Y115.297 E159.97232
G1 X99.227 Y114.186 E159.99193
G1 X99.457 Y113.119 E160.01099
G1 X99.765 Y112.006 E160.03116
G1 X100.109 Y110.986 E160.04995
G1 X100.528 Y109.962 E160.06927
G1 X101.031 Y108.925 E160.0894
G1 X101.549 Y107.988 E160.10809
G1 X102.162 Y107.031 E160.12794
G1 X102.863 Y106.077 E160.14861
G1 X103.507 Y105.287 E160.16641
G1 X104.286 Y104.452 E160.18635
G1 X105.061 Y103.713 E160.20505
G1 X105.94 Y102.969 E160.22516
G1 X106.814 Y102.312 E160.24425
G1 X107.739 Y101.699 E160.26363
G1 X108.684 Y101.154 E160.28268
G1 X109.713 Y100.639 E160.30277
G1 X110.737 Y100.204 E160.3222
G1 X111.781 Y99.824 E160.3416
G1 X112.813 Y99.528 E160.36034
G1 X113.909 Y99.279 E160.37997
G1 X115.029 Y99.093 E160.39979
G1 X116.096 Y98.982 E160.41852
G1 X117.232 Y98.927 E160.43838
G1 X118.313 Y98.946 E160.45726
G1 X119.441 Y99.033 E160.47702
G1 X120.561 Y99.184 E160.49675
G1 X121.617 Y99.389 E160.51554
G1 X122.721 Y99.678 E160.53546
G1 X123.749 Y100.01 E160.55433
G1 X124.817 Y100.43 E160.57437
G1 X125.83 Y100.896 E160.59384
G1 X126.766 Y101.402 E160.61242
G1 X127.724 Y101.992 E160.63206
G1 X128.653 Y102.644 E160.65188
G1 X129.523 Y103.344 E160.67138
G1 X130.33 Y104.072 E160.69036
G1 X131.118 Y104.868 E160.70991
G1 X131.845 Y105.702 E160.72923
G1 X132.525 Y106.584 E160.74868
G1 X133.139 Y107.486 E160.76773
G1 X133.72 Y108.455 E160.78746
G1 X134.234 Y109.448 E160.80699
G1 X134.681 Y110.452 E160.82618
G1 X135.065 Y111.477 E160.84529
G1 X135.409 Y112.581 E160.86548
G1 X135.662 Y113.616 E160.88409
G1 X135.86 Y114.712 E160.90353
G1 X135.994 Y115.816 E160.92295
G1 X136.066 Y116.967 E160.94309
G1 X136.066 Y118.033 E160.9617
G1 X135.998 Y119.136 E160.981
G1 X135.86 Y120.28 E161.00112
G1 X135.67 Y121.34 E161.01993
G1 X135.405 Y122.416 E161.03928
G1 X135.143 Y123.283 E161.05509
G1 X135.153 Y123.296 E161.05538
G1 X134.681 Y124.54 E161.07861
G1 X134.234 Y125.545 E161.09782
G1 X133.72 Y126.541 E161.11739
G1 X133.15 Y127.49 E161.13672
G1 X132.529 Y128.404 E161.15601
G1 X131.841 Y129.298 E161.17571
G1 X131.114 Y130.132 E161.19503
G1 X130.334 Y130.92 E161.21439
G1 X129.524 Y131.651 E161.23344
G1 X128.649 Y132.347 E161.25297
G1 X127.72 Y133.004 E161.27284
G1 X126.775 Y133.586 E161.29222
G1 X125.83 Y134.096 E161.31097
G1 X124.817 Y134.562 E161.33044
G1 X123.749 Y134.986 E161.3505
G1 X122.725 Y135.314 E161.36928
G1 X121.613 Y135.607 E161.38936
G1 X120.561 Y135.812 E161.40807
G1 X119.441 Y135.963 E161.42781
G1 X118.314 Y136.05 E161.44754
G1 X117.236 Y136.065 E161.46637
G1 X116.092 Y136.01 E161.48637
G1 X115.032 Y135.903 E161.50497
G1 X113.913 Y135.717 E161.52478
G1 X112.813 Y135.464 E161.54449
G1 X111.781 Y135.164 E161.56326
G1 X110.733 Y134.792 E161.58267
G1 X109.697 Y134.349 E161.60235
G1 X108.692 Y133.843 E161.622
G1 X107.755 Y133.305 E161.64086
G1 X106.798 Y132.672 E161.6609
G1 X105.923 Y132.015 E161.68
G1 X105.069 Y131.295 E161.69951
G1 X104.27 Y130.528 E161.71885
G1 X103.515 Y129.713 E161.73825
G1 X102.811 Y128.855 E161.75763
G1 X102.154 Y127.949 E161.77717
G1 X101.549 Y127.004 E161.79676
G1 X101.031 Y126.067 E161.81546
G1 X100.528 Y125.03 E161.83558
G1 X100.109 Y124.006 E161.8549
G1 X99.757 Y122.966 E161.87408
G1 X99.457 Y121.877 E161.8938
G1 X99.227 Y120.81 E161.91286
G1 X99.061 Y119.695 E161.93254
G1 X98.966 Y118.627 E161.95127
G1 X98.931 Y117.515 E161.97069
G1 X98.931 Y117.5 E161.97095
G1 F1500 E160.97095
G0 F9000 X102.428 Y127.969
G1 F1500 E161.97095
G1 F1800 X107.037 Y132.578 E162.08477
G1 X107.111 Y132.652
G0 F9000 X108.602 Y133.549
G1 F1800 X101.458 Y126.405 E162.26119
G1 X101.384 Y126.331
G0 F9000 X100.841 Y125.194
G1 F1800 X109.82 Y134.173 E162.48292
G1 X109.894 Y134.247
G0 F9000 X110.852 Y134.611
G1 F1800 X100.397 Y124.156 E162.7411
G1 X100.323 Y124.082
G0 F9000 X100.07 Y123.235
G1 F1800 X111.773 Y134.938 E163.0301
G1 X111.847 Y135.012
G0 F9000 X112.618 Y135.189
G1 F1800 X99.815 Y122.386 E163.34626
G0 F9000 X99.609 Y121.586
G1 F1800 X113.409 Y135.385 E163.68703
G0 F9000 X114.162 Y135.545
G1 F1800 X99.446 Y120.829 E164.05043
G0 F9000 X99.338 Y120.127
G1 F1800 X114.875 Y135.664 E164.43411
G0 F9000 X115.549 Y135.744
G1 F1800 X99.25 Y119.444 E164.83662
G0 F9000 X99.192 Y118.793
G1 F1800 X116.203 Y135.804 E165.25669
G0 F9000 X116.827 Y135.835
G1 F1800 X99.162 Y118.169 E165.69293
G0 F9000 X99.142 Y117.555
G1 F1800 X117.439 Y135.852 E166.14476
G0 F9000 X118.025 Y135.844
G1 F1800 X99.158 Y116.977 E166.61067
G0 F9000 X99.176 Y116.401
G1 F1800 X118.592 Y135.818 E167.09015
G0 F9000 X119.144 Y135.775
G1 F1800 X99.223 Y115.854 E167.58209
G0 F9000 X99.271 Y115.309
G1 F1800 X119.681 Y135.719 E168.0861
G0 F9000 X120.205 Y135.649
G1 F1800 X99.349 Y114.792 E168.60114
G0 F9000 X99.426 Y114.275
G1 F1800 X120.719 Y135.568 E169.12696
G0 F9000 X121.215 Y135.47
G1 F1800 X99.528 Y113.783 E169.6625
G0 F9000 X99.633 Y113.295
G1 F1800 X121.704 Y135.366 E170.20753
G0 F9000 X122.175 Y135.242
G1 F1800 X99.757 Y112.824 E170.76113
G0 F9000 X99.885 Y112.359
G1 F1800 X122.644 Y135.117 E171.32314
G0 F9000 X123.095 Y134.975
G1 F1800 X100.022 Y111.902 E171.89291
G0 F9000 X100.172 Y111.457
G1 F1800 X123.545 Y134.83 E172.4701
G0 F9000 X123.977 Y134.668
G1 F1800 X100.324 Y111.015 E173.05419
G0 F9000 X100.496 Y110.594
G1 F1800 X124.402 Y134.499 E173.64452
G0 F9000 X124.823 Y134.327
G1 F1800 X100.669 Y110.172 E174.241
G0 F9000 X100.856 Y109.766
G1 F1800 X125.23 Y134.14 E174.84291
G0 F9000 X125.637 Y133.953
G1 F1800 X101.051 Y109.366 E175.45005
G0 F9000 X101.247 Y108.969
G1 F1800 X126.028 Y133.75 E176.06201
G0 F9000 X126.414 Y133.541
G1 F1800 X101.459 Y108.586 E176.67825
G0 F9000 X101.67 Y108.204
G1 F1800 X114.07 Y120.603 E176.98445
G0 F9000 X114.372 Y120.906
G1 F1800 X126.793 Y133.327 E177.29118
G0 F9000 X127.161 Y133.101
G1 F1800 X115.922 Y121.862 E177.56872
G0 F9000 X116.72 Y122.066
G1 F1800 X127.529 Y132.875 E177.83564
G0 F9000 X127.881 Y132.633
G1 F1800 X117.378 Y122.129 E178.09502
G0 F9000 X117.948 Y122.105
G1 F1800 X128.229 Y132.387 E178.34892
G0 F9000 X128.575 Y132.138
G1 F1800 X118.462 Y122.026 E178.59864
G0 F9000 X118.933 Y121.902
G1 F1800 X128.905 Y131.875 E178.8449
G0 F9000 X129.236 Y131.612
G1 F1800 X119.37 Y121.745 E179.08855
G0 F9000 X119.757 Y121.539
G1 F1800 X129.556 Y131.338 E179.33053
G0 F9000 X129.869 Y131.057
G1 F1800 X120.126 Y121.314 E179.57113
G0 F9000 X120.467 Y121.061
G1 F1800 X130.18 Y130.774 E179.81098
G0 F9000 X130.477 Y130.477
G1 F1800 X120.772 Y120.772 E180.05064
G0 F9000 X121.064 Y120.47
G1 F1800 X130.773 Y130.179 E180.2904
G0 F9000 X131.062 Y129.874
G1 F1800 X121.312 Y120.124 E180.53117
G0 F9000 X121.544 Y119.762
G1 F1800 X131.339 Y129.557 E180.77305
G0 F9000 X131.615 Y129.239
G1 F1800 X121.743 Y119.367 E181.01684
G0 F9000 X121.903 Y118.933
G1 F1800 X131.878 Y128.908 E181.26316
G0 F9000 X132.136 Y128.572
G1 F1800 X122.034 Y118.47 E181.51263
G0 F9000 X122.116 Y117.958
G1 F1800 X132.392 Y128.234 E181.76639
G0 F9000 X132.632 Y127.88
G1 F1800 X122.131 Y117.38 E182.02569
G0 F9000 X122.065 Y116.719
G1 F1800 X132.872 Y127.526 E182.29256
G0 F9000 X133.102 Y127.163
G1 F1800 X121.857 Y115.917 E182.57026
G1 X121.783 Y115.843
G0 F9000 X121.091 Y114.557
G1 F1800 X133.325 Y126.791 E182.87237
G0 F9000 X133.547 Y126.419
G1 F1800 X108.583 Y101.455 E183.48884
G0 F9000 X108.206 Y101.673
G1 F1800 X120.474 Y113.94 E183.79178
G1 X120.548 Y114.014
G0 F9000 X119.088 Y113.148
G1 F1800 X107.831 Y101.891 E184.06977
G0 F9000 X107.474 Y102.128
G1 F1800 X118.279 Y112.933 E184.33659
G0 F9000 X117.624 Y112.872
G1 F1800 X107.117 Y102.365 E184.59605
G0 F9000 X106.768 Y102.61
G1 F1800 X117.046 Y112.888 E184.84986
G0 F9000 X116.533 Y112.97
G1 F1800 X106.429 Y102.865 E185.09939
G0 F9000 X106.09 Y103.12
G1 F1800 X116.064 Y113.094 E185.34569
G0 F9000 X115.637 Y113.261
G1 F1800 X105.767 Y103.391 E185.58942
G0 F9000 X105.445 Y103.663
G1 F1800 X115.232 Y113.45 E185.83111
G0 F9000 X114.873 Y113.685
G1 F1800 X105.128 Y103.94 E186.07175
G0 F9000 X104.824 Y104.23
G1 F1800 X114.535 Y113.941 E186.31156
G0 F9000 X114.222 Y114.222
G1 F1800 X104.52 Y104.52 E186.55115
G0 F9000 X104.228 Y104.822
G1 F1800 X113.945 Y114.539 E186.7911
G0 F9000 X113.682 Y114.869
G1 F1800 X103.94 Y105.128 E187.03166
G0 F9000 X103.655 Y105.437
G1 F1800 X113.461 Y115.243 E187.27381
G0 F9000 X113.262 Y115.637
G1 F1800 X103.388 Y105.764 E187.51763
G0 F9000 X103.122 Y106.091
G1 F1800 X113.088 Y116.057 E187.76374
G0 F9000 X112.972 Y116.536
G1 F1800 X102.864 Y106.428 E188.01335
G0 F9000 X102.613 Y106.77
G1 F1800 X112.892 Y117.05 E188.2672
G0 F9000 X112.872 Y117.624
G1 F1800 X102.361 Y107.113 E188.52676
G0 F9000 X102.127 Y107.473
G1 F1800 X112.928 Y118.274 E188.79348
G1 X113.002 Y118.348
G0 F9000 X113.157 Y119.097
G1 F1800 X101.896 Y107.836 E189.07157
G1 X101.822 Y107.762
G1 F1500 E188.07157
G0 F9000 X108.969 Y101.247
G1 F1500 E189.07157
G1 F1800 X133.749 Y126.028 E189.68351
G0 F9000 X133.951 Y125.636
G1 F1800 X109.365 Y101.049 E190.29065
G0 F9000 X109.761 Y100.851
G1 F1800 X134.144 Y125.234 E190.89278
G0 F9000 X134.326 Y124.823
G1 F1800 X110.175 Y100.671 E191.48918
G0 F9000 X110.592 Y100.494
G1 F1800 X134.507 Y124.409 E192.07975
G0 F9000 X134.67 Y123.978
G1 F1800 X111.017 Y100.326 E192.66383
G0 F9000 X111.453 Y100.167
G1 F1800 X134.833 Y123.547 E193.24119
G0 F9000 X134.98 Y123.1
G1 F1800 X111.891 Y100.012 E193.81135
G0 F9000 X112.352 Y99.879
G1 F1800 X135.117 Y122.644 E194.37351
G0 F9000 X135.246 Y122.179
G1 F1800 X112.814 Y99.747 E194.92746
G0 F9000 X113.295 Y99.634
G1 F1800 X135.364 Y121.702 E195.47243
G0 F9000 X135.477 Y121.222
G1 F1800 X113.779 Y99.524 E196.00825
G0 F9000 X114.28 Y99.431
G1 F1800 X135.568 Y120.719 E196.53394
G0 F9000 X135.657 Y120.214
G1 F1800 X114.789 Y99.346 E197.04926
G0 F9000 X115.312 Y99.275
G1 F1800 X135.721 Y119.683 E197.55324
G0 F9000 X135.785 Y119.154
G1 F1800 X115.85 Y99.218 E198.04553
G0 F9000 X116.403 Y99.177
G1 F1800 X135.821 Y118.596 E198.52506
G0 F9000 X135.856 Y118.037
G1 F1800 X116.97 Y99.151 E198.99144
G0 F9000 X117.556 Y99.143
G1 F1800 X135.856 Y117.443 E199.44335
G0 F9000 X135.848 Y116.841
G1 F1800 X118.161 Y99.154 E199.88012
G0 F9000 X118.795 Y99.194
G1 F1800 X135.808 Y116.207 E200.30024
G0 F9000 X135.75 Y115.555
G1 F1800 X119.441 Y99.246 E200.70298
G0 F9000 X120.127 Y99.338
G1 F1800 X135.669 Y114.88 E201.08678
G0 F9000 X135.548 Y114.165
G1 F1800 X120.835 Y99.452 E201.45011
G0 F9000 X121.572 Y99.595
G1 F1800 X135.399 Y113.422 E201.79156
G0 F9000 X135.207 Y112.636
G1 F1800 X122.376 Y99.805 E202.10841
G1 X122.302 Y99.731
G0 F9000 X123.227 Y100.063
G1 F1800 X134.936 Y111.772 E202.39756
G1 X135.01 Y111.846
G0 F9000 X134.605 Y110.846
G1 F1800 X124.153 Y100.394 E202.65567
G1 X124.079 Y100.32
G0 F9000 X125.181 Y100.828
G1 F1800 X134.168 Y109.815 E202.8776
G1 X134.242 Y109.889
G0 F9000 X133.574 Y108.627
G1 F1800 X126.378 Y101.432 E203.05528
G1 X126.304 Y101.358
G0 F9000 X127.942 Y102.401
G1 F1800 X132.583 Y107.043 E203.1699
G1 X132.657 Y107.117
G1 F1500 E202.1699
;MESH:NONMESH
G0 F600 X132.657 Y107.117 Z0.42
G0 F9000 X98.555 Y117.5
;TIME_ELAPSED:479.038118
;LAYER:3
M106 S153
;TYPE:WALL-INNER
;MESH:ranella v1.stl
G1 F1500 E203.1699
G1 F1800 X98.555 Y117.507 E203.17002
G1 X98.589 Y118.641 E203.18984
G1 X98.688 Y119.751 E203.20929
G1 X98.858 Y120.891 E203.22942
G1 X99.092 Y121.981 E203.24889
G1 X99.4 Y123.09 E203.26899
G1 X99.761 Y124.148 E203.28851
G1 X100.188 Y125.197 E203.30828
G1 X100.689 Y126.236 E203.32842
G1 X101.23 Y127.208 E203.34785
G1 X101.848 Y128.172 E203.36784
G1 X102.512 Y129.09 E203.38763
G1 X103.232 Y129.965 E203.40741
G1 X104.005 Y130.799 E203.42727
G1 X104.815 Y131.575 E203.44686
G1 X105.695 Y132.318 E203.46697
G1 X106.589 Y132.989 E203.48649
G1 X107.549 Y133.622 E203.50657
G1 X108.515 Y134.179 E203.52604
G1 X109.543 Y134.695 E203.54612
G1 X110.588 Y135.142 E203.56597
G1 X111.656 Y135.524 E203.58577
G1 X112.728 Y135.834 E203.60526
G1 X113.84 Y136.089 E203.62518
G1 X114.973 Y136.278 E203.64524
G1 X116.075 Y136.392 E203.66458
G1 X117.226 Y136.445 E203.6847
G1 X118.344 Y136.43 E203.70423
G1 X119.482 Y136.343 E203.72416
G1 X120.616 Y136.191 E203.74413
G1 X121.709 Y135.976 E203.76359
G1 X122.825 Y135.683 E203.78373
G1 X123.889 Y135.339 E203.80326
G1 X124.958 Y134.918 E203.82332
G1 X125.99 Y134.44 E203.84318
G1 X126.971 Y133.913 E203.86263
G1 X127.937 Y133.319 E203.88243
G1 X128.876 Y132.656 E203.9025
G1 X129.763 Y131.947 E203.92233
G1 X130.59 Y131.2 E203.94179
G1 X131.402 Y130.381 E203.96193
G1 X132.139 Y129.533 E203.98154
G1 X132.833 Y128.634 E204.00137
G1 X133.467 Y127.705 E204.02101
G1 X134.058 Y126.72 E204.04107
G1 X134.573 Y125.721 E204.0607
G1 X135.032 Y124.693 E204.08036
G1 X135.437 Y123.612 E204.10051
G1 X135.771 Y122.528 E204.12032
G1 X136.04 Y121.43 E204.14006
G1 X136.237 Y120.331 E204.15956
G1 X136.377 Y119.184 E204.17973
G1 X136.446 Y118.056 E204.19947
G1 X136.446 Y116.945 E204.21887
G1 X136.374 Y115.793 E204.23902
G1 X136.237 Y114.665 E204.25886
G1 X136.036 Y113.551 E204.27863
G1 X135.771 Y112.469 E204.29808
G1 X135.429 Y111.364 E204.31828
G1 X135.036 Y110.311 E204.3379
G1 X134.573 Y109.276 E204.3577
G1 X134.058 Y108.279 E204.3773
G1 X133.466 Y107.29 E204.39743
G1 X132.829 Y106.353 E204.41721
G1 X132.148 Y105.472 E204.43665
G1 X131.402 Y104.62 E204.45643
G1 X130.589 Y103.795 E204.47665
G1 X129.763 Y103.049 E204.49609
G1 X128.877 Y102.341 E204.51589
G1 X127.934 Y101.678 E204.53602
G1 X126.967 Y101.082 E204.55585
G1 X125.989 Y100.556 E204.57525
G1 X124.959 Y100.079 E204.59507
G1 X123.886 Y99.658 E204.61519
G1 X122.821 Y99.313 E204.63474
G1 X121.714 Y99.025 E204.65471
G1 X120.616 Y98.809 E204.67425
G1 X119.482 Y98.657 E204.69423
G1 X118.342 Y98.57 E204.7142
G1 X117.224 Y98.551 E204.73372
G1 X116.076 Y98.604 E204.75379
G1 X114.969 Y98.721 E204.77323
G1 X113.839 Y98.907 E204.79322
G1 X112.728 Y99.162 E204.81313
G1 X111.657 Y99.471 E204.83259
G1 X110.589 Y99.858 E204.85243
G1 X109.545 Y100.302 E204.87224
G1 X108.514 Y100.818 E204.89237
G1 X107.55 Y101.374 E204.9118
G1 X106.589 Y102.011 E204.93193
G1 X105.695 Y102.678 E204.95141
G1 X104.816 Y103.425 E204.97155
G1 X104.012 Y104.194 E204.99098
G1 X103.232 Y105.032 E205.01097
G1 X102.516 Y105.906 E205.0307
G1 X101.848 Y106.825 E205.05054
G1 X101.23 Y107.788 E205.07052
G1 X100.689 Y108.76 E205.08994
G1 X100.188 Y109.799 E205.11008
G1 X99.761 Y110.848 E205.12986
G1 X99.4 Y111.906 E205.14938
G1 X99.093 Y113.019 E205.16954
G1 X98.858 Y114.109 E205.18901
G1 X98.688 Y115.245 E205.20907
G1 X98.589 Y116.355 E205.22853
G1 X98.555 Y117.5 E205.24853
G0 F9000 X98.135 Y117.5
G1 F1800 X98.135 Y117.507 E205.24865
G1 X98.17 Y118.666 E205.2689
G1 X98.27 Y119.801 E205.2888
G1 X98.445 Y120.967 E205.30938
G1 X98.684 Y122.081 E205.32928
G1 X98.999 Y123.214 E205.34981
G1 X99.367 Y124.295 E205.36975
G1 X99.804 Y125.368 E205.38998
G1 X100.316 Y126.429 E205.41055
G1 X100.869 Y127.424 E205.43043
G1 X101.501 Y128.409 E205.45087
G1 X102.179 Y129.346 E205.47106
G1 X102.915 Y130.241 E205.4913
G1 X103.706 Y131.093 E205.5116
G1 X104.534 Y131.887 E205.53163
G1 X105.433 Y132.646 E205.55217
G1 X106.347 Y133.332 E205.57213
G1 X107.328 Y133.979 E205.59265
G1 X108.315 Y134.549 E205.61255
G1 X109.366 Y135.076 E205.63308
G1 X110.435 Y135.533 E205.65338
G1 X111.527 Y135.924 E205.67363
G1 X112.623 Y136.241 E205.69356
G1 X113.759 Y136.501 E205.71391
G1 X114.917 Y136.695 E205.73441
G1 X116.043 Y136.811 E205.75417
G1 X117.219 Y136.865 E205.77473
G1 X118.363 Y136.85 E205.79471
G1 X119.526 Y136.761 E205.81508
G1 X120.685 Y136.606 E205.83549
G1 X121.803 Y136.385 E205.85539
G1 X122.943 Y136.087 E205.87597
G1 X124.031 Y135.734 E205.89594
G1 X125.123 Y135.304 E205.91643
G1 X126.178 Y134.816 E205.93673
G1 X127.181 Y134.277 E205.95661
G1 X128.168 Y133.669 E205.97686
G1 X129.129 Y132.992 E205.99738
G1 X130.035 Y132.267 E206.01765
G1 X130.88 Y131.504 E206.03753
G1 X131.71 Y130.667 E206.05811
G1 X132.464 Y129.8 E206.07817
G1 X133.173 Y128.881 E206.09844
G1 X133.821 Y127.932 E206.11851
G1 X134.425 Y126.925 E206.13901
G1 X134.951 Y125.903 E206.15908
G1 X135.42 Y124.852 E206.17918
G1 X135.835 Y123.748 E206.19977
G1 X136.176 Y122.64 E206.22001
G1 X136.451 Y121.517 E206.2402
G1 X136.652 Y120.394 E206.26012
G1 X136.796 Y119.222 E206.28074
G1 X136.866 Y118.069 E206.30091
G1 X136.866 Y116.932 E206.32077
G1 X136.792 Y115.754 E206.34138
G1 X136.652 Y114.602 E206.36164
G1 X136.447 Y113.463 E206.38185
G1 X136.176 Y112.357 E206.40173
G1 X135.827 Y111.228 E206.42237
G1 X135.424 Y110.152 E206.44243
G1 X134.952 Y109.094 E206.46266
G1 X134.425 Y108.075 E206.48269
G1 X133.82 Y107.064 E206.50327
G1 X133.169 Y106.107 E206.52348
G1 X132.473 Y105.205 E206.54337
G1 X131.71 Y104.334 E206.56359
G1 X130.88 Y103.492 E206.58423
G1 X130.035 Y102.729 E206.60411
G1 X129.129 Y102.005 E206.62437
G1 X128.165 Y101.327 E206.64494
G1 X127.177 Y100.718 E206.66521
G1 X126.177 Y100.18 E206.68504
G1 X125.124 Y99.692 E206.7053
G1 X124.027 Y99.262 E206.72588
G1 X122.939 Y98.91 E206.74585
G1 X121.807 Y98.615 E206.76627
G1 X120.685 Y98.394 E206.78624
G1 X119.526 Y98.239 E206.80666
G1 X118.362 Y98.15 E206.82704
G1 X117.218 Y98.131 E206.84702
G1 X116.044 Y98.185 E206.86754
G1 X114.913 Y98.305 E206.8874
G1 X113.758 Y98.495 E206.90784
G1 X112.623 Y98.755 E206.92818
G1 X111.527 Y99.072 E206.9481
G1 X110.435 Y99.467 E206.96838
G1 X109.369 Y99.921 E206.98861
G1 X108.315 Y100.448 E207.00918
G1 X107.328 Y101.016 E207.02907
G1 X106.347 Y101.668 E207.04964
G1 X105.433 Y102.35 E207.06955
G1 X104.535 Y103.113 E207.09013
G1 X103.713 Y103.899 E207.10999
G1 X102.915 Y104.755 E207.13042
G1 X102.183 Y105.649 E207.1506
G1 X101.501 Y106.588 E207.17086
G1 X100.869 Y107.572 E207.19128
G1 X100.316 Y108.567 E207.21116
G1 X99.804 Y109.628 E207.23173
G1 X99.367 Y110.701 E207.25196
G1 X98.999 Y111.782 E207.2719
G1 X98.685 Y112.919 E207.2925
G1 X98.444 Y114.034 E207.31242
G1 X98.27 Y115.195 E207.33292
G1 X98.17 Y116.33 E207.35281
G1 X98.135 Y117.5 E207.37325
G1 F1500 E206.37325
G0 F9000 X98.425 Y117.5
G0 X113.453 Y117.5
G1 F1500 E207.37325
G1 F1800 X113.45 Y117.468 E207.37381
G1 X113.497 Y116.884 E207.38404
G1 X113.645 Y116.257 E207.39529
G1 X113.873 Y115.698 E207.40583
G1 X114.202 Y115.154 E207.41694
G1 X114.617 Y114.657 E207.42824
G1 X115.026 Y114.296 E207.43777
G1 X115.555 Y113.943 E207.44887
G1 X116.141 Y113.68 E207.46009
G1 X116.757 Y113.519 E207.47121
G1 X117.277 Y113.455 E207.48035
G1 X117.933 Y113.472 E207.49181
G1 X118.598 Y113.597 E207.50363
G1 X119.174 Y113.806 E207.51433
G1 X119.683 Y114.085 E207.52446
G1 X120.172 Y114.452 E207.53514
G1 X120.633 Y114.926 E207.54668
G1 X120.982 Y115.429 E207.55738
G1 X121.272 Y116.011 E207.56873
G1 X121.451 Y116.575 E207.57906
G1 X121.545 Y117.202 E207.59013
G1 X121.545 Y117.796 E207.6005
G1 X121.445 Y118.434 E207.61178
G1 X121.248 Y119.045 E207.62299
G1 X120.981 Y119.577 E207.63339
G1 X120.613 Y120.098 E207.64452
G1 X120.205 Y120.52 E207.65477
G1 X119.683 Y120.911 E207.66616
G1 X119.14 Y121.204 E207.67694
G1 X118.598 Y121.398 E207.68699
G1 X117.958 Y121.521 E207.69837
G1 X117.353 Y121.55 E207.70894
G1 X116.724 Y121.475 E207.72
G1 X116.129 Y121.315 E207.73076
G1 X115.571 Y121.058 E207.74149
G1 X115.048 Y120.725 E207.75232
G1 X114.574 Y120.295 E207.76349
G1 X114.193 Y119.833 E207.77395
G1 X113.869 Y119.291 E207.78498
G1 X113.636 Y118.709 E207.79592
G1 X113.504 Y118.158 E207.80582
G1 X113.453 Y117.5 E207.81734
G0 F9000 X113.871 Y117.5
G1 F1800 X113.87 Y117.481 E207.81767
G1 X113.912 Y116.946 E207.82704
G1 X114.037 Y116.41 E207.83665
G1 X114.236 Y115.92 E207.84589
G1 X114.521 Y115.431 E207.85577
G1 X114.908 Y114.96 E207.86642
G1 X115.291 Y114.622 E207.87534
G1 X115.766 Y114.307 E207.88529
G1 X116.312 Y114.07 E207.89568
G1 X116.787 Y113.941 E207.90428
G1 X117.332 Y113.872 E207.91387
G1 X117.901 Y113.891 E207.92381
G1 X118.427 Y113.987 E207.93315
G1 X118.977 Y114.179 E207.94332
G1 X119.463 Y114.443 E207.95298
G1 X119.904 Y114.775 E207.96261
G1 X120.308 Y115.192 E207.97275
G1 X120.607 Y115.621 E207.98188
G1 X120.864 Y116.122 E207.99172
G1 X121.03 Y116.637 E208.00116
G1 X121.124 Y117.209 E208.01129
G1 X121.124 Y117.79 E208.02143
G1 X121.042 Y118.311 E208.03064
G1 X120.864 Y118.873 E208.04093
G1 X120.634 Y119.334 E208.04993
G1 X120.296 Y119.822 E208.0603
G1 X119.894 Y120.233 E208.07034
G1 X119.481 Y120.541 E208.07933
G1 X119.024 Y120.795 E208.08846
G1 X118.477 Y120.996 E208.09864
G1 X117.936 Y121.101 E208.10826
G1 X117.358 Y121.126 E208.11836
G1 X116.787 Y121.059 E208.1284
G1 X116.299 Y120.926 E208.13723
G1 X115.769 Y120.688 E208.14738
G1 X115.331 Y120.408 E208.15646
G1 X114.923 Y120.05 E208.16593
G1 X114.541 Y119.594 E208.17632
G1 X114.259 Y119.123 E208.18591
G1 X114.043 Y118.604 E208.19572
G1 X113.912 Y118.054 E208.2056
G1 X113.871 Y117.5 E208.2153
G0 F9000 X114.291 Y117.5
;TYPE:WALL-OUTER
G1 F1800 X114.29 Y117.483 E208.21559
G1 X114.331 Y116.992 E208.2242
G1 X114.445 Y116.516 E208.23274
G1 X114.626 Y116.076 E208.24105
G1 X114.877 Y115.654 E208.24962
G1 X115.204 Y115.258 E208.25859
G1 X115.573 Y114.936 E208.26714
G1 X115.982 Y114.672 E208.27564
G1 X116.432 Y114.473 E208.28424
G1 X116.893 Y114.348 E208.29258
G1 X117.369 Y114.29 E208.30095
G1 X117.88 Y114.311 E208.30988
G1 X118.357 Y114.402 E208.31836
G1 X118.821 Y114.569 E208.32697
G1 X119.26 Y114.812 E208.33573
G1 X119.635 Y115.098 E208.34397
G1 X119.987 Y115.463 E208.35282
G1 X120.268 Y115.873 E208.3615
G1 X120.483 Y116.299 E208.36983
G1 X120.632 Y116.779 E208.37861
G1 X120.706 Y117.254 E208.387
G1 X120.704 Y117.766 E208.39594
G1 X120.629 Y118.234 E208.40422
G1 X120.483 Y118.697 E208.4127
G1 X120.261 Y119.141 E208.42137
G1 X119.979 Y119.546 E208.42998
G1 X119.632 Y119.905 E208.4387
G1 X119.243 Y120.195 E208.44717
G1 X118.809 Y120.432 E208.45581
G1 X118.35 Y120.596 E208.46432
G1 X117.88 Y120.685 E208.47267
G1 X117.369 Y120.706 E208.4816
G1 X116.887 Y120.651 E208.49007
G1 X116.405 Y120.518 E208.4988
G1 X115.968 Y120.318 E208.5072
G1 X115.547 Y120.045 E208.51596
G1 X115.181 Y119.714 E208.52457
G1 X114.871 Y119.332 E208.53317
G1 X114.626 Y118.92 E208.54154
G1 X114.439 Y118.462 E208.55017
G1 X114.328 Y117.992 E208.55861
G1 X114.291 Y117.5 E208.56722
G0 F9000 X114.29 Y117.483
G0 X114.305 Y117.301
G1 F1500 E207.56722
G0 F9000 X113.602 Y117.246
G0 X98.425 Y117.5
G0 X97.715 Y117.5
G1 F1500 E208.56722
G1 F1800 X97.715 Y117.507 E208.56734
G1 X97.75 Y118.691 E208.58803
G1 X97.853 Y119.851 E208.60836
G1 X98.031 Y121.042 E208.62939
G1 X98.276 Y122.181 E208.64973
G1 X98.597 Y123.338 E208.6707
G1 X98.973 Y124.442 E208.69107
G1 X99.42 Y125.538 E208.71173
G1 X99.943 Y126.623 E208.73277
G1 X100.509 Y127.64 E208.75309
G1 X101.154 Y128.645 E208.77394
G1 X101.847 Y129.603 E208.79459
G1 X102.599 Y130.517 E208.81525
G1 X103.406 Y131.388 E208.83599
G1 X104.253 Y132.199 E208.85646
G1 X105.171 Y132.975 E208.87745
G1 X106.105 Y133.676 E208.89785
G1 X107.107 Y134.337 E208.91881
G1 X108.116 Y134.919 E208.93915
G1 X109.189 Y135.457 E208.96011
G1 X110.281 Y135.924 E208.98084
G1 X111.397 Y136.324 E209.00155
G1 X112.517 Y136.648 E209.0219
G1 X113.677 Y136.913 E209.04268
G1 X114.861 Y137.111 E209.06364
G1 X116.012 Y137.23 E209.08385
G1 X117.212 Y137.285 E209.10482
G1 X118.382 Y137.27 E209.12526
G1 X119.57 Y137.179 E209.14606
G1 X120.753 Y137.02 E209.1669
G1 X121.897 Y136.795 E209.18726
G1 X123.061 Y136.49 E209.20827
G1 X124.173 Y136.13 E209.22868
G1 X125.289 Y135.69 E209.24963
G1 X126.366 Y135.192 E209.27035
G1 X127.391 Y134.641 E209.29067
G1 X128.4 Y134.02 E209.31136
G1 X129.381 Y133.328 E209.33232
G1 X130.307 Y132.587 E209.35303
G1 X131.17 Y131.808 E209.37333
G1 X132.018 Y130.953 E209.39436
G1 X132.789 Y130.066 E209.41488
G1 X133.513 Y129.128 E209.43557
G1 X134.175 Y128.158 E209.45608
G1 X134.792 Y127.129 E209.47703
G1 X135.33 Y126.085 E209.49754
G1 X135.809 Y125.012 E209.51805
G1 X136.233 Y123.884 E209.5391
G1 X136.581 Y122.752 E209.55978
G1 X136.862 Y121.604 E209.58041
G1 X137.068 Y120.456 E209.60078
G1 X137.214 Y119.26 E209.62182
G1 X137.286 Y118.081 E209.64244
G1 X137.286 Y116.919 E209.66273
G1 X137.21 Y115.716 E209.68378
G1 X137.068 Y114.54 E209.70447
G1 X136.858 Y113.376 E209.72512
G1 X136.581 Y112.245 E209.74545
G1 X136.225 Y111.092 E209.76652
G1 X135.813 Y109.992 E209.78703
G1 X135.33 Y108.912 E209.80769
G1 X134.792 Y107.871 E209.82815
G1 X134.174 Y106.838 E209.84917
G1 X133.509 Y105.86 E209.86982
G1 X132.797 Y104.938 E209.89017
G1 X132.018 Y104.048 E209.91082
G1 X131.17 Y103.188 E209.93191
G1 X130.307 Y102.409 E209.95221
G1 X129.381 Y101.669 E209.97291
G1 X128.396 Y100.976 E209.99394
G1 X127.387 Y100.354 E210.01463
G1 X126.365 Y99.804 E210.0349
G1 X125.289 Y99.306 E210.0556
G1 X124.169 Y98.866 E210.07662
G1 X123.057 Y98.506 E210.09703
G1 X121.901 Y98.205 E210.11788
G1 X120.753 Y97.98 E210.13831
G1 X119.57 Y97.821 E210.15915
G1 X118.382 Y97.73 E210.17996
G1 X117.212 Y97.711 E210.20039
G1 X116.012 Y97.766 E210.22137
G1 X114.857 Y97.889 E210.24165
G1 X113.677 Y98.083 E210.26253
G1 X112.517 Y98.348 E210.28331
G1 X111.397 Y98.672 E210.30367
G1 X110.281 Y99.076 E210.32439
G1 X109.193 Y99.539 E210.34504
G1 X108.116 Y100.078 E210.36607
G1 X107.107 Y100.659 E210.3864
G1 X106.105 Y101.324 E210.4074
G1 X105.171 Y102.021 E210.42775
G1 X104.253 Y102.801 E210.44878
G1 X103.414 Y103.604 E210.46906
G1 X102.599 Y104.479 E210.48994
G1 X101.851 Y105.393 E210.51057
G1 X101.154 Y106.351 E210.53125
G1 X100.509 Y107.356 E210.5521
G1 X99.943 Y108.373 E210.57243
G1 X99.42 Y109.458 E210.59346
G1 X98.973 Y110.554 E210.61413
G1 X98.597 Y111.658 E210.63449
G1 X98.277 Y112.819 E210.65552
G1 X98.031 Y113.958 E210.67587
G1 X97.853 Y115.145 E210.69683
G1 X97.75 Y116.305 E210.71716
G1 X97.715 Y117.5 E210.73804
G0 F9000 X97.715 Y117.507
G0 X97.72 Y117.699
G1 F1500 E209.73804
G0 F9000 X98.43 Y117.679
G0 X113.074 Y117.5
;TYPE:SKIN
G1 F1500 E210.73804
G1 F1800 X113.121 Y118.177 E210.74989
G1 X113.269 Y118.808 E210.76121
G1 X113.525 Y119.44 E210.77311
G1 X113.877 Y120.044 E210.78532
G1 X114.331 Y120.589 E210.79771
G1 X114.816 Y121.021 E210.80905
G1 X115.363 Y121.379 E210.82046
G1 X115.976 Y121.66 E210.83224
G1 X116.651 Y121.847 E210.84447
G1 X117.321 Y121.922 E210.85624
G1 X118.004 Y121.893 E210.86818
G1 X118.654 Y121.78 E210.8797
G1 X119.314 Y121.544 E210.89194
G1 X119.883 Y121.231 E210.90328
G1 X120.411 Y120.841 E210.91474
G1 X120.899 Y120.343 E210.92691
G1 X121.301 Y119.781 E210.93898
G1 X121.619 Y119.149 E210.95133
G1 X121.815 Y118.513 E210.96295
G1 X121.92 Y117.858 E210.97454
G1 X121.922 Y117.179 E210.98639
G1 X121.817 Y116.49 E210.99856
G1 X121.625 Y115.878 E211.00976
G1 X121.305 Y115.231 E211.02237
G1 X120.923 Y114.681 E211.03406
G1 X120.45 Y114.185 E211.04603
G1 X119.96 Y113.812 E211.05678
G1 X119.344 Y113.464 E211.06914
G1 X118.65 Y113.216 E211.082
G1 X118.048 Y113.103 E211.0927
G1 X117.315 Y113.066 E211.10552
G1 X116.697 Y113.144 E211.11639
G1 X116.019 Y113.32 E211.12862
G1 X115.353 Y113.622 E211.14139
G1 X114.821 Y113.968 E211.15247
G1 X114.316 Y114.414 E211.16424
G1 X113.854 Y114.987 E211.17709
G1 X113.534 Y115.529 E211.18808
G1 X113.276 Y116.148 E211.19979
G1 X113.123 Y116.808 E211.21162
G1 X113.07 Y117.443 E211.22275
G1 X113.074 Y117.5 E211.22375
G1 F1500 E210.22375
G0 F9000 X98.931 Y117.5
G1 F1500 E211.22375
G1 F1800 X98.966 Y116.369 E211.24351
G1 X99.061 Y115.297 E211.2623
G1 X99.227 Y114.186 E211.28191
G1 X99.457 Y113.119 E211.30097
G1 X99.765 Y112.006 E211.32114
G1 X100.109 Y110.986 E211.33993
G1 X100.528 Y109.962 E211.35925
G1 X101.031 Y108.925 E211.37938
G1 X101.549 Y107.988 E211.39807
G1 X102.162 Y107.031 E211.41792
G1 X102.863 Y106.077 E211.43859
G1 X103.507 Y105.287 E211.45639
G1 X104.286 Y104.452 E211.47633
G1 X105.061 Y103.713 E211.49503
G1 X105.94 Y102.969 E211.51514
G1 X106.814 Y102.312 E211.53423
G1 X107.739 Y101.699 E211.55361
G1 X108.684 Y101.154 E211.57265
G1 X109.713 Y100.639 E211.59275
G1 X110.737 Y100.204 E211.61217
G1 X111.781 Y99.824 E211.63157
G1 X112.813 Y99.528 E211.65032
G1 X113.909 Y99.279 E211.66995
G1 X115.029 Y99.093 E211.68977
G1 X116.096 Y98.982 E211.7085
G1 X117.232 Y98.927 E211.72836
G1 X118.313 Y98.946 E211.74724
G1 X119.441 Y99.033 E211.767
G1 X120.561 Y99.184 E211.78673
G1 X121.617 Y99.389 E211.80551
G1 X122.721 Y99.678 E211.82544
G1 X123.749 Y100.01 E211.8443
G1 X124.817 Y100.43 E211.86434
G1 X125.83 Y100.896 E211.88381
G1 X126.766 Y101.402 E211.90239
G1 X127.724 Y101.992 E211.92204
G1 X128.653 Y102.644 E211.94186
G1 X129.523 Y103.344 E211.96136
G1 X130.33 Y104.072 E211.98033
G1 X131.118 Y104.868 E211.99989
G1 X131.845 Y105.702 E212.01921
G1 X132.525 Y106.584 E212.03866
G1 X133.138 Y107.486 E212.0577
G1 X133.72 Y108.455 E212.07744
G1 X134.234 Y109.448 E212.09696
G1 X134.681 Y110.452 E212.11616
G1 X135.065 Y111.477 E212.13527
G1 X135.409 Y112.581 E212.15546
G1 X135.662 Y113.616 E212.17406
G1 X135.86 Y114.712 E212.19351
G1 X135.994 Y115.816 E212.21293
G1 X136.066 Y116.967 E212.23307
G1 X136.066 Y118.033 E212.25168
G1 X135.998 Y119.136 E212.27098
G1 X135.86 Y120.28 E212.2911
G1 X135.67 Y121.34 E212.3099
G1 X135.405 Y122.416 E212.32925
G1 X135.143 Y123.283 E212.34507
G1 X135.153 Y123.296 E212.34536
G1 X134.681 Y124.54 E212.36859
G1 X134.234 Y125.545 E212.3878
G1 X133.72 Y126.541 E212.40737
G1 X133.15 Y127.49 E212.4267
G1 X132.529 Y128.404 E212.44599
G1 X131.841 Y129.298 E212.46569
G1 X131.114 Y130.132 E212.48501
G1 X130.334 Y130.92 E212.50437
G1 X129.524 Y131.651 E212.52342
G1 X128.649 Y132.347 E212.54295
G1 X127.72 Y133.004 E212.56281
G1 X126.775 Y133.586 E212.58219
G1 X125.83 Y134.096 E212.60094
G1 X124.817 Y134.562 E212.62042
G1 X123.749 Y134.986 E212.64048
G1 X122.725 Y135.314 E212.65926
G1 X121.613 Y135.607 E212.67934
G1 X120.561 Y135.812 E212.69805
G1 X119.441 Y135.963 E212.71778
G1 X118.314 Y136.05 E212.73752
G1 X117.236 Y136.065 E212.75635
G1 X116.092 Y136.01 E212.77635
G1 X115.032 Y135.903 E212.79495
G1 X113.913 Y135.717 E212.81476
G1 X112.813 Y135.464 E212.83447
G1 X111.781 Y135.164 E212.85323
G1 X110.733 Y134.792 E212.87265
G1 X109.697 Y134.349 E212.89233
G1 X108.692 Y133.843 E212.91197
G1 X107.755 Y133.305 E212.93084
G1 X106.798 Y132.672 E212.95088
G1 X105.923 Y132.015 E212.96998
G1 X105.069 Y131.295 E212.98949
G1 X104.27 Y130.528 E213.00883
G1 X103.515 Y129.713 E213.02823
G1 X102.811 Y128.855 E213.04761
G1 X102.154 Y127.949 E213.06715
G1 X101.549 Y127.004 E213.08674
G1 X101.031 Y126.067 E213.10544
G1 X100.528 Y125.03 E213.12556
G1 X100.109 Y124.006 E213.14488
G1 X99.757 Y122.966 E213.16405
G1 X99.457 Y121.877 E213.18378
G1 X99.227 Y120.81 E213.20284
G1 X99.061 Y119.695 E213.22252
G1 X98.966 Y118.627 E213.24124
G1 X98.931 Y117.515 E213.26067
G1 X98.931 Y117.5 E213.26093
G1 F1500 E212.26093
G0 F9000 X103.843 Y105.234
G1 F1500 E213.26093
G1 F1800 X105.247 Y103.83 E213.2956
G1 X105.321 Y103.756
G0 F9000 X107.682 Y101.989
G1 F1800 X102.006 Y107.665 E213.43577
G1 X101.932 Y107.739
G0 F9000 X101.194 Y109.071
G1 F1800 X109.069 Y101.196 E213.63024
G1 X109.143 Y101.122
G0 F9000 X110.198 Y100.661
G1 F1800 X100.657 Y110.203 E213.86586
G1 X100.583 Y110.277
G0 F9000 X100.262 Y111.191
G1 F1800 X111.192 Y100.261 E214.13577
G1 X111.266 Y100.187
G0 F9000 X112.095 Y99.952
G1 F1800 X99.962 Y112.085 E214.43539
G1 X99.888 Y112.159
G0 F9000 X99.735 Y112.907
G1 F1800 X112.924 Y99.718 E214.76108
G0 F9000 X113.692 Y99.543
G1 F1800 X99.551 Y113.684 E215.11028
G0 F9000 X99.404 Y114.425
G1 F1800 X114.423 Y99.406 E215.48117
G0 F9000 X115.13 Y99.293
G1 F1800 X99.3 Y115.123 E215.87208
G0 F9000 X99.229 Y115.788
G1 F1800 X115.793 Y99.224 E216.28112
G0 F9000 X116.436 Y99.175
G1 F1800 X99.175 Y116.436 E216.70737
G0 F9000 X99.156 Y117.049
G1 F1800 X117.059 Y99.146 E217.14947
G0 F9000 X117.655 Y99.144
G1 F1800 X99.146 Y117.653 E217.60654
G0 F9000 X99.164 Y118.229
G1 F1800 X118.238 Y99.155 E218.07756
G0 F9000 X118.793 Y99.194
G1 F1800 X99.193 Y118.794 E218.56157
G0 F9000 X99.241 Y119.34
G1 F1800 X119.345 Y99.236 E219.05803
G0 F9000 X119.872 Y99.303
G1 F1800 X99.301 Y119.874 E219.56602
G0 F9000 X99.378 Y120.391
G1 F1800 X120.396 Y99.373 E220.08504
G0 F9000 X120.899 Y99.464
G1 F1800 X99.462 Y120.9 E220.6144
G0 F9000 X99.567 Y121.39
G1 F1800 X121.396 Y99.561 E221.15346
G0 F9000 X121.877 Y99.674
G1 F1800 X99.675 Y121.876 E221.70172
G0 F9000 X99.803 Y122.341
G1 F1800 X122.348 Y99.797 E222.25844
G0 F9000 X122.811 Y99.928
G1 F1800 X99.932 Y122.807 E222.82343
G0 F9000 X100.078 Y123.255
G1 F1800 X123.26 Y100.073 E223.39589
G0 F9000 X123.708 Y100.219
G1 F1800 X100.227 Y123.699 E223.97573
G0 F9000 X100.388 Y124.133
G1 F1800 X124.134 Y100.387 E224.56212
G0 F9000 X124.56 Y100.554
G1 F1800 X100.561 Y124.553 E225.15476
G0 F9000 X100.735 Y124.973
G1 F1800 X124.975 Y100.733 E225.75336
G0 F9000 X125.382 Y100.92
G1 F1800 X100.929 Y125.374 E226.35722
G0 F9000 X101.123 Y125.774
G1 F1800 X125.787 Y101.11 E226.96628
G0 F9000 X126.172 Y101.319
G1 F1800 X101.326 Y126.165 E227.57984
G0 F9000 X101.538 Y126.547
G1 F1800 X126.557 Y101.528 E228.19767
G0 F9000 X126.928 Y101.75
G1 F1800 X115.22 Y113.458 E228.48679
G1 X115.146 Y113.532
G0 F9000 X116.219 Y113.054
G1 F1800 X127.296 Y101.976 E228.76034
G0 F9000 X127.662 Y102.204
G1 F1800 X116.967 Y112.899 E229.02445
G0 F9000 X117.589 Y112.871
G1 F1800 X128.011 Y102.449 E229.28181
G0 F9000 X128.36 Y102.695
G1 F1800 X118.146 Y112.909 E229.53404
G0 F9000 X118.645 Y113.003
G1 F1800 X128.698 Y102.95 E229.78229
G0 F9000 X129.028 Y103.214
G1 F1800 X119.092 Y113.151 E230.02767
G0 F9000 X119.513 Y113.323
G1 F1800 X129.357 Y103.479 E230.27076
G0 F9000 X129.671 Y103.759
G1 F1800 X119.894 Y113.536 E230.5122
G0 F9000 X120.253 Y113.771
G1 F1800 X129.983 Y104.041 E230.75248
G0 F9000 X130.289 Y104.329
G1 F1800 X120.589 Y114.029 E230.99201
G0 F9000 X120.88 Y114.332
G1 F1800 X130.584 Y104.628 E231.23165
G0 F9000 X130.88 Y104.926
G1 F1800 X121.156 Y114.65 E231.47177
G0 F9000 X121.4 Y115
G1 F1800 X131.162 Y105.238 E231.71284
G0 F9000 X131.438 Y105.555
G1 F1800 X121.614 Y115.38 E231.95545
G0 F9000 X121.811 Y115.777
G1 F1800 X131.713 Y105.875 E232.19997
G0 F9000 X131.972 Y106.21
G1 F1800 X121.954 Y116.228 E232.44736
G0 F9000 X122.063 Y116.713
G1 F1800 X132.23 Y106.545 E232.69844
G0 F9000 X132.479 Y106.891
G1 F1800 X122.131 Y117.238 E232.95397
G0 F9000 X122.131 Y117.833
G1 F1800 X132.72 Y107.244 E233.21546
G0 F9000 X132.96 Y107.598
G1 F1800 X122.025 Y118.533 E233.48549
G1 X121.951 Y118.607
G0 F9000 X121.702 Y119.45
G1 F1800 X133.183 Y107.969 E233.76901
G0 F9000 X133.406 Y108.339
G1 F1800 X108.344 Y133.402 E234.38791
G0 F9000 X108.721 Y133.618
G1 F1800 X133.621 Y108.719 E235.00279
G0 F9000 X133.823 Y109.111
G1 F1800 X109.113 Y133.821 E235.61299
G0 F9000 X109.508 Y134.019
G1 F1800 X134.025 Y109.503 E236.21841
G0 F9000 X134.21 Y109.911
G1 F1800 X109.91 Y134.212 E236.81849
G0 F9000 X110.326 Y134.39
G1 F1800 X134.393 Y110.322 E237.41282
G0 F9000 X134.566 Y110.744
G1 F1800 X110.741 Y134.568 E238.00116
G0 F9000 X111.176 Y134.727
G1 F1800 X134.727 Y111.176 E238.58273
G0 F9000 X134.886 Y111.611
G1 F1800 X111.615 Y134.883 E239.15741
G0 F9000 X112.064 Y135.028
G1 F1800 X135.027 Y112.064 E239.72448
G0 F9000 X135.168 Y112.517
G1 F1800 X112.523 Y135.162 E240.28368
G0 F9000 X112.989 Y135.29
G1 F1800 X135.292 Y112.987 E240.83444
G0 F9000 X135.409 Y113.464
G1 F1800 X113.472 Y135.401 E241.37616
G0 F9000 X113.956 Y135.511
G1 F1800 X135.51 Y113.957 E241.90843
G0 F9000 X135.6 Y114.461
G1 F1800 X114.465 Y135.596 E242.43034
G0 F9000 X114.974 Y135.681
G1 F1800 X135.68 Y114.976 E242.94165
G0 F9000 X135.744 Y115.505
G1 F1800 X115.509 Y135.74 E243.44134
G0 F9000 X116.049 Y135.794
G1 F1800 X135.798 Y116.045 E243.92903
G0 F9000 X135.832 Y116.605
G1 F1800 X116.613 Y135.824 E244.40363
G0 F9000 X117.18 Y135.851
G1 F1800 X135.856 Y117.175 E244.86483
G0 F9000 X135.856 Y117.769
G1 F1800 X117.777 Y135.848 E245.31128
G0 F9000 X118.385 Y135.835
G1 F1800 X135.834 Y118.385 E245.74218
G0 F9000 X135.795 Y119.018
G1 F1800 X119.028 Y135.785 E246.15623
G0 F9000 X119.688 Y135.719
G1 F1800 X135.72 Y119.687 E246.55213
G0 F9000 X135.629 Y120.371
G1 F1800 X120.375 Y135.626 E246.92883
G0 F9000 X121.101 Y135.494
G1 F1800 X135.5 Y121.095 E247.28441
G0 F9000 X135.324 Y121.865
G1 F1800 X121.865 Y135.324 E247.61677
G0 F9000 X122.672 Y135.111
G1 F1800 X135.107 Y122.676 E247.92384
G1 X135.181 Y122.602
G0 F9000 X134.834 Y123.543
G1 F1800 X123.546 Y134.83 E248.20258
G1 X123.472 Y134.904
G0 F9000 X124.515 Y134.456
G1 F1800 X134.467 Y124.504 E248.44834
G1 X134.541 Y124.43
G0 F9000 X133.976 Y125.589
G1 F1800 X125.589 Y133.976 E248.65545
G1 X125.515 Y134.05
G0 F9000 X126.89 Y133.268
G1 F1800 X133.259 Y126.9 E248.81272
G1 X133.333 Y126.826
G0 F9000 X131.984 Y128.769
G1 F1800 X128.768 Y131.984 E248.89212
G1 X128.694 Y132.058
G1 F1500 E247.89212
G0 F9000 X119.435 Y121.717
G1 F1500 E248.89212
G1 F1800 X107.966 Y133.186 E249.17534
G0 F9000 X107.604 Y132.954
G1 F1800 X118.547 Y122.011 E249.44557
G0 F9000 X117.856 Y122.108
G1 F1800 X107.247 Y132.717 E249.70756
G0 F9000 X106.891 Y132.479
G1 F1800 X117.245 Y122.124 E249.96325
G0 F9000 X116.712 Y122.064
G1 F1800 X106.552 Y132.224 E250.21415
G0 F9000 X106.212 Y131.969
G1 F1800 X116.233 Y121.949 E250.4616
G0 F9000 X115.787 Y121.801
G1 F1800 X105.881 Y131.706 E250.70621
G0 F9000 X105.559 Y131.435
G1 F1800 X115.379 Y121.615 E250.94871
G0 F9000 X115.005 Y121.395
G1 F1800 X105.237 Y131.163 E251.18992
G0 F9000 X104.933 Y130.873
G1 F1800 X114.652 Y121.154 E251.42993
G0 F9000 X114.338 Y120.874
G1 F1800 X104.629 Y130.583 E251.66969
G0 F9000 X104.332 Y130.286
G1 F1800 X114.045 Y120.573 E251.90954
G0 F9000 X113.774 Y120.25
G1 F1800 X104.047 Y129.978 E252.14976
G0 F9000 X103.762 Y129.669
G1 F1800 X113.544 Y119.886 E252.39133
G0 F9000 X113.328 Y119.508
G1 F1800 X103.488 Y129.348 E252.63432
G0 F9000 X103.22 Y129.022
G1 F1800 X113.156 Y119.086 E252.87969
G0 F9000 X113.013 Y118.635
G1 F1800 X102.954 Y128.694 E253.12809
G0 F9000 X102.704 Y128.35
G1 F1800 X112.909 Y118.145 E253.38009
G0 F9000 X112.869 Y117.591
G1 F1800 X102.455 Y128.005 E253.63726
G0 F9000 X102.214 Y127.652
G1 F1800 X112.898 Y116.968 E253.9011
G0 F9000 X113.042 Y116.23
G1 F1800 X101.982 Y127.29 E254.17422
G0 F9000 X101.751 Y126.928
G1 F1800 X113.496 Y115.182 E254.46426
G1 X113.57 Y115.108
G1 F1500 E253.46426
;MESH:NONMESH
G0 F600 X113.57 Y115.108 Z0.52
G0 F9000 X98.555 Y117.5
;TIME_ELAPSED:586.486537
;LAYER:4
M106 S204
;TYPE:WALL-INNER
;MESH:ranella v1.stl
G1 F1500 E254.46426
G1 F1800 X98.555 Y117.507 E254.46439
G1 X98.589 Y118.641 E254.4842
G1 X98.688 Y119.751 E254.50366
G1 X98.858 Y120.891 E254.52378
G1 X99.092 Y121.981 E254.54325
G1 X99.4 Y123.09 E254.56335
G1 X99.761 Y124.148 E254.58287
G1 X100.188 Y125.197 E254.60264
G1 X100.689 Y126.236 E254.62278
G1 X101.23 Y127.208 E254.64221
G1 X101.848 Y128.172 E254.6622
G1 X102.512 Y129.09 E254.68199
G1 X103.232 Y129.965 E254.70177
G1 X104.005 Y130.799 E254.72163
G1 X104.815 Y131.575 E254.74122
G1 X105.695 Y132.318 E254.76133
G1 X106.589 Y132.989 E254.78085
G1 X107.549 Y133.622 E254.80093
G1 X108.515 Y134.179 E254.8204
G1 X109.543 Y134.695 E254.84048
G1 X110.588 Y135.142 E254.86033
G1 X111.656 Y135.524 E254.88013
G1 X112.728 Y135.834 E254.89962
G1 X113.84 Y136.089 E254.91954
G1 X114.973 Y136.278 E254.9396
G1 X116.075 Y136.392 E254.95894
G1 X117.226 Y136.445 E254.97906
G1 X118.344 Y136.43 E254.99859
G1 X119.482 Y136.343 E255.01852
G1 X120.616 Y136.191 E255.0385
G1 X121.709 Y135.976 E255.05795
G1 X122.825 Y135.683 E255.07809
G1 X123.889 Y135.339 E255.09762
G1 X124.958 Y134.918 E255.11768
G1 X125.99 Y134.44 E255.13754
G1 X126.971 Y133.913 E255.15699
G1 X127.937 Y133.319 E255.17679
G1 X128.876 Y132.656 E255.19686
G1 X129.763 Y131.947 E255.21669
G1 X130.59 Y131.2 E255.23615
G1 X131.402 Y130.381 E255.25629
G1 X132.139 Y129.533 E255.2759
G1 X132.833 Y128.634 E255.29574
G1 X133.467 Y127.705 E255.31538
G1 X134.058 Y126.72 E255.33543
G1 X134.573 Y125.721 E255.35506
G1 X135.032 Y124.693 E255.37472
G1 X135.437 Y123.612 E255.39487
G1 X135.771 Y122.528 E255.41468
G1 X136.04 Y121.43 E255.43442
G1 X136.237 Y120.331 E255.45392
G1 X136.377 Y119.184 E255.47409
G1 X136.446 Y118.056 E255.49383
G1 X136.446 Y116.945 E255.51323
G1 X136.374 Y115.793 E255.53338
G1 X136.237 Y114.665 E255.55322
G1 X136.036 Y113.551 E255.57299
G1 X135.771 Y112.469 E255.59244
G1 X135.429 Y111.364 E255.61264
G1 X135.036 Y110.311 E255.63227
G1 X134.573 Y109.276 E255.65206
G1 X134.058 Y108.279 E255.67166
G1 X133.466 Y107.29 E255.69179
G1 X132.829 Y106.353 E255.71157
G1 X132.148 Y105.472 E255.73101
G1 X131.402 Y104.62 E255.75079
G1 X130.589 Y103.795 E255.77101
G1 X129.763 Y103.049 E255.79045
G1 X128.877 Y102.341 E255.81025
G1 X127.934 Y101.678 E255.83038
G1 X126.967 Y101.082 E255.85022
G1 X125.989 Y100.556 E255.86961
G1 X124.959 Y100.079 E255.88943
G1 X123.886 Y99.658 E255.90955
G1 X122.821 Y99.313 E255.9291
G1 X121.714 Y99.025 E255.94908
G1 X120.616 Y98.809 E255.96862
G1 X119.482 Y98.657 E255.98859
G1 X118.342 Y98.57 E256.00856
G1 X117.224 Y98.551 E256.02808
G1 X116.076 Y98.604 E256.04815
G1 X114.969 Y98.721 E256.06759
G1 X113.839 Y98.907 E256.08759
G1 X112.728 Y99.162 E256.10749
G1 X111.657 Y99.471 E256.12695
G1 X110.589 Y99.858 E256.14679
G1 X109.545 Y100.302 E256.1666
G1 X108.514 Y100.818 E256.18673
G1 X107.55 Y101.374 E256.20616
G1 X106.589 Y102.011 E256.2263
G1 X105.695 Y102.678 E256.24577
G1 X104.816 Y103.425 E256.26591
G1 X104.012 Y104.194 E256.28534
G1 X103.232 Y105.032 E256.30533
G1 X102.516 Y105.906 E256.32506
G1 X101.848 Y106.825 E256.3449
G1 X101.23 Y107.788 E256.36488
G1 X100.689 Y108.76 E256.3843
G1 X100.188 Y109.799 E256.40445
G1 X99.761 Y110.848 E256.42422
G1 X99.4 Y111.906 E256.44374
G1 X99.093 Y113.019 E256.4639
G1 X98.858 Y114.109 E256.48337
G1 X98.688 Y115.245 E256.50343
G1 X98.589 Y116.355 E256.52289
G1 X98.555 Y117.5 E256.54289
G0 F9000 X98.135 Y117.5
G1 F1800 X98.135 Y117.507 E256.54301
G1 X98.17 Y118.666 E256.56326
G1 X98.27 Y119.801 E256.58316
G1 X98.445 Y120.967 E256.60375
G1 X98.684 Y122.081 E256.62364
G1 X98.999 Y123.214 E256.64417
G1 X99.367 Y124.295 E256.66411
G1 X99.804 Y125.368 E256.68434
G1 X100.316 Y126.429 E256.70492
G1 X100.869 Y127.424 E256.72479
G1 X101.501 Y128.409 E256.74523
G1 X102.179 Y129.346 E256.76542
G1 X102.915 Y130.241 E256.78566
G1 X103.706 Y131.093 E256.80596
G1 X104.534 Y131.887 E256.82599
G1 X105.433 Y132.646 E256.84653
G1 X106.347 Y133.332 E256.86649
G1 X107.328 Y133.979 E256.88701
G1 X108.315 Y134.549 E256.90691
G1 X109.366 Y135.076 E256.92744
G1 X110.435 Y135.533 E256.94774
G1 X111.527 Y135.924 E256.968
G1 X112.623 Y136.241 E256.98792
G1 X113.759 Y136.501 E257.00827
G1 X114.917 Y136.695 E257.02877
G1 X116.043 Y136.811 E257.04854
G1 X117.219 Y136.865 E257.06909
G1 X118.363 Y136.85 E257.08907
G1 X119.526 Y136.761 E257.10944
G1 X120.685 Y136.606 E257.12986
G1 X121.803 Y136.385 E257.14975
G1 X122.943 Y136.087 E257.17033
G1 X124.031 Y135.734 E257.1903
G1 X125.123 Y135.304 E257.2108
G1 X126.178 Y134.816 E257.23109
G1 X127.181 Y134.277 E257.25098
G1 X128.168 Y133.669 E257.27122
G1 X129.129 Y132.992 E257.29174
G1 X130.035 Y132.267 E257.31201
G1 X130.88 Y131.504 E257.33189
G1 X131.71 Y130.667 E257.35247
G1 X132.464 Y129.8 E257.37253
G1 X133.173 Y128.881 E257.3928
G1 X133.821 Y127.932 E257.41287
G1 X134.425 Y126.925 E257.43337
G1 X134.951 Y125.903 E257.45344
G1 X135.42 Y124.852 E257.47354
G1 X135.835 Y123.748 E257.49413
G1 X136.176 Y122.64 E257.51438
G1 X136.451 Y121.517 E257.53456
G1 X136.652 Y120.394 E257.55449
G1 X136.796 Y119.222 E257.5751
G1 X136.866 Y118.069 E257.59527
G1 X136.866 Y116.932 E257.61513
G1 X136.792 Y115.754 E257.63574
G1 X136.652 Y114.602 E257.656
G1 X136.447 Y113.463 E257.67621
G1 X136.176 Y112.357 E257.69609
G1 X135.827 Y111.228 E257.71673
G1 X135.424 Y110.152 E257.73679
G1 X134.952 Y109.094 E257.75702
G1 X134.425 Y108.075 E257.77705
G1 X133.82 Y107.064 E257.79763
G1 X133.169 Y106.107 E257.81784
G1 X132.473 Y105.205 E257.83773
G1 X131.71 Y104.334 E257.85795
G1 X130.88 Y103.492 E257.8786
G1 X130.035 Y102.729 E257.89848
G1 X129.129 Y102.005 E257.91873
G1 X128.165 Y101.327 E257.93931
G1 X127.177 Y100.718 E257.95957
G1 X126.177 Y100.18 E257.9794
G1 X125.124 Y99.692 E257.99967
G1 X124.027 Y99.262 E258.02024
G1 X122.939 Y98.91 E258.04021
G1 X121.807 Y98.615 E258.06063
G1 X120.685 Y98.394 E258.0806
G1 X119.526 Y98.239 E258.10102
G1 X118.362 Y98.15 E258.12141
G1 X117.218 Y98.131 E258.14138
G1 X116.044 Y98.185 E258.16191
G1 X114.913 Y98.305 E258.18177
G1 X113.758 Y98.495 E258.20221
G1 X112.623 Y98.755 E258.22254
G1 X111.527 Y99.072 E258.24246
G1 X110.435 Y99.467 E258.26274
G1 X109.369 Y99.921 E258.28297
G1 X108.315 Y100.448 E258.30355
G1 X107.328 Y101.016 E258.32343
G1 X106.347 Y101.668 E258.344
G1 X105.433 Y102.35 E258.36391
G1 X104.535 Y103.113 E258.38449
G1 X103.713 Y103.899 E258.40435
G1 X102.915 Y104.755 E258.42478
G1 X102.183 Y105.649 E258.44496
G1 X101.501 Y106.588 E258.46522
G1 X100.869 Y107.572 E258.48564
G1 X100.316 Y108.567 E258.50552
G1 X99.804 Y109.628 E258.52609
G1 X99.367 Y110.701 E258.54632
G1 X98.999 Y111.782 E258.56626
G1 X98.685 Y112.919 E258.58686
G1 X98.444 Y114.034 E258.60678
G1 X98.27 Y115.195 E258.62728
G1 X98.17 Y116.33 E258.64717
G1 X98.135 Y117.5 E258.66761
G1 F1500 E257.66761
G0 F9000 X98.425 Y117.5
G0 X113.453 Y117.5
G1 F1500 E258.66761
G1 F1800 X113.45 Y117.468 E258.66817
G1 X113.497 Y116.884 E258.6784
G1 X113.645 Y116.257 E258.68965
G1 X113.873 Y115.698 E258.7002
G1 X114.202 Y115.154 E258.7113
G1 X114.617 Y114.657 E258.7226
G1 X115.026 Y114.296 E258.73213
G1 X115.555 Y113.943 E258.74323
G1 X116.141 Y113.68 E258.75445
G1 X116.757 Y113.519 E258.76557
G1 X117.277 Y113.455 E258.77472
G1 X117.933 Y113.472 E258.78617
G1 X118.598 Y113.597 E258.79799
G1 X119.174 Y113.806 E258.80869
G1 X119.683 Y114.085 E258.81882
G1 X120.172 Y114.452 E258.8295
G1 X120.633 Y114.926 E258.84105
G1 X120.982 Y115.429 E258.85174
G1 X121.272 Y116.011 E258.86309
G1 X121.451 Y116.575 E258.87342
G1 X121.545 Y117.202 E258.88449
G1 X121.545 Y117.796 E258.89487
G1 X121.445 Y118.434 E258.90614
G1 X121.248 Y119.045 E258.91735
G1 X120.981 Y119.577 E258.92775
G1 X120.613 Y120.098 E258.93888
G1 X120.205 Y120.52 E258.94913
G1 X119.683 Y120.911 E258.96052
G1 X119.14 Y121.204 E258.9713
G1 X118.598 Y121.398 E258.98135
G1 X117.958 Y121.521 E258.99273
G1 X117.353 Y121.55 E259.0033
G1 X116.724 Y121.475 E259.01437
G1 X116.129 Y121.315 E259.02512
G1 X115.571 Y121.058 E259.03585
G1 X115.048 Y120.725 E259.04668
G1 X114.574 Y120.295 E259.05785
G1 X114.193 Y119.833 E259.06831
G1 X113.869 Y119.291 E259.07934
G1 X113.636 Y118.709 E259.09028
G1 X113.504 Y118.158 E259.10018
G1 X113.453 Y117.5 E259.1117
G0 F9000 X113.871 Y117.5
G1 F1800 X113.87 Y117.481 E259.11203
G1 X113.912 Y116.946 E259.1214
G1 X114.037 Y116.41 E259.13101
G1 X114.236 Y115.92 E259.14025
G1 X114.521 Y115.431 E259.15013
G1 X114.908 Y114.96 E259.16078
G1 X115.291 Y114.622 E259.1697
G1 X115.727 Y114.333 E259.17883
G1 X116.252 Y114.091 E259.18892
G1 X116.787 Y113.941 E259.19863
G1 X117.332 Y113.872 E259.20822
G1 X117.901 Y113.891 E259.21816
G1 X118.427 Y113.987 E259.2275
G1 X118.977 Y114.179 E259.23767
G1 X119.463 Y114.443 E259.24733
G1 X119.904 Y114.775 E259.25697
G1 X120.308 Y115.192 E259.2671
G1 X120.607 Y115.621 E259.27624
G1 X120.864 Y116.122 E259.28607
G1 X121.03 Y116.637 E259.29552
G1 X121.124 Y117.209 E259.30564
G1 X121.124 Y117.79 E259.31578
G1 X121.042 Y118.311 E259.32499
G1 X120.864 Y118.873 E259.33529
G1 X120.634 Y119.334 E259.34428
G1 X120.296 Y119.822 E259.35465
G1 X119.894 Y120.233 E259.36469
G1 X119.481 Y120.541 E259.37368
G1 X119.024 Y120.795 E259.38281
G1 X118.477 Y120.996 E259.39299
G1 X117.936 Y121.101 E259.40261
G1 X117.358 Y121.126 E259.41271
G1 X116.787 Y121.059 E259.42275
G1 X116.299 Y120.926 E259.43158
G1 X115.769 Y120.688 E259.44173
G1 X115.331 Y120.408 E259.45081
G1 X114.923 Y120.05 E259.46028
G1 X114.541 Y119.594 E259.47067
G1 X114.259 Y119.123 E259.48026
G1 X114.043 Y118.604 E259.49007
G1 X113.912 Y118.054 E259.49995
G1 X113.871 Y117.5 E259.50965
G0 F9000 X114.291 Y117.5
;TYPE:WALL-OUTER
G1 F1800 X114.29 Y117.483 E259.50994
G1 X114.331 Y116.992 E259.51855
G1 X114.445 Y116.516 E259.52709
G1 X114.626 Y116.076 E259.5354
G1 X114.877 Y115.654 E259.54398
G1 X115.204 Y115.258 E259.55294
G1 X115.573 Y114.936 E259.5615
G1 X115.982 Y114.672 E259.57
G1 X116.416 Y114.478 E259.5783
G1 X116.893 Y114.348 E259.58693
G1 X117.369 Y114.29 E259.5953
G1 X117.88 Y114.311 E259.60423
G1 X118.357 Y114.402 E259.61271
G1 X118.821 Y114.569 E259.62132
G1 X119.26 Y114.812 E259.63008
G1 X119.635 Y115.098 E259.63832
G1 X119.987 Y115.463 E259.64717
G1 X120.268 Y115.873 E259.65585
G1 X120.483 Y116.299 E259.66419
G1 X120.632 Y116.779 E259.67296
G1 X120.706 Y117.254 E259.68136
G1 X120.704 Y117.766 E259.6903
G1 X120.629 Y118.234 E259.69857
G1 X120.483 Y118.697 E259.70705
G1 X120.261 Y119.141 E259.71572
G1 X119.979 Y119.546 E259.72434
G1 X119.632 Y119.905 E259.73305
G1 X119.243 Y120.195 E259.74153
G1 X118.809 Y120.432 E259.75016
G1 X118.35 Y120.596 E259.75867
G1 X117.88 Y120.685 E259.76703
G1 X117.369 Y120.706 E259.77596
G1 X116.887 Y120.651 E259.78443
G1 X116.405 Y120.518 E259.79316
G1 X115.968 Y120.318 E259.80155
G1 X115.547 Y120.045 E259.81031
G1 X115.181 Y119.714 E259.81893
G1 X114.871 Y119.332 E259.82752
G1 X114.626 Y118.92 E259.83589
G1 X114.435 Y118.449 E259.84476
G1 X114.328 Y117.992 E259.85296
G1 X114.291 Y117.5 E259.86157
G0 F9000 X114.29 Y117.483
G0 X114.305 Y117.301
G1 F1500 E258.86157
G0 F9000 X113.602 Y117.246
G0 X98.425 Y117.5
G0 X97.715 Y117.5
G1 F1500 E259.86157
G1 F1800 X97.715 Y117.507 E259.8617
G1 X97.75 Y118.691 E259.88238
G1 X97.853 Y119.851 E259.90272
G1 X98.031 Y121.042 E259.92374
G1 X98.276 Y122.181 E259.94409
G1 X98.597 Y123.338 E259.96505
G1 X98.973 Y124.442 E259.98542
G1 X99.42 Y125.538 E260.00609
G1 X99.943 Y126.623 E260.02712
G1 X100.509 Y127.64 E260.04744
G1 X101.154 Y128.645 E260.06829
G1 X101.847 Y129.603 E260.08894
G1 X102.599 Y130.517 E260.10961
G1 X103.406 Y131.388 E260.13034
G1 X104.253 Y132.199 E260.15082
G1 X105.171 Y132.975 E260.17181
G1 X106.105 Y133.676 E260.1922
G1 X107.107 Y134.337 E260.21316
G1 X108.116 Y134.919 E260.2335
G1 X109.189 Y135.457 E260.25446
G1 X110.281 Y135.924 E260.2752
G1 X111.397 Y136.324 E260.2959
G1 X112.517 Y136.648 E260.31626
G1 X113.677 Y136.913 E260.33703
G1 X114.861 Y137.111 E260.358
G1 X116.012 Y137.23 E260.3782
G1 X117.212 Y137.285 E260.39918
G1 X118.382 Y137.27 E260.41961
G1 X119.57 Y137.179 E260.44041
G1 X120.753 Y137.02 E260.46126
G1 X121.897 Y136.795 E260.48162
G1 X123.061 Y136.49 E260.50263
G1 X124.173 Y136.13 E260.52304
G1 X125.289 Y135.69 E260.54398
G1 X126.366 Y135.192 E260.5647
G1 X127.391 Y134.641 E260.58502
G1 X128.4 Y134.02 E260.60571
G1 X129.381 Y133.328 E260.62667
G1 X130.307 Y132.587 E260.64738
G1 X131.17 Y131.808 E260.66768
G1 X132.018 Y130.953 E260.68871
G1 X132.789 Y130.066 E260.70923
G1 X133.513 Y129.128 E260.72992
G1 X134.175 Y128.158 E260.75043
G1 X134.792 Y127.129 E260.77138
G1 X135.33 Y126.085 E260.79189
G1 X135.809 Y125.012 E260.81241
G1 X136.233 Y123.884 E260.83345
G1 X136.581 Y122.752 E260.85413
G1 X136.862 Y121.604 E260.87477
G1 X137.068 Y120.456 E260.89513
G1 X137.214 Y119.26 E260.91617
G1 X137.286 Y118.081 E260.9368
G1 X137.286 Y116.919 E260.95709
G1 X137.21 Y115.716 E260.97813
G1 X137.068 Y114.54 E260.99882
G1 X136.858 Y113.376 E261.01947
G1 X136.581 Y112.245 E261.0398
G1 X136.225 Y111.092 E261.06088
G1 X135.813 Y109.992 E261.08139
G1 X135.33 Y108.912 E261.10205
G1 X134.792 Y107.871 E261.12251
G1 X134.174 Y106.838 E261.14353
G1 X133.509 Y105.86 E261.16418
G1 X132.797 Y104.938 E261.18452
G1 X132.018 Y104.048 E261.20517
G1 X131.17 Y103.188 E261.22626
G1 X130.307 Y102.409 E261.24656
G1 X129.381 Y101.669 E261.26726
G1 X128.396 Y100.976 E261.28829
G1 X127.387 Y100.354 E261.30899
G1 X126.365 Y99.804 E261.32925
G1 X125.289 Y99.306 E261.34996
G1 X124.169 Y98.866 E261.37097
G1 X123.057 Y98.506 E261.39138
G1 X121.901 Y98.205 E261.41224
G1 X120.753 Y97.98 E261.43266
G1 X119.57 Y97.821 E261.45351
G1 X118.382 Y97.73 E261.47431
G1 X117.212 Y97.711 E261.49474
G1 X116.012 Y97.766 E261.51572
G1 X114.857 Y97.889 E261.536
G1 X113.677 Y98.083 E261.55688
G1 X112.517 Y98.348 E261.57766
G1 X111.397 Y98.672 E261.59802
G1 X110.281 Y99.076 E261.61874
G1 X109.193 Y99.539 E261.63939
G1 X108.116 Y100.078 E261.66042
G1 X107.107 Y100.659 E261.68075
G1 X106.105 Y101.324 E261.70175
G1 X105.171 Y102.021 E261.7221
G1 X104.253 Y102.801 E261.74314
G1 X103.414 Y103.604 E261.76341
G1 X102.599 Y104.479 E261.78429
G1 X101.851 Y105.393 E261.80492
G1 X101.154 Y106.351 E261.8256
G1 X100.509 Y107.356 E261.84646
G1 X99.943 Y108.373 E261.86678
G1 X99.42 Y109.458 E261.88781
G1 X98.973 Y110.554 E261.90848
G1 X98.597 Y111.658 E261.92885
G1 X98.277 Y112.819 E261.94987
G1 X98.031 Y113.958 E261.97022
G1 X97.853 Y115.145 E261.99118
G1 X97.75 Y116.305 E262.01152
G1 X97.715 Y117.5 E262.03239
G0 F9000 X97.715 Y117.507
G0 X97.72 Y117.699
G1 F1500 E261.03239
G0 F9000 X98.43 Y117.679
G0 X113.074 Y117.5
;TYPE:SKIN
G1 F1500 E262.03239
G1 F1800 X113.121 Y118.177 E262.04424
G1 X113.273 Y118.84 E262.05612
G1 X113.522 Y119.434 E262.06737
G1 X113.871 Y120.038 E262.07955
G1 X114.331 Y120.589 E262.09208
G1 X114.816 Y121.021 E262.10342
G1 X115.363 Y121.379 E262.11484
G1 X115.976 Y121.66 E262.12661
G1 X116.668 Y121.849 E262.13914
G1 X117.321 Y121.922 E262.15061
G1 X118.004 Y121.893 E262.16255
G1 X118.654 Y121.78 E262.17407
G1 X119.314 Y121.544 E262.18631
G1 X119.883 Y121.231 E262.19765
G1 X120.411 Y120.841 E262.20911
G1 X120.899 Y120.343 E262.22128
G1 X121.301 Y119.781 E262.23335
G1 X121.619 Y119.149 E262.2457
G1 X121.815 Y118.513 E262.25732
G1 X121.92 Y117.858 E262.26891
G1 X121.922 Y117.179 E262.28076
G1 X121.817 Y116.49 E262.29293
G1 X121.625 Y115.878 E262.30413
G1 X121.305 Y115.231 E262.31674
G1 X120.923 Y114.681 E262.32843
G1 X120.45 Y114.185 E262.3404
G1 X119.96 Y113.812 E262.35115
G1 X119.344 Y113.464 E262.36351
G1 X118.65 Y113.216 E262.37637
G1 X118.048 Y113.103 E262.38707
G1 X117.315 Y113.066 E262.39989
G1 X116.697 Y113.144 E262.41076
G1 X116.022 Y113.32 E262.42294
G1 X115.353 Y113.622 E262.43576
G1 X114.821 Y113.968 E262.44684
G1 X114.316 Y114.414 E262.45861
G1 X113.854 Y114.987 E262.47146
G1 X113.534 Y115.529 E262.48245
G1 X113.276 Y116.148 E262.49416
G1 X113.123 Y116.808 E262.50599
G1 X113.07 Y117.443 E262.51712
G1 X113.074 Y117.5 E262.51811
G1 F1500 E261.51811
G0 F9000 X98.931 Y117.5
G1 F1500 E262.51811
G1 F1800 X98.966 Y116.369 E262.53787
G1 X99.061 Y115.297 E262.55666
G1 X99.227 Y114.186 E262.57628
G1 X99.457 Y113.119 E262.59534
G1 X99.765 Y112.006 E262.6155
G1 X100.109 Y110.986 E262.6343
G1 X100.528 Y109.962 E262.65362
G1 X101.031 Y108.925 E262.67375
G1 X101.549 Y107.988 E262.69244
G1 X102.162 Y107.031 E262.71229
G1 X102.863 Y106.077 E262.73296
G1 X103.507 Y105.287 E262.75076
G1 X104.286 Y104.452 E262.7707
G1 X105.061 Y103.713 E262.78939
G1 X105.94 Y102.969 E262.8095
G1 X106.814 Y102.312 E262.8286
G1 X107.739 Y101.699 E262.84797
G1 X108.684 Y101.154 E262.86702
G1 X109.713 Y100.639 E262.88711
G1 X110.737 Y100.204 E262.90654
G1 X111.781 Y99.824 E262.92594
G1 X112.813 Y99.528 E262.94469
G1 X113.909 Y99.279 E262.96431
G1 X115.029 Y99.093 E262.98414
G1 X116.096 Y98.982 E263.00287
G1 X117.232 Y98.927 E263.02273
G1 X118.313 Y98.946 E263.04161
G1 X119.441 Y99.033 E263.06136
G1 X120.561 Y99.184 E263.0811
G1 X121.617 Y99.389 E263.09988
G1 X122.721 Y99.678 E263.11981
G1 X123.749 Y100.01 E263.13867
G1 X124.817 Y100.43 E263.15871
G1 X125.83 Y100.896 E263.17818
G1 X126.766 Y101.402 E263.19676
G1 X127.724 Y101.992 E263.21641
G1 X128.653 Y102.644 E263.23623
G1 X129.523 Y103.344 E263.25572
G1 X130.33 Y104.072 E263.2747
G1 X131.118 Y104.868 E263.29426
G1 X131.845 Y105.702 E263.31358
G1 X132.525 Y106.584 E263.33303
G1 X133.138 Y107.486 E263.35207
G1 X133.72 Y108.455 E263.37181
G1 X134.234 Y109.448 E263.39133
G1 X134.681 Y110.452 E263.41052
G1 X135.065 Y111.477 E263.42964
G1 X135.409 Y112.581 E263.44983
G1 X135.662 Y113.616 E263.46843
G1 X135.86 Y114.712 E263.48788
G1 X135.994 Y115.816 E263.5073
G1 X136.066 Y116.967 E263.52744
G1 X136.066 Y118.033 E263.54605
G1 X135.998 Y119.136 E263.56535
G1 X135.86 Y120.28 E263.58547
G1 X135.67 Y121.34 E263.60427
G1 X135.405 Y122.416 E263.62362
G1 X135.143 Y123.283 E263.63944
G1 X135.153 Y123.296 E263.63972
G1 X134.681 Y124.54 E263.66296
G1 X134.234 Y125.545 E263.68216
G1 X133.72 Y126.541 E263.70173
G1 X133.15 Y127.49 E263.72107
G1 X132.529 Y128.404 E263.74036
G1 X131.841 Y129.298 E263.76006
G1 X131.114 Y130.132 E263.77938
G1 X130.334 Y130.92 E263.79874
G1 X129.524 Y131.651 E263.81779
G1 X128.649 Y132.347 E263.83731
G1 X127.72 Y133.004 E263.85718
G1 X126.775 Y133.586 E263.87656
G1 X125.83 Y134.096 E263.89531
G1 X124.817 Y134.562 E263.91478
G1 X123.749 Y134.986 E263.93485
G1 X122.725 Y135.314 E263.95362
G1 X121.613 Y135.607 E263.9737
G1 X120.561 Y135.812 E263.99242
G1 X119.441 Y135.963 E264.01215
G1 X118.314 Y136.05 E264.03189
G1 X117.236 Y136.065 E264.05072
G1 X116.092 Y136.01 E264.07071
G1 X115.032 Y135.903 E264.08932
G1 X113.913 Y135.717 E264.10913
G1 X112.813 Y135.464 E264.12883
G1 X111.781 Y135.164 E264.1476
G1 X110.733 Y134.792 E264.16702
G1 X109.697 Y134.349 E264.18669
G1 X108.692 Y133.843 E264.20634
G1 X107.755 Y133.305 E264.22521
G1 X106.798 Y132.672 E264.24524
G1 X105.923 Y132.015 E264.26435
G1 X105.069 Y131.295 E264.28385
G1 X104.27 Y130.528 E264.30319
G1 X103.515 Y129.713 E264.32259
G1 X102.811 Y128.855 E264.34197
G1 X102.154 Y127.949 E264.36152
G1 X101.549 Y127.004 E264.38111
G1 X101.031 Y126.067 E264.3998
G1 X100.528 Y125.03 E264.41993
G1 X100.109 Y124.006 E264.43925
G1 X99.757 Y122.966 E264.45842
G1 X99.457 Y121.877 E264.47815
G1 X99.227 Y120.81 E264.4972
G1 X99.061 Y119.695 E264.51689
G1 X98.966 Y118.627 E264.53561
G1 X98.931 Y117.515 E264.55504
G1 X98.931 Y117.5 E264.5553
G1 F1500 E263.5553
G0 F9000 X102.428 Y127.969
G1 F1500 E264.5553
G1 F1800 X107.037 Y132.578 E264.66912
G1 X107.111 Y132.652
G0 F9000 X108.602 Y133.549
G1 F1800 X101.458 Y126.405 E264.84553
G1 X101.384 Y126.331
G0 F9000 X100.841 Y125.194
G1 F1800 X109.82 Y134.173 E265.06726
G1 X109.894 Y134.247
G0 F9000 X110.852 Y134.611
G1 F1800 X100.397 Y124.156 E265.32544
G1 X100.323 Y124.082
G0 F9000 X100.07 Y123.235
G1 F1800 X111.773 Y134.938 E265.61444
G1 X111.847 Y135.012
G0 F9000 X112.618 Y135.189
G1 F1800 X99.815 Y122.386 E265.9306
G0 F9000 X99.609 Y121.586
G1 F1800 X113.409 Y135.385 E266.27138
G0 F9000 X114.162 Y135.545
G1 F1800 X99.446 Y120.829 E266.63478
G0 F9000 X99.338 Y120.127
G1 F1800 X114.875 Y135.664 E267.01845
G0 F9000 X115.549 Y135.744
G1 F1800 X99.25 Y119.444 E267.42096
G0 F9000 X99.192 Y118.793
G1 F1800 X116.203 Y135.804 E267.84104
G0 F9000 X116.827 Y135.835
G1 F1800 X99.162 Y118.169 E268.27728
G0 F9000 X99.142 Y117.555
G1 F1800 X117.439 Y135.852 E268.72911
G0 F9000 X118.025 Y135.844
G1 F1800 X99.158 Y116.977 E269.19502
G0 F9000 X99.176 Y116.401
G1 F1800 X118.592 Y135.818 E269.6745
G0 F9000 X119.144 Y135.775
G1 F1800 X99.223 Y115.854 E270.16643
G0 F9000 X99.271 Y115.309
G1 F1800 X119.681 Y135.719 E270.67045
G0 F9000 X120.205 Y135.649
G1 F1800 X99.349 Y114.792 E271.18548
G0 F9000 X99.426 Y114.275
G1 F1800 X120.719 Y135.568 E271.7113
G0 F9000 X121.215 Y135.47
G1 F1800 X99.528 Y113.783 E272.24685
G0 F9000 X99.633 Y113.295
G1 F1800 X121.704 Y135.366 E272.79188
G0 F9000 X122.175 Y135.242
G1 F1800 X99.757 Y112.824 E273.34548
G0 F9000 X99.885 Y112.359
G1 F1800 X122.644 Y135.117 E273.90749
G0 F9000 X123.095 Y134.975
G1 F1800 X100.022 Y111.902 E274.47726
G0 F9000 X100.172 Y111.457
G1 F1800 X123.545 Y134.83 E275.05444
G0 F9000 X123.977 Y134.668
G1 F1800 X100.324 Y111.015 E275.63854
G0 F9000 X100.496 Y110.594
G1 F1800 X124.402 Y134.499 E276.22887
G0 F9000 X124.823 Y134.327
G1 F1800 X100.669 Y110.172 E276.82535
G0 F9000 X100.856 Y109.766
G1 F1800 X125.23 Y134.14 E277.42725
G0 F9000 X125.637 Y133.953
G1 F1800 X101.051 Y109.366 E278.0344
G0 F9000 X101.247 Y108.969
G1 F1800 X126.028 Y133.75 E278.64635
G0 F9000 X126.414 Y133.541
G1 F1800 X101.459 Y108.586 E279.2626
G0 F9000 X101.67 Y108.204
G1 F1800 X114.07 Y120.603 E279.5688
G0 F9000 X114.372 Y120.905
G1 F1800 X126.793 Y133.327 E279.87554
G0 F9000 X127.161 Y133.101
G1 F1800 X115.925 Y121.865 E280.15301
G0 F9000 X116.716 Y122.062
G1 F1800 X127.529 Y132.875 E280.42003
G0 F9000 X127.881 Y132.633
G1 F1800 X117.378 Y122.129 E280.6794
G0 F9000 X117.948 Y122.105
G1 F1800 X128.229 Y132.387 E280.9333
G0 F9000 X128.575 Y132.138
G1 F1800 X118.462 Y122.026 E281.18302
G0 F9000 X118.933 Y121.902
G1 F1800 X128.905 Y131.875 E281.42929
G0 F9000 X129.236 Y131.612
G1 F1800 X119.37 Y121.745 E281.67293
G0 F9000 X119.757 Y121.539
G1 F1800 X129.556 Y131.338 E281.91491
G0 F9000 X129.869 Y131.057
G1 F1800 X120.126 Y121.314 E282.15551
G0 F9000 X120.467 Y121.061
G1 F1800 X130.18 Y130.774 E282.39537
G0 F9000 X130.477 Y130.477
G1 F1800 X120.772 Y120.772 E282.63503
G0 F9000 X121.064 Y120.47
G1 F1800 X130.773 Y130.179 E282.87478
G0 F9000 X131.062 Y129.874
G1 F1800 X121.312 Y120.124 E283.11555
G0 F9000 X121.544 Y119.762
G1 F1800 X131.339 Y129.557 E283.35744
G0 F9000 X131.615 Y129.239
G1 F1800 X121.743 Y119.367 E283.60122
G0 F9000 X121.903 Y118.933
G1 F1800 X131.878 Y128.908 E283.84755
G0 F9000 X132.136 Y128.572
G1 F1800 X122.034 Y118.47 E284.09701
G0 F9000 X122.116 Y117.958
G1 F1800 X132.392 Y128.234 E284.35077
G0 F9000 X132.632 Y127.88
G1 F1800 X122.131 Y117.379 E284.61008
G0 F9000 X122.062 Y116.716
G1 F1800 X132.872 Y127.526 E284.87703
G0 F9000 X133.102 Y127.163
G1 F1800 X121.856 Y115.916 E285.15476
G1 X121.782 Y115.842
G0 F9000 X121.089 Y114.556
G1 F1800 X133.325 Y126.791 E285.4569
G0 F9000 X133.547 Y126.419
G1 F1800 X108.583 Y101.455 E286.07337
G0 F9000 X108.206 Y101.673
G1 F1800 X120.47 Y113.937 E286.37623
G1 X120.544 Y114.011
G0 F9000 X119.088 Y113.148
G1 F1800 X107.831 Y101.891 E286.65421
G0 F9000 X107.474 Y102.128
G1 F1800 X118.279 Y112.933 E286.92103
G0 F9000 X117.624 Y112.872
G1 F1800 X107.117 Y102.365 E287.1805
G0 F9000 X106.768 Y102.61
G1 F1800 X117.046 Y112.888 E287.43431
G0 F9000 X116.533 Y112.97
G1 F1800 X106.429 Y102.865 E287.68383
G0 F9000 X106.09 Y103.12
G1 F1800 X116.064 Y113.094 E287.93013
G0 F9000 X115.639 Y113.263
G1 F1800 X105.767 Y103.391 E288.17392
G0 F9000 X105.445 Y103.663
G1 F1800 X115.232 Y113.45 E288.4156
G0 F9000 X114.872 Y113.684
G1 F1800 X105.128 Y103.94 E288.65622
G0 F9000 X104.824 Y104.23
G1 F1800 X114.535 Y113.941 E288.89603
G0 F9000 X114.222 Y114.222
G1 F1800 X104.52 Y104.52 E289.13561
G0 F9000 X104.228 Y104.822
G1 F1800 X113.945 Y114.539 E289.37557
G0 F9000 X113.682 Y114.869
G1 F1800 X103.94 Y105.128 E289.61613
G0 F9000 X103.655 Y105.437
G1 F1800 X113.461 Y115.243 E289.85828
G0 F9000 X113.262 Y115.637
G1 F1800 X103.388 Y105.764 E290.1021
G0 F9000 X103.122 Y106.091
G1 F1800 X113.088 Y116.057 E290.34821
G0 F9000 X112.972 Y116.536
G1 F1800 X102.864 Y106.428 E290.59782
G0 F9000 X102.613 Y106.77
G1 F1800 X112.892 Y117.05 E290.85167
G0 F9000 X112.872 Y117.624
G1 F1800 X102.361 Y107.113 E291.11123
G0 F9000 X102.127 Y107.473
G1 F1800 X112.928 Y118.274 E291.37795
G1 X113.002 Y118.348
G0 F9000 X113.157 Y119.097
G1 F1800 X101.896 Y107.836 E291.65604
G1 X101.822 Y107.762
G1 F1500 E290.65604
G0 F9000 X108.969 Y101.247
G1 F1500 E291.65604
G1 F1800 X133.749 Y126.028 E292.26797
G0 F9000 X133.951 Y125.636
G1 F1800 X109.365 Y101.049 E292.87512
G0 F9000 X109.761 Y100.851
G1 F1800 X134.144 Y125.234 E293.47725
G0 F9000 X134.326 Y124.823
G1 F1800 X110.175 Y100.671 E294.07365
G0 F9000 X110.592 Y100.494
G1 F1800 X134.507 Y124.409 E294.66422
G0 F9000 X134.67 Y123.978
G1 F1800 X111.017 Y100.326 E295.2483
G0 F9000 X111.453 Y100.167
G1 F1800 X134.833 Y123.547 E295.82566
G0 F9000 X134.98 Y123.1
G1 F1800 X111.891 Y100.012 E296.39581
G0 F9000 X112.352 Y99.879
G1 F1800 X135.117 Y122.644 E296.95798
G0 F9000 X135.247 Y122.18
G1 F1800 X112.814 Y99.747 E297.51195
G0 F9000 X113.295 Y99.634
G1 F1800 X135.364 Y121.703 E298.05693
G0 F9000 X135.477 Y121.222
G1 F1800 X113.779 Y99.524 E298.59275
G0 F9000 X114.28 Y99.431
G1 F1800 X135.568 Y120.719 E299.11845
G0 F9000 X135.657 Y120.214
G1 F1800 X114.789 Y99.346 E299.63377
G0 F9000 X115.312 Y99.275
G1 F1800 X135.721 Y119.683 E300.13774
G0 F9000 X135.785 Y119.154
G1 F1800 X115.85 Y99.218 E300.63004
G0 F9000 X116.403 Y99.177
G1 F1800 X135.821 Y118.596 E301.10957
G0 F9000 X135.856 Y118.037
G1 F1800 X116.97 Y99.151 E301.57594
G0 F9000 X117.556 Y99.143
G1 F1800 X135.856 Y117.443 E302.02785
G0 F9000 X135.848 Y116.841
G1 F1800 X118.161 Y99.154 E302.46462
G0 F9000 X118.795 Y99.194
G1 F1800 X135.808 Y116.207 E302.88475
G0 F9000 X135.75 Y115.555
G1 F1800 X119.441 Y99.246 E303.28749
G0 F9000 X120.127 Y99.338
G1 F1800 X135.669 Y114.88 E303.67129
G0 F9000 X135.548 Y114.165
G1 F1800 X120.835 Y99.452 E304.03462
G0 F9000 X121.572 Y99.595
G1 F1800 X135.399 Y113.422 E304.37607
G0 F9000 X135.207 Y112.636
G1 F1800 X122.376 Y99.805 E304.69292
G1 X122.302 Y99.731
G0 F9000 X123.227 Y100.063
G1 F1800 X134.936 Y111.772 E304.98207
G1 X135.01 Y111.846
G0 F9000 X134.605 Y110.846
G1 F1800 X124.153 Y100.394 E305.24017
G1 X124.079 Y100.32
G0 F9000 X125.181 Y100.828
G1 F1800 X134.168 Y109.815 E305.4621
G1 X134.242 Y109.889
G0 F9000 X133.574 Y108.627
G1 F1800 X126.378 Y101.432 E305.63979
G1 X126.304 Y101.358
G0 F9000 X127.942 Y102.401
G1 F1800 X132.583 Y107.043 E305.75441
G1 X132.657 Y107.117
G1 F1500 E304.75441
;MESH:NONMESH
G0 F600 X132.657 Y107.117 Z0.62
G0 F9000 X98.555 Y117.5
;TIME_ELAPSED:693.980435
;LAYER:5
M106 S255
;TYPE:WALL-INNER
;MESH:ranella v1.stl
G1 F1500 E305.75441
G1 F1800 X98.555 Y117.507 E305.75453
G1 X98.589 Y118.641 E305.77434
G1 X98.688 Y119.751 E305.7938
G1 X98.858 Y120.891 E305.81393
G1 X99.092 Y121.981 E305.83339
G1 X99.4 Y123.09 E305.85349
G1 X99.761 Y124.148 E305.87301
G1 X100.188 Y125.197 E305.89279
G1 X100.689 Y126.236 E305.91293
G1 X101.23 Y127.208 E305.93235
G1 X101.848 Y128.172 E305.95235
G1 X102.512 Y129.09 E305.97213
G1 X103.232 Y129.965 E305.99192
G1 X104.005 Y130.799 E306.01178
G1 X104.815 Y131.575 E306.03136
G1 X105.695 Y132.318 E306.05147
G1 X106.589 Y132.989 E306.07099
G1 X107.549 Y133.622 E306.09107
G1 X108.515 Y134.179 E306.11054
G1 X109.543 Y134.695 E306.13063
G1 X110.588 Y135.142 E306.15047
G1 X111.656 Y135.524 E306.17028
G1 X112.728 Y135.834 E306.18977
G1 X113.84 Y136.089 E306.20969
G1 X114.973 Y136.278 E306.22974
G1 X116.075 Y136.392 E306.24909
G1 X117.226 Y136.445 E306.26921
G1 X118.344 Y136.43 E306.28873
G1 X119.482 Y136.343 E306.30866
G1 X120.616 Y136.191 E306.32864
G1 X121.709 Y135.976 E306.34809
G1 X122.825 Y135.683 E306.36824
G1 X123.889 Y135.339 E306.38777
G1 X124.958 Y134.918 E306.40783
G1 X125.99 Y134.44 E306.42769
G1 X126.971 Y133.913 E306.44713
G1 X127.937 Y133.319 E306.46693
G1 X128.876 Y132.656 E306.487
G1 X129.763 Y131.947 E306.50683
G1 X130.59 Y131.2 E306.52629
G1 X131.402 Y130.381 E306.54643
G1 X132.139 Y129.533 E306.56605
G1 X132.833 Y128.634 E306.58588
G1 X133.467 Y127.705 E306.60552
G1 X134.058 Y126.72 E306.62558
G1 X134.573 Y125.721 E306.6452
G1 X135.032 Y124.693 E306.66486
G1 X135.437 Y123.612 E306.68502
G1 X135.771 Y122.528 E306.70483
G1 X136.04 Y121.43 E306.72457
G1 X136.237 Y120.331 E306.74406
G1 X136.377 Y119.184 E306.76424
G1 X136.446 Y118.056 E306.78397
G1 X136.446 Y116.945 E306.80337
G1 X136.374 Y115.793 E306.82353
G1 X136.237 Y114.665 E306.84337
G1 X136.036 Y113.551 E306.86314
G1 X135.771 Y112.469 E306.88259
G1 X135.429 Y111.364 E306.90278
G1 X135.036 Y110.311 E306.92241
G1 X134.573 Y109.276 E306.94221
G1 X134.058 Y108.279 E306.9618
G1 X133.466 Y107.29 E306.98193
G1 X132.829 Y106.353 E307.00172
G1 X132.148 Y105.472 E307.02116
G1 X131.402 Y104.62 E307.04093
G1 X130.589 Y103.795 E307.06116
G1 X129.763 Y103.049 E307.08059
G1 X128.877 Y102.341 E307.1004
G1 X127.934 Y101.678 E307.12053
G1 X126.967 Y101.082 E307.14036
G1 X125.989 Y100.556 E307.15975
G1 X124.959 Y100.079 E307.17957
G1 X123.886 Y99.658 E307.1997
G1 X122.821 Y99.313 E307.21925
G1 X121.714 Y99.025 E307.23922
G1 X120.616 Y98.809 E307.25876
G1 X119.482 Y98.657 E307.27874
G1 X118.342 Y98.57 E307.2987
G1 X117.224 Y98.551 E307.31823
G1 X116.076 Y98.604 E307.3383
G1 X114.969 Y98.721 E307.35773
G1 X113.839 Y98.907 E307.37773
G1 X112.728 Y99.162 E307.39763
G1 X111.657 Y99.471 E307.4171
G1 X110.589 Y99.858 E307.43693
G1 X109.545 Y100.302 E307.45674
G1 X108.514 Y100.818 E307.47688
G1 X107.55 Y101.374 E307.49631
G1 X106.589 Y102.011 E307.51644
G1 X105.695 Y102.678 E307.53592
G1 X104.816 Y103.425 E307.55606
G1 X104.012 Y104.194 E307.57549
G1 X103.232 Y105.032 E307.59548
G1 X102.516 Y105.906 E307.61521
G1 X101.848 Y106.825 E307.63504
G1 X101.23 Y107.788 E307.65502
G1 X100.689 Y108.76 E307.67445
G1 X100.188 Y109.799 E307.69459
G1 X99.761 Y110.848 E307.71437
G1 X99.4 Y111.906 E307.73389
G1 X99.093 Y113.019 E307.75405
G1 X98.858 Y114.109 E307.77352
G1 X98.688 Y115.245 E307.79358
G1 X98.589 Y116.355 E307.81303
G1 X98.555 Y117.5 E307.83304
G0 F9000 X98.135 Y117.5
G1 F1800 X98.135 Y117.507 E307.83316
G1 X98.17 Y118.666 E307.85341
G1 X98.27 Y119.801 E307.8733
G1 X98.445 Y120.967 E307.89389
G1 X98.684 Y122.081 E307.91379
G1 X98.999 Y123.214 E307.93432
G1 X99.367 Y124.295 E307.95426
G1 X99.804 Y125.368 E307.97449
G1 X100.316 Y126.429 E307.99506
G1 X100.869 Y127.424 E308.01494
G1 X101.501 Y128.409 E308.03537
G1 X102.179 Y129.346 E308.05557
G1 X102.915 Y130.241 E308.0758
G1 X103.706 Y131.093 E308.0961
G1 X104.534 Y131.887 E308.11613
G1 X105.433 Y132.646 E308.13668
G1 X106.347 Y133.332 E308.15663
G1 X107.328 Y133.979 E308.17715
G1 X108.315 Y134.549 E308.19706
G1 X109.366 Y135.076 E308.21759
G1 X110.435 Y135.533 E308.23789
G1 X111.527 Y135.924 E308.25814
G1 X112.623 Y136.241 E308.27806
G1 X113.759 Y136.501 E308.29841
G1 X114.917 Y136.695 E308.31891
G1 X116.043 Y136.811 E308.33868
G1 X117.219 Y136.865 E308.35924
G1 X118.363 Y136.85 E308.37921
G1 X119.526 Y136.761 E308.39958
G1 X120.685 Y136.606 E308.42
G1 X121.803 Y136.385 E308.4399
G1 X122.943 Y136.087 E308.46047
G1 X124.031 Y135.734 E308.48045
G1 X125.123 Y135.304 E308.50094
G1 X126.178 Y134.816 E308.52124
G1 X127.181 Y134.277 E308.54112
G1 X128.168 Y133.669 E308.56136
G1 X129.129 Y132.992 E308.58189
G1 X130.035 Y132.267 E308.60215
G1 X130.88 Y131.504 E308.62203
G1 X131.71 Y130.667 E308.64261
G1 X132.464 Y129.8 E308.66268
G1 X133.173 Y128.881 E308.68295
G1 X133.821 Y127.932 E308.70301
G1 X134.425 Y126.925 E308.72352
G1 X134.951 Y125.903 E308.74359
G1 X135.42 Y124.852 E308.76368
G1 X135.835 Y123.748 E308.78428
G1 X136.176 Y122.64 E308.80452
G1 X136.451 Y121.517 E308.82471
G1 X136.652 Y120.394 E308.84463
G1 X136.796 Y119.222 E308.86525
G1 X136.866 Y118.069 E308.88542
G1 X136.866 Y116.932 E308.90527
G1 X136.792 Y115.754 E308.92588
G1 X136.652 Y114.602 E308.94615
G1 X136.447 Y113.463 E308.96636
G1 X136.176 Y112.357 E308.98624
G1 X135.827 Y111.228 E309.00687
G1 X135.424 Y110.152 E309.02694
G1 X134.952 Y109.094 E309.04717
G1 X134.425 Y108.075 E309.0672
G1 X133.82 Y107.064 E309.08777
G1 X133.169 Y106.107 E309.10798
G1 X132.473 Y105.205 E309.12788
G1 X131.71 Y104.334 E309.1481
G1 X130.88 Y103.492 E309.16874
G1 X130.035 Y102.729 E309.18862
G1 X129.129 Y102.005 E309.20887
G1 X128.165 Y101.327 E309.22945
G1 X127.177 Y100.718 E309.24972
G1 X126.177 Y100.18 E309.26955
G1 X125.124 Y99.692 E309.28981
G1 X124.027 Y99.262 E309.31039
G1 X122.939 Y98.91 E309.33035
G1 X121.807 Y98.615 E309.35078
G1 X120.685 Y98.394 E309.37075
G1 X119.526 Y98.239 E309.39117
G1 X118.362 Y98.15 E309.41155
G1 X117.218 Y98.131 E309.43153
G1 X116.044 Y98.185 E309.45205
G1 X114.913 Y98.305 E309.47191
G1 X113.758 Y98.495 E309.49235
G1 X112.623 Y98.755 E309.51268
G1 X111.527 Y99.072 E309.5326
G1 X110.435 Y99.467 E309.55288
G1 X109.369 Y99.921 E309.57311
G1 X108.315 Y100.448 E309.59369
G1 X107.328 Y101.016 E309.61358
G1 X106.347 Y101.668 E309.63414
G1 X105.433 Y102.35 E309.65406
G1 X104.535 Y103.113 E309.67463
G1 X103.713 Y103.899 E309.69449
G1 X102.915 Y104.755 E309.71493
G1 X102.183 Y105.649 E309.7351
G1 X101.501 Y106.588 E309.75537
G1 X100.869 Y107.572 E309.77579
G1 X100.316 Y108.567 E309.79567
G1 X99.804 Y109.628 E309.81624
G1 X99.367 Y110.701 E309.83647
G1 X98.999 Y111.782 E309.85641
G1 X98.685 Y112.919 E309.877
G1 X98.444 Y114.034 E309.89692
G1 X98.27 Y115.195 E309.91742
G1 X98.17 Y116.33 E309.93732
G1 X98.135 Y117.5 E309.95776
G1 F1500 E308.95776
G0 F9000 X98.425 Y117.5
G0 X113.453 Y117.5
G1 F1500 E309.95776
G1 F1800 X113.45 Y117.468 E309.95832
G1 X113.497 Y116.884 E309.96855
G1 X113.645 Y116.257 E309.9798
G1 X113.873 Y115.698 E309.99034
G1 X114.202 Y115.154 E310.00144
G1 X114.617 Y114.657 E310.01275
G1 X115.026 Y114.296 E310.02227
G1 X115.555 Y113.943 E310.03338
G1 X116.141 Y113.68 E310.04459
G1 X116.757 Y113.519 E310.05571
G1 X117.277 Y113.455 E310.06486
G1 X117.933 Y113.472 E310.07632
G1 X118.598 Y113.597 E310.08813
G1 X119.174 Y113.806 E310.09883
G1 X119.683 Y114.085 E310.10897
G1 X120.172 Y114.452 E310.11965
G1 X120.633 Y114.926 E310.13119
G1 X120.982 Y115.429 E310.14188
G1 X121.272 Y116.011 E310.15324
G1 X121.451 Y116.575 E310.16357
G1 X121.545 Y117.202 E310.17464
G1 X121.545 Y117.796 E310.18501
G1 X121.445 Y118.434 E310.19629
G1 X121.248 Y119.045 E310.2075
G1 X120.981 Y119.577 E310.21789
G1 X120.613 Y120.098 E310.22903
G1 X120.205 Y120.52 E310.23928
G1 X119.683 Y120.911 E310.25067
G1 X119.14 Y121.204 E310.26144
G1 X118.598 Y121.398 E310.27149
G1 X117.958 Y121.521 E310.28287
G1 X117.353 Y121.55 E310.29345
G1 X116.724 Y121.475 E310.30451
G1 X116.129 Y121.315 E310.31527
G1 X115.571 Y121.058 E310.326
G1 X115.048 Y120.725 E310.33682
G1 X114.574 Y120.295 E310.348
G1 X114.193 Y119.833 E310.35846
G1 X113.869 Y119.291 E310.36948
G1 X113.636 Y118.709 E310.38043
G1 X113.504 Y118.158 E310.39032
G1 X113.453 Y117.5 E310.40185
G0 F9000 X113.871 Y117.5
G1 F1800 X113.87 Y117.481 E310.40218
G1 X113.912 Y116.946 E310.41155
G1 X114.037 Y116.41 E310.42116
G1 X114.236 Y115.92 E310.43039
G1 X114.521 Y115.431 E310.44028
G1 X114.908 Y114.96 E310.45092
G1 X115.291 Y114.622 E310.45984
G1 X115.766 Y114.307 E310.46979
G1 X116.312 Y114.07 E310.48019
G1 X116.787 Y113.941 E310.48878
G1 X117.332 Y113.872 E310.49837
G1 X117.901 Y113.891 E310.50832
G1 X118.427 Y113.987 E310.51765
G1 X118.977 Y114.179 E310.52782
G1 X119.463 Y114.443 E310.53748
G1 X119.904 Y114.775 E310.54712
G1 X120.308 Y115.192 E310.55726
G1 X120.607 Y115.621 E310.56639
G1 X120.864 Y116.122 E310.57622
G1 X121.03 Y116.637 E310.58567
G1 X121.124 Y117.209 E310.59579
G1 X121.124 Y117.79 E310.60594
G1 X121.042 Y118.311 E310.61515
G1 X120.864 Y118.873 E310.62544
G1 X120.634 Y119.334 E310.63444
G1 X120.296 Y119.822 E310.6448
G1 X119.894 Y120.233 E310.65484
G1 X119.481 Y120.541 E310.66384
G1 X119.024 Y120.795 E310.67297
G1 X118.477 Y120.996 E310.68314
G1 X117.936 Y121.101 E310.69277
G1 X117.358 Y121.126 E310.70287
G1 X116.787 Y121.059 E310.71291
G1 X116.299 Y120.926 E310.72174
G1 X115.769 Y120.688 E310.73188
G1 X115.331 Y120.408 E310.74096
G1 X114.923 Y120.05 E310.75044
G1 X114.541 Y119.594 E310.76083
G1 X114.259 Y119.123 E310.77041
G1 X114.043 Y118.604 E310.78023
G1 X113.912 Y118.054 E310.7901
G1 X113.871 Y117.5 E310.7998
G0 F9000 X114.291 Y117.5
;TYPE:WALL-OUTER
G1 F1800 X114.29 Y117.483 E310.8001
G1 X114.331 Y116.992 E310.8087
G1 X114.445 Y116.516 E310.81725
G1 X114.626 Y116.076 E310.82556
G1 X114.877 Y115.654 E310.83413
G1 X115.204 Y115.258 E310.8431
G1 X115.573 Y114.936 E310.85165
G1 X115.982 Y114.672 E310.86015
G1 X116.432 Y114.473 E310.86874
G1 X116.893 Y114.348 E310.87708
G1 X117.369 Y114.29 E310.88546
G1 X117.88 Y114.311 E310.89439
G1 X118.357 Y114.402 E310.90287
G1 X118.821 Y114.569 E310.91148
G1 X119.26 Y114.812 E310.92024
G1 X119.635 Y115.098 E310.92847
G1 X119.987 Y115.463 E310.93733
G1 X120.268 Y115.873 E310.94601
G1 X120.483 Y116.299 E310.95434
G1 X120.632 Y116.779 E310.96312
G1 X120.706 Y117.254 E310.97151
G1 X120.704 Y117.766 E310.98045
G1 X120.629 Y118.234 E310.98873
G1 X120.483 Y118.697 E310.9972
G1 X120.261 Y119.141 E311.00587
G1 X119.979 Y119.546 E311.01449
G1 X119.632 Y119.905 E311.02321
G1 X119.243 Y120.195 E311.03168
G1 X118.809 Y120.432 E311.04031
G1 X118.35 Y120.596 E311.04883
G1 X117.88 Y120.685 E311.05718
G1 X117.369 Y120.706 E311.06611
G1 X116.887 Y120.651 E311.07458
G1 X116.405 Y120.518 E311.08331
G1 X115.968 Y120.318 E311.0917
G1 X115.547 Y120.045 E311.10046
G1 X115.181 Y119.714 E311.10908
G1 X114.871 Y119.332 E311.11767
G1 X114.626 Y118.92 E311.12604
G1 X114.435 Y118.449 E311.13492
G1 X114.328 Y117.992 E311.14311
G1 X114.291 Y117.5 E311.15173
G0 F9000 X114.29 Y117.483
G0 X114.305 Y117.301
G1 F1500 E310.15173
G0 F9000 X113.602 Y117.246
G0 X98.425 Y117.5
G0 X97.715 Y117.5
G1 F1500 E311.15173
G1 F1800 X97.715 Y117.507 E311.15185
G1 X97.75 Y118.691 E311.17253
G1 X97.853 Y119.851 E311.19287
G1 X98.031 Y121.042 E311.2139
G1 X98.276 Y122.181 E311.23424
G1 X98.597 Y123.338 E311.25521
G1 X98.973 Y124.442 E311.27557
G1 X99.42 Y125.538 E311.29624
G1 X99.943 Y126.623 E311.31727
G1 X100.509 Y127.64 E311.33759
G1 X101.154 Y128.645 E311.35845
G1 X101.847 Y129.603 E311.37909
G1 X102.599 Y130.517 E311.39976
G1 X103.406 Y131.388 E311.42049
G1 X104.253 Y132.199 E311.44097
G1 X105.171 Y132.975 E311.46196
G1 X106.105 Y133.676 E311.48235
G1 X107.107 Y134.337 E311.50331
G1 X108.116 Y134.919 E311.52365
G1 X109.189 Y135.457 E311.54461
G1 X110.281 Y135.924 E311.56535
G1 X111.397 Y136.324 E311.58605
G1 X112.517 Y136.648 E311.60641
G1 X113.677 Y136.913 E311.62719
G1 X114.861 Y137.111 E311.64815
G1 X116.012 Y137.23 E311.66835
G1 X117.212 Y137.285 E311.68933
G1 X118.382 Y137.27 E311.70976
G1 X119.57 Y137.179 E311.73057
G1 X120.753 Y137.02 E311.75141
G1 X121.897 Y136.795 E311.77177
G1 X123.061 Y136.49 E311.79278
G1 X124.173 Y136.13 E311.81319
G1 X125.289 Y135.69 E311.83414
G1 X126.366 Y135.192 E311.85486
G1 X127.391 Y134.641 E311.87518
G1 X128.4 Y134.02 E311.89586
G1 X129.381 Y133.328 E311.91683
G1 X130.307 Y132.587 E311.93754
G1 X131.17 Y131.808 E311.95784
G1 X132.018 Y130.953 E311.97886
G1 X132.789 Y130.066 E311.99939
G1 X133.513 Y129.128 E312.02008
G1 X134.175 Y128.158 E312.04058
G1 X134.792 Y127.129 E312.06153
G1 X135.33 Y126.085 E312.08204
G1 X135.809 Y125.012 E312.10256
G1 X136.233 Y123.884 E312.1236
G1 X136.581 Y122.752 E312.14428
G1 X136.862 Y121.604 E312.16492
G1 X137.068 Y120.456 E312.18528
G1 X137.214 Y119.26 E312.20632
G1 X137.286 Y118.081 E312.22695
G1 X137.286 Y116.919 E312.24724
G1 X137.21 Y115.716 E312.26829
G1 X137.068 Y114.54 E312.28897
G1 X136.858 Y113.376 E312.30963
G1 X136.581 Y112.245 E312.32996
G1 X136.225 Y111.092 E312.35103
G1 X135.813 Y109.992 E312.37154
G1 X135.33 Y108.912 E312.3922
G1 X134.792 Y107.871 E312.41266
G1 X134.174 Y106.838 E312.43368
G1 X133.509 Y105.86 E312.45433
G1 X132.797 Y104.938 E312.47467
G1 X132.018 Y104.048 E312.49532
G1 X131.17 Y103.188 E312.51641
G1 X130.307 Y102.409 E312.53671
G1 X129.381 Y101.669 E312.55741
G1 X128.396 Y100.976 E312.57844
G1 X127.387 Y100.354 E312.59914
G1 X126.365 Y99.804 E312.61941
G1 X125.289 Y99.306 E312.64011
G1 X124.169 Y98.866 E312.66112
G1 X123.057 Y98.506 E312.68153
G1 X121.901 Y98.205 E312.70239
G1 X120.753 Y97.98 E312.72282
G1 X119.57 Y97.821 E312.74366
G1 X118.382 Y97.73 E312.76446
G1 X117.212 Y97.711 E312.7849
G1 X116.012 Y97.766 E312.80587
G1 X114.857 Y97.889 E312.82616
G1 X113.677 Y98.083 E312.84704
G1 X112.517 Y98.348 E312.86781
G1 X111.397 Y98.672 E312.88817
G1 X110.281 Y99.076 E312.9089
G1 X109.193 Y99.539 E312.92954
G1 X108.116 Y100.078 E312.95057
G1 X107.107 Y100.659 E312.97091
G1 X106.105 Y101.324 E312.9919
G1 X105.171 Y102.021 E313.01225
G1 X104.253 Y102.801 E313.03329
G1 X103.414 Y103.604 E313.05357
G1 X102.599 Y104.479 E313.07445
G1 X101.851 Y105.393 E313.09507
G1 X101.154 Y106.351 E313.11576
G1 X100.509 Y107.356 E313.13661
G1 X99.943 Y108.373 E313.15693
G1 X99.42 Y109.458 E313.17797
G1 X98.973 Y110.554 E313.19863
G1 X98.597 Y111.658 E313.219
G1 X98.277 Y112.819 E313.24003
G1 X98.031 Y113.958 E313.26037
G1 X97.853 Y115.145 E313.28133
G1 X97.75 Y116.305 E313.30167
G1 X97.715 Y117.5 E313.32254
G0 F9000 X97.715 Y117.507
G0 X97.72 Y117.699
G1 F1500 E312.32254
G0 F9000 X98.43 Y117.679
G0 X113.074 Y117.5
;TYPE:SKIN
G1 F1500 E313.32254
G1 F1800 X113.121 Y118.177 E313.33439
G1 X113.273 Y118.84 E313.34627
G1 X113.522 Y119.434 E313.35752
G1 X113.871 Y120.038 E313.3697
G1 X114.331 Y120.589 E313.38223
G1 X114.825 Y121.028 E313.39377
G1 X115.363 Y121.379 E313.40499
G1 X115.976 Y121.66 E313.41676
G1 X116.651 Y121.847 E313.42899
G1 X117.321 Y121.922 E313.44077
G1 X118.004 Y121.893 E313.4527
G1 X118.654 Y121.78 E313.46422
G1 X119.314 Y121.544 E313.47646
G1 X119.883 Y121.231 E313.4878
G1 X120.411 Y120.841 E313.49927
G1 X120.899 Y120.343 E313.51144
G1 X121.301 Y119.781 E313.52351
G1 X121.619 Y119.149 E313.53586
G1 X121.815 Y118.513 E313.54748
G1 X121.92 Y117.858 E313.55906
G1 X121.922 Y117.179 E313.57092
G1 X121.817 Y116.49 E313.58309
G1 X121.625 Y115.878 E313.59429
G1 X121.305 Y115.231 E313.60689
G1 X120.923 Y114.681 E313.61859
G1 X120.45 Y114.185 E313.63056
G1 X119.96 Y113.812 E313.64131
G1 X119.344 Y113.464 E313.65366
G1 X118.65 Y113.216 E313.66653
G1 X118.048 Y113.103 E313.67723
G1 X117.315 Y113.066 E313.69004
G1 X116.697 Y113.144 E313.70092
G1 X116.019 Y113.32 E313.71315
G1 X115.353 Y113.622 E313.72592
G1 X114.821 Y113.968 E313.737
G1 X114.316 Y114.414 E313.74877
G1 X113.854 Y114.987 E313.76162
G1 X113.534 Y115.529 E313.77261
G1 X113.276 Y116.148 E313.78432
G1 X113.123 Y116.808 E313.79615
G1 X113.07 Y117.443 E313.80728
G1 X113.074 Y117.5 E313.80827
G1 F1500 E312.80827
G0 F9000 X98.931 Y117.5
G1 F1500 E313.80827
G1 F1800 X98.966 Y116.369 E313.82803
G1 X99.061 Y115.297 E313.84682
G1 X99.227 Y114.186 E313.86644
G1 X99.457 Y113.119 E313.8855
G1 X99.765 Y112.006 E313.90566
G1 X100.109 Y110.986 E313.92446
G1 X100.528 Y109.962 E313.94378
G1 X101.031 Y108.925 E313.96391
G1 X101.549 Y107.988 E313.9826
G1 X102.162 Y107.031 E314.00245
G1 X102.863 Y106.077 E314.02312
G1 X103.507 Y105.287 E314.04092
G1 X104.286 Y104.452 E314.06086
G1 X105.061 Y103.713 E314.07955
G1 X105.94 Y102.969 E314.09966
G1 X106.814 Y102.312 E314.11876
G1 X107.739 Y101.699 E314.13813
G1 X108.684 Y101.154 E314.15718
G1 X109.713 Y100.639 E314.17727
G1 X110.737 Y100.204 E314.1967
G1 X111.781 Y99.824 E314.2161
G1 X112.813 Y99.528 E314.23485
G1 X113.909 Y99.279 E314.25447
G1 X115.029 Y99.093 E314.2743
G1 X116.096 Y98.982 E314.29303
G1 X117.232 Y98.927 E314.31289
G1 X118.313 Y98.946 E314.33177
G1 X119.441 Y99.033 E314.35152
G1 X120.561 Y99.184 E314.37126
G1 X121.617 Y99.389 E314.39004
G1 X122.721 Y99.678 E314.40997
G1 X123.749 Y100.01 E314.42883
G1 X124.817 Y100.43 E314.44887
G1 X125.83 Y100.896 E314.46834
G1 X126.766 Y101.402 E314.48692
G1 X127.724 Y101.992 E314.50657
G1 X128.653 Y102.644 E314.52639
G1 X129.523 Y103.344 E314.54588
G1 X130.33 Y104.072 E314.56486
G1 X131.118 Y104.868 E314.58442
G1 X131.845 Y105.702 E314.60374
G1 X132.525 Y106.584 E314.62319
G1 X133.138 Y107.486 E314.64223
G1 X133.72 Y108.455 E314.66197
G1 X134.234 Y109.448 E314.68149
G1 X134.681 Y110.452 E314.70068
G1 X135.065 Y111.477 E314.7198
G1 X135.409 Y112.581 E314.73999
G1 X135.662 Y113.616 E314.75859
G1 X135.86 Y114.712 E314.77804
G1 X135.994 Y115.816 E314.79746
G1 X136.066 Y116.967 E314.8176
G1 X136.066 Y118.033 E314.83621
G1 X135.998 Y119.136 E314.85551
G1 X135.86 Y120.28 E314.87563
G1 X135.67 Y121.34 E314.89443
G1 X135.405 Y122.416 E314.91378
G1 X135.143 Y123.283 E314.9296
G1 X135.153 Y123.296 E314.92988
G1 X134.681 Y124.54 E314.95312
G1 X134.234 Y125.545 E314.97232
G1 X133.72 Y126.541 E314.99189
G1 X133.15 Y127.49 E315.01122
G1 X132.529 Y128.404 E315.03052
G1 X131.841 Y129.298 E315.05022
G1 X131.114 Y130.132 E315.06954
G1 X130.334 Y130.92 E315.0889
G1 X129.524 Y131.651 E315.10795
G1 X128.649 Y132.347 E315.12747
G1 X127.72 Y133.004 E315.14734
G1 X126.775 Y133.586 E315.16672
G1 X125.83 Y134.096 E315.18547
G1 X124.817 Y134.562 E315.20494
G1 X123.749 Y134.986 E315.22501
G1 X122.725 Y135.314 E315.24378
G1 X121.613 Y135.607 E315.26386
G1 X120.561 Y135.812 E315.28258
G1 X119.441 Y135.963 E315.30231
G1 X118.314 Y136.05 E315.32205
G1 X117.236 Y136.065 E315.34087
G1 X116.092 Y136.01 E315.36087
G1 X115.032 Y135.903 E315.37948
G1 X113.913 Y135.717 E315.39928
G1 X112.813 Y135.464 E315.41899
G1 X111.781 Y135.164 E315.43776
G1 X110.733 Y134.792 E315.45718
G1 X109.697 Y134.349 E315.47685
G1 X108.692 Y133.843 E315.4965
G1 X107.755 Y133.305 E315.51537
G1 X106.798 Y132.672 E315.5354
G1 X105.923 Y132.015 E315.55451
G1 X105.069 Y131.295 E315.57401
G1 X104.27 Y130.528 E315.59335
G1 X103.515 Y129.713 E315.61275
G1 X102.811 Y128.855 E315.63213
G1 X102.154 Y127.949 E315.65168
G1 X101.549 Y127.004 E315.67127
G1 X101.031 Y126.067 E315.68996
G1 X100.528 Y125.03 E315.71009
G1 X100.109 Y124.006 E315.72941
G1 X99.757 Y122.966 E315.74858
G1 X99.457 Y121.877 E315.7683
G1 X99.227 Y120.81 E315.78736
G1 X99.061 Y119.695 E315.80705
G1 X98.966 Y118.627 E315.82577
G1 X98.931 Y117.515 E315.8452
G1 X98.931 Y117.5 E315.84546
G1 F1500 E314.84546
G0 F9000 X103.843 Y105.234
G1 F1500 E315.84546
G1 F1800 X105.247 Y103.83 E315.88013
G1 X105.321 Y103.756
G0 F9000 X107.682 Y101.989
G1 F1800 X102.006 Y107.665 E316.0203
G1 X101.932 Y107.739
G0 F9000 X101.194 Y109.071
G1 F1800 X109.069 Y101.196 E316.21476
G1 X109.143 Y101.122
G0 F9000 X110.198 Y100.661
G1 F1800 X100.657 Y110.203 E316.45039
G1 X100.583 Y110.277
G0 F9000 X100.262 Y111.191
G1 F1800 X111.192 Y100.261 E316.7203
G1 X111.266 Y100.187
G0 F9000 X112.095 Y99.952
G1 F1800 X99.962 Y112.085 E317.01991
G1 X99.888 Y112.159
G0 F9000 X99.735 Y112.907
G1 F1800 X112.924 Y99.718 E317.34561
G0 F9000 X113.692 Y99.543
G1 F1800 X99.551 Y113.684 E317.69481
G0 F9000 X99.404 Y114.425
G1 F1800 X114.423 Y99.406 E318.0657
G0 F9000 X115.13 Y99.293
G1 F1800 X99.3 Y115.123 E318.45661
G0 F9000 X99.229 Y115.788
G1 F1800 X115.793 Y99.224 E318.86565
G0 F9000 X116.436 Y99.175
G1 F1800 X99.175 Y116.436 E319.2919
G0 F9000 X99.156 Y117.049
G1 F1800 X117.059 Y99.146 E319.734
G0 F9000 X117.655 Y99.144
G1 F1800 X99.146 Y117.653 E320.19107
G0 F9000 X99.164 Y118.229
G1 F1800 X118.238 Y99.155 E320.66209
G0 F9000 X118.793 Y99.194
G1 F1800 X99.192 Y118.795 E321.14612
G0 F9000 X99.241 Y119.34
G1 F1800 X119.345 Y99.236 E321.64258
G0 F9000 X119.872 Y99.303
G1 F1800 X99.301 Y119.874 E322.15057
G0 F9000 X99.378 Y120.391
G1 F1800 X120.396 Y99.373 E322.66959
G0 F9000 X120.899 Y99.464
G1 F1800 X99.462 Y120.9 E323.19896
G0 F9000 X99.567 Y121.39
G1 F1800 X121.396 Y99.561 E323.73801
G0 F9000 X121.877 Y99.674
G1 F1800 X99.675 Y121.876 E324.28627
G0 F9000 X99.803 Y122.341
G1 F1800 X122.348 Y99.797 E324.843
G0 F9000 X122.811 Y99.928
G1 F1800 X99.932 Y122.807 E325.40798
G0 F9000 X100.078 Y123.255
G1 F1800 X123.26 Y100.073 E325.98045
G0 F9000 X123.708 Y100.219
G1 F1800 X100.227 Y123.699 E326.56028
G0 F9000 X100.388 Y124.133
G1 F1800 X124.134 Y100.387 E327.14667
G0 F9000 X124.56 Y100.554
G1 F1800 X100.561 Y124.553 E327.73932
G0 F9000 X100.735 Y124.973
G1 F1800 X124.975 Y100.733 E328.33791
G0 F9000 X125.382 Y100.92
G1 F1800 X100.929 Y125.374 E328.94177
G0 F9000 X101.123 Y125.774
G1 F1800 X125.787 Y101.11 E329.55083
G0 F9000 X126.172 Y101.319
G1 F1800 X101.326 Y126.165 E330.16439
G0 F9000 X101.538 Y126.547
G1 F1800 X126.557 Y101.528 E330.78222
G0 F9000 X126.928 Y101.75
G1 F1800 X115.22 Y113.458 E331.07134
G1 X115.146 Y113.532
G0 F9000 X116.219 Y113.054
G1 F1800 X127.296 Y101.976 E331.34489
G0 F9000 X127.662 Y102.204
G1 F1800 X116.967 Y112.899 E331.609
G0 F9000 X117.589 Y112.871
G1 F1800 X128.011 Y102.449 E331.86637
G0 F9000 X128.36 Y102.695
G1 F1800 X118.146 Y112.909 E332.11859
G0 F9000 X118.645 Y113.003
G1 F1800 X128.698 Y102.95 E332.36685
G0 F9000 X129.028 Y103.214
G1 F1800 X119.092 Y113.151 E332.61222
G0 F9000 X119.513 Y113.323
G1 F1800 X129.357 Y103.479 E332.85531
G0 F9000 X129.671 Y103.759
G1 F1800 X119.894 Y113.536 E333.09675
G0 F9000 X120.253 Y113.771
G1 F1800 X129.983 Y104.041 E333.33703
G0 F9000 X130.289 Y104.329
G1 F1800 X120.589 Y114.029 E333.57656
G0 F9000 X120.88 Y114.332
G1 F1800 X130.584 Y104.628 E333.8162
G0 F9000 X130.88 Y104.926
G1 F1800 X121.156 Y114.65 E334.05633
G0 F9000 X121.4 Y115
G1 F1800 X131.162 Y105.238 E334.29739
G0 F9000 X131.438 Y105.555
G1 F1800 X121.614 Y115.38 E334.54
G0 F9000 X121.811 Y115.777
G1 F1800 X131.713 Y105.875 E334.78453
G0 F9000 X131.972 Y106.21
G1 F1800 X121.954 Y116.228 E335.03191
G0 F9000 X122.063 Y116.713
G1 F1800 X132.23 Y106.545 E335.28299
G0 F9000 X132.479 Y106.891
G1 F1800 X122.131 Y117.238 E335.53852
G0 F9000 X122.131 Y117.833
G1 F1800 X132.72 Y107.244 E335.80001
G0 F9000 X132.96 Y107.598
G1 F1800 X122.025 Y118.533 E336.07004
G1 X121.951 Y118.607
G0 F9000 X121.702 Y119.45
G1 F1800 X133.183 Y107.969 E336.35356
G0 F9000 X133.406 Y108.339
G1 F1800 X108.344 Y133.402 E336.97246
G0 F9000 X108.721 Y133.618
G1 F1800 X133.621 Y108.719 E337.58734
G0 F9000 X133.823 Y109.111
G1 F1800 X109.113 Y133.821 E338.19754
G0 F9000 X109.508 Y134.019
G1 F1800 X134.025 Y109.503 E338.80296
G0 F9000 X134.21 Y109.911
G1 F1800 X109.91 Y134.212 E339.40304
G0 F9000 X110.326 Y134.39
G1 F1800 X134.393 Y110.322 E339.99738
G0 F9000 X134.566 Y110.744
G1 F1800 X110.741 Y134.568 E340.58571
G0 F9000 X111.176 Y134.727
G1 F1800 X134.727 Y111.176 E341.16729
G0 F9000 X134.886 Y111.611
G1 F1800 X111.615 Y134.883 E341.74196
G0 F9000 X112.064 Y135.028
G1 F1800 X135.027 Y112.064 E342.30903
G0 F9000 X135.168 Y112.517
G1 F1800 X112.523 Y135.162 E342.86823
G0 F9000 X112.989 Y135.29
G1 F1800 X135.292 Y112.987 E343.41899
G0 F9000 X135.409 Y113.464
G1 F1800 X113.472 Y135.401 E343.96071
G0 F9000 X113.956 Y135.511
G1 F1800 X135.51 Y113.957 E344.49298
G0 F9000 X135.6 Y114.461
G1 F1800 X114.465 Y135.596 E345.01489
G0 F9000 X114.974 Y135.681
G1 F1800 X135.68 Y114.976 E345.5262
G0 F9000 X135.744 Y115.505
G1 F1800 X115.509 Y135.74 E346.02589
G0 F9000 X116.049 Y135.794
G1 F1800 X135.798 Y116.045 E346.51358
G0 F9000 X135.832 Y116.605
G1 F1800 X116.613 Y135.824 E346.98819
G0 F9000 X117.18 Y135.851
G1 F1800 X135.856 Y117.175 E347.44938
G0 F9000 X135.856 Y117.769
G1 F1800 X117.777 Y135.848 E347.89583
G0 F9000 X118.385 Y135.835
G1 F1800 X135.834 Y118.385 E348.32673
G0 F9000 X135.795 Y119.018
G1 F1800 X119.028 Y135.785 E348.74078
G0 F9000 X119.688 Y135.719
G1 F1800 X135.72 Y119.687 E349.13668
G0 F9000 X135.629 Y120.371
G1 F1800 X120.375 Y135.626 E349.51338
G0 F9000 X121.101 Y135.494
G1 F1800 X135.5 Y121.095 E349.86896
G0 F9000 X135.324 Y121.865
G1 F1800 X121.865 Y135.324 E350.20132
G0 F9000 X122.672 Y135.111
G1 F1800 X135.107 Y122.676 E350.5084
G1 X135.181 Y122.602
G0 F9000 X134.834 Y123.543
G1 F1800 X123.546 Y134.83 E350.78713
G1 X123.472 Y134.904
G0 F9000 X124.515 Y134.456
G1 F1800 X134.467 Y124.504 E351.03289
G1 X134.541 Y124.43
G0 F9000 X133.976 Y125.589
G1 F1800 X125.589 Y133.976 E351.24
G1 X125.515 Y134.05
G0 F9000 X126.89 Y133.268
G1 F1800 X133.259 Y126.9 E351.39727
G1 X133.333 Y126.826
G0 F9000 X131.984 Y128.769
G1 F1800 X128.768 Y131.984 E351.47667
G1 X128.694 Y132.058
G1 F1500 E350.47667
G0 F9000 X119.435 Y121.717
G1 F1500 E351.47667
G1 F1800 X107.966 Y133.186 E351.75989
G0 F9000 X107.604 Y132.954
G1 F1800 X118.547 Y122.011 E352.03013
G0 F9000 X117.856 Y122.108
G1 F1800 X107.247 Y132.717 E352.29211
G0 F9000 X106.891 Y132.479
G1 F1800 X117.245 Y122.124 E352.54781
G0 F9000 X116.712 Y122.064
G1 F1800 X106.552 Y132.224 E352.7987
G0 F9000 X106.212 Y131.969
G1 F1800 X116.233 Y121.949 E353.04615
G0 F9000 X115.787 Y121.801
G1 F1800 X105.881 Y131.706 E353.29076
G0 F9000 X105.559 Y131.435
G1 F1800 X115.379 Y121.615 E353.53326
G0 F9000 X115.005 Y121.395
G1 F1800 X105.237 Y131.163 E353.77448
G0 F9000 X104.933 Y130.873
G1 F1800 X114.652 Y121.154 E354.01448
G0 F9000 X114.338 Y120.874
G1 F1800 X104.629 Y130.583 E354.25424
G0 F9000 X104.332 Y130.286
G1 F1800 X114.044 Y120.574 E354.49407
G0 F9000 X113.773 Y120.251
G1 F1800 X104.047 Y129.978 E354.73426
G0 F9000 X103.762 Y129.669
G1 F1800 X113.543 Y119.887 E354.97581
G0 F9000 X113.328 Y119.508
G1 F1800 X103.488 Y129.348 E355.2188
G0 F9000 X103.22 Y129.022
G1 F1800 X113.153 Y119.089 E355.46409
G0 F9000 X113.011 Y118.638
G1 F1800 X102.954 Y128.694 E355.71243
G0 F9000 X102.704 Y128.35
G1 F1800 X112.909 Y118.145 E355.96444
G0 F9000 X112.869 Y117.591
G1 F1800 X102.455 Y128.005 E356.2216
G0 F9000 X102.214 Y127.652
G1 F1800 X112.898 Y116.968 E356.48544
G0 F9000 X113.042 Y116.23
G1 F1800 X101.982 Y127.29 E356.75856
G0 F9000 X101.751 Y126.928
G1 F1800 X113.496 Y115.182 E357.04861
G1 X113.57 Y115.108
G1 F1500 E356.04861
;MESH:NONMESH
G0 F600 X113.57 Y115.108 Z0.72
G0 F9000 X98.555 Y117.5
;TIME_ELAPSED:801.428502
;LAYER:6
;TYPE:WALL-INNER
;MESH:ranella v1.stl
G1 F1500 E357.04861
G1 F1800 X98.555 Y117.507 E357.04873
G1 X98.589 Y118.641 E357.06854
G1 X98.688 Y119.751 E357.088
G1 X98.858 Y120.891 E357.10812
G1 X99.092 Y121.981 E357.12759
G1 X99.4 Y123.09 E357.14769
G1 X99.761 Y124.148 E357.16721
G1 X100.188 Y125.197 E357.18699
G1 X100.689 Y126.236 E357.20713
G1 X101.23 Y127.208 E357.22655
G1 X101.848 Y128.172 E357.24655
G1 X102.512 Y129.09 E357.26633
G1 X103.232 Y129.965 E357.28612
G1 X104.005 Y130.799 E357.30597
G1 X104.815 Y131.575 E357.32556
G1 X105.695 Y132.318 E357.34567
G1 X106.589 Y132.989 E357.36519
G1 X107.549 Y133.622 E357.38527
G1 X108.515 Y134.179 E357.40474
G1 X109.543 Y134.695 E357.42482
G1 X110.588 Y135.142 E357.44467
G1 X111.656 Y135.524 E357.46448
G1 X112.728 Y135.834 E357.48396
G1 X113.84 Y136.089 E357.50388
G1 X114.973 Y136.278 E357.52394
G1 X116.075 Y136.392 E357.54329
G1 X117.226 Y136.445 E357.56341
G1 X118.344 Y136.43 E357.58293
G1 X119.482 Y136.343 E357.60286
G1 X120.616 Y136.191 E357.62284
G1 X121.709 Y135.976 E357.64229
G1 X122.825 Y135.683 E357.66244
G1 X123.889 Y135.339 E357.68196
G1 X124.958 Y134.918 E357.70202
G1 X125.99 Y134.44 E357.72188
G1 X126.971 Y133.913 E357.74133
G1 X127.937 Y133.319 E357.76113
G1 X128.876 Y132.656 E357.7812
G1 X129.763 Y131.947 E357.80103
G1 X130.59 Y131.2 E357.82049
G1 X131.402 Y130.381 E357.84063
G1 X132.139 Y129.533 E357.86025
G1 X132.833 Y128.634 E357.88008
G1 X133.467 Y127.705 E357.89972
G1 X134.058 Y126.72 E357.91978
G1 X134.573 Y125.721 E357.9394
G1 X135.032 Y124.693 E357.95906
G1 X135.437 Y123.612 E357.97922
G1 X135.771 Y122.528 E357.99902
G1 X136.04 Y121.43 E358.01876
G1 X136.237 Y120.331 E358.03826
G1 X136.377 Y119.184 E358.05844
G1 X136.446 Y118.056 E358.07817
G1 X136.446 Y116.945 E358.09757
G1 X136.374 Y115.793 E358.11772
G1 X136.237 Y114.665 E358.13757
G1 X136.036 Y113.551 E358.15733
G1 X135.771 Y112.469 E358.17678
G1 X135.429 Y111.364 E358.19698
G1 X135.036 Y110.311 E358.21661
G1 X134.573 Y109.276 E358.23641
G1 X134.058 Y108.279 E358.256
G1 X133.466 Y107.29 E358.27613
G1 X132.829 Y106.353 E358.29591
G1 X132.148 Y105.472 E358.31536
G1 X131.402 Y104.62 E358.33513
G1 X130.589 Y103.795 E358.35536
G1 X129.763 Y103.049 E358.37479
G1 X128.877 Y102.341 E358.39459
G1 X127.934 Y101.678 E358.41472
G1 X126.967 Y101.082 E358.43456
G1 X125.989 Y100.556 E358.45395
G1 X124.959 Y100.079 E358.47377
G1 X123.886 Y99.658 E358.4939
G1 X122.821 Y99.313 E358.51344
G1 X121.714 Y99.025 E358.53342
G1 X120.616 Y98.809 E358.55296
G1 X119.482 Y98.657 E358.57294
G1 X118.342 Y98.57 E358.5929
G1 X117.224 Y98.551 E358.61243
G1 X116.076 Y98.604 E358.63249
G1 X114.969 Y98.721 E358.65193
G1 X113.839 Y98.907 E358.67193
G1 X112.728 Y99.162 E358.69183
G1 X111.657 Y99.471 E358.7113
G1 X110.589 Y99.858 E358.73113
G1 X109.545 Y100.302 E358.75094
G1 X108.514 Y100.818 E358.77107
G1 X107.55 Y101.374 E358.7905
G1 X106.589 Y102.011 E358.81064
G1 X105.695 Y102.678 E358.83011
G1 X104.816 Y103.425 E358.85026
G1 X104.012 Y104.194 E358.86968
G1 X103.232 Y105.032 E358.88967
G1 X102.516 Y105.906 E358.9094
G1 X101.848 Y106.825 E358.92924
G1 X101.23 Y107.788 E358.94922
G1 X100.689 Y108.76 E358.96865
G1 X100.188 Y109.799 E358.98879
G1 X99.761 Y110.848 E359.00856
G1 X99.4 Y111.906 E359.02808
G1 X99.093 Y113.019 E359.04824
G1 X98.858 Y114.109 E359.06772
G1 X98.688 Y115.245 E359.08777
G1 X98.589 Y116.355 E359.10723
G1 X98.555 Y117.5 E359.12723
G0 F9000 X98.135 Y117.5
G1 F1800 X98.135 Y117.507 E359.12736
G1 X98.17 Y118.666 E359.1476
G1 X98.27 Y119.801 E359.1675
G1 X98.445 Y120.967 E359.18809
G1 X98.684 Y122.081 E359.20798
G1 X98.999 Y123.214 E359.22852
G1 X99.367 Y124.295 E359.24846
G1 X99.804 Y125.368 E359.26869
G1 X100.316 Y126.429 E359.28926
G1 X100.869 Y127.424 E359.30914
G1 X101.501 Y128.409 E359.32957
G1 X102.179 Y129.346 E359.34977
G1 X102.915 Y130.241 E359.37
G1 X103.706 Y131.093 E359.3903
G1 X104.534 Y131.887 E359.41033
G1 X105.433 Y132.646 E359.43088
G1 X106.347 Y133.332 E359.45083
G1 X107.328 Y133.979 E359.47135
G1 X108.315 Y134.549 E359.49125
G1 X109.366 Y135.076 E359.51178
G1 X110.435 Y135.533 E359.53208
G1 X111.527 Y135.924 E359.55234
G1 X112.623 Y136.241 E359.57226
G1 X113.759 Y136.501 E359.59261
G1 X114.917 Y136.695 E359.61311
G1 X116.043 Y136.811 E359.63288
G1 X117.219 Y136.865 E359.65343
G1 X118.363 Y136.85 E359.67341
G1 X119.526 Y136.761 E359.69378
G1 X120.685 Y136.606 E359.7142
G1 X121.803 Y136.385 E359.7341
G1 X122.943 Y136.087 E359.75467
G1 X124.031 Y135.734 E359.77465
G1 X125.123 Y135.304 E359.79514
G1 X126.178 Y134.816 E359.81544
G1 X127.181 Y134.277 E359.83532
G1 X128.168 Y133.669 E359.85556
G1 X129.129 Y132.992 E359.87609
G1 X130.035 Y132.267 E359.89635
G1 X130.88 Y131.504 E359.91623
G1 X131.71 Y130.667 E359.93681
G1 X132.464 Y129.8 E359.95688
G1 X133.173 Y128.881 E359.97714
G1 X133.821 Y127.932 E359.99721
G1 X134.425 Y126.925 E360.01771
G1 X134.951 Y125.903 E360.03778
G1 X135.42 Y124.852 E360.05788
G1 X135.835 Y123.748 E360.07847
G1 X136.176 Y122.64 E360.09872
G1 X136.451 Y121.517 E360.11891
G1 X136.652 Y120.394 E360.13883
G1 X136.796 Y119.222 E360.15945
G1 X136.866 Y118.069 E360.17962
G1 X136.866 Y116.932 E360.19947
G1 X136.792 Y115.754 E360.22008
G1 X136.652 Y114.602 E360.24034
G1 X136.447 Y113.463 E360.26055
G1 X136.176 Y112.357 E360.28044
G1 X135.827 Y111.228 E360.30107
G1 X135.424 Y110.152 E360.32113
G1 X134.952 Y109.094 E360.34136
G1 X134.425 Y108.075 E360.3614
G1 X133.82 Y107.064 E360.38197
G1 X133.169 Y106.107 E360.40218
G1 X132.473 Y105.205 E360.42207
G1 X131.71 Y104.334 E360.44229
G1 X130.88 Y103.492 E360.46294
G1 X130.035 Y102.729 E360.48282
G1 X129.129 Y102.005 E360.50307
G1 X128.165 Y101.327 E360.52365
G1 X127.177 Y100.718 E360.54391
G1 X126.177 Y100.18 E360.56374
G1 X125.124 Y99.692 E360.58401
G1 X124.027 Y99.262 E360.60458
G1 X122.939 Y98.91 E360.62455
G1 X121.807 Y98.615 E360.64498
G1 X120.685 Y98.394 E360.66495
G1 X119.526 Y98.239 E360.68536
G1 X118.362 Y98.15 E360.70575
G1 X117.218 Y98.131 E360.72573
G1 X116.044 Y98.185 E360.74625
G1 X114.913 Y98.305 E360.76611
G1 X113.758 Y98.495 E360.78655
G1 X112.623 Y98.755 E360.80688
G1 X111.527 Y99.072 E360.8268
G1 X110.435 Y99.467 E360.84708
G1 X109.369 Y99.921 E360.86731
G1 X108.315 Y100.448 E360.88789
G1 X107.328 Y101.016 E360.90777
G1 X106.347 Y101.668 E360.92834
G1 X105.433 Y102.35 E360.94825
G1 X104.535 Y103.113 E360.96883
G1 X103.713 Y103.899 E360.98869
G1 X102.915 Y104.755 E361.00912
G1 X102.183 Y105.649 E361.0293
G1 X101.501 Y106.588 E361.04956
G1 X100.869 Y107.572 E361.06999
G1 X100.316 Y108.567 E361.08986
G1 X99.804 Y109.628 E361.11043
G1 X99.367 Y110.701 E361.13066
G1 X98.999 Y111.782 E361.1506
G1 X98.685 Y112.919 E361.1712
G1 X98.444 Y114.034 E361.19112
G1 X98.27 Y115.195 E361.21162
G1 X98.17 Y116.33 E361.23152
G1 X98.135 Y117.5 E361.25195
G1 F1500 E360.25195
G0 F9000 X98.425 Y117.5
G0 X113.453 Y117.5
G1 F1500 E361.25195
G1 F1800 X113.45 Y117.468 E361.25252
G1 X113.497 Y116.884 E361.26275
G1 X113.645 Y116.257 E361.274
G1 X113.873 Y115.698 E361.28454
G1 X114.202 Y115.154 E361.29564
G1 X114.617 Y114.657 E361.30694
G1 X115.026 Y114.296 E361.31647
G1 X115.555 Y113.943 E361.32758
G1 X116.141 Y113.68 E361.33879
G1 X116.757 Y113.519 E361.34991
G1 X117.277 Y113.455 E361.35906
G1 X117.933 Y113.472 E361.37052
G1 X118.598 Y113.597 E361.38233
G1 X119.174 Y113.806 E361.39303
G1 X119.683 Y114.085 E361.40317
G1 X120.172 Y114.452 E361.41384
G1 X120.633 Y114.926 E361.42539
G1 X120.982 Y115.429 E361.43608
G1 X121.272 Y116.011 E361.44743
G1 X121.451 Y116.575 E361.45777
G1 X121.545 Y117.202 E361.46884
G1 X121.545 Y117.796 E361.47921
G1 X121.445 Y118.434 E361.49048
G1 X121.248 Y119.045 E361.50169
G1 X120.981 Y119.577 E361.51209
G1 X120.613 Y120.098 E361.52323
G1 X120.205 Y120.52 E361.53348
G1 X119.683 Y120.911 E361.54486
G1 X119.14 Y121.204 E361.55564
G1 X118.598 Y121.398 E361.56569
G1 X117.958 Y121.521 E361.57707
G1 X117.353 Y121.55 E361.58765
G1 X116.724 Y121.475 E361.59871
G1 X116.129 Y121.315 E361.60947
G1 X115.571 Y121.058 E361.62019
G1 X115.048 Y120.725 E361.63102
G1 X114.574 Y120.295 E361.6422
G1 X114.193 Y119.833 E361.65265
G1 X113.869 Y119.291 E361.66368
G1 X113.636 Y118.709 E361.67463
G1 X113.504 Y118.158 E361.68452
G1 X113.453 Y117.5 E361.69604
G0 F9000 X113.871 Y117.5
G1 F1800 X113.87 Y117.481 E361.69638
G1 X113.912 Y116.946 E361.70575
G1 X114.037 Y116.41 E361.71536
G1 X114.236 Y115.92 E361.72459
G1 X114.521 Y115.431 E361.73447
G1 X114.908 Y114.96 E361.74512
G1 X115.291 Y114.622 E361.75404
G1 X115.766 Y114.307 E361.76399
G1 X116.312 Y114.07 E361.77438
G1 X116.787 Y113.941 E361.78298
G1 X117.332 Y113.872 E361.79257
G1 X117.901 Y113.891 E361.80251
G1 X118.427 Y113.987 E361.81185
G1 X118.977 Y114.179 E361.82202
G1 X119.463 Y114.443 E361.83168
G1 X119.904 Y114.775 E361.84132
G1 X120.308 Y115.192 E361.85146
G1 X120.607 Y115.621 E361.86059
G1 X120.864 Y116.122 E361.87042
G1 X121.03 Y116.637 E361.87987
G1 X121.124 Y117.209 E361.88999
G1 X121.124 Y117.79 E361.90013
G1 X121.042 Y118.311 E361.90934
G1 X120.864 Y118.873 E361.91964
G1 X120.634 Y119.334 E361.92863
G1 X120.296 Y119.822 E361.939
G1 X119.894 Y120.233 E361.94904
G1 X119.481 Y120.541 E361.95803
G1 X119.024 Y120.795 E361.96716
G1 X118.477 Y120.996 E361.97734
G1 X117.936 Y121.101 E361.98696
G1 X117.358 Y121.126 E361.99707
G1 X116.787 Y121.059 E362.0071
G1 X116.299 Y120.926 E362.01594
G1 X115.769 Y120.688 E362.02608
G1 X115.331 Y120.408 E362.03516
G1 X114.923 Y120.05 E362.04464
G1 X114.541 Y119.594 E362.05502
G1 X114.259 Y119.123 E362.06461
G1 X114.043 Y118.604 E362.07443
G1 X113.912 Y118.054 E362.0843
G1 X113.871 Y117.5 E362.094
G0 F9000 X114.291 Y117.5
;TYPE:WALL-OUTER
G1 F1800 X114.29 Y117.483 E362.0943
G1 X114.331 Y116.992 E362.1029
G1 X114.445 Y116.516 E362.11145
G1 X114.626 Y116.076 E362.11975
G1 X114.877 Y115.654 E362.12833
G1 X115.183 Y115.28 E362.13677
G1 X115.573 Y114.936 E362.14585
G1 X115.982 Y114.672 E362.15435
G1 X116.432 Y114.473 E362.16294
G1 X116.893 Y114.348 E362.17128
G1 X117.369 Y114.29 E362.17965
G1 X117.88 Y114.311 E362.18858
G1 X118.357 Y114.402 E362.19706
G1 X118.821 Y114.569 E362.20567
G1 X119.26 Y114.812 E362.21443
G1 X119.635 Y115.098 E362.22267
G1 X119.987 Y115.463 E362.23152
G1 X120.268 Y115.873 E362.2402
G1 X120.483 Y116.299 E362.24854
G1 X120.632 Y116.779 E362.25731
G1 X120.706 Y117.254 E362.26571
G1 X120.704 Y117.766 E362.27465
G1 X120.629 Y118.234 E362.28292
G1 X120.483 Y118.697 E362.2914
G1 X120.261 Y119.141 E362.30007
G1 X119.979 Y119.546 E362.30869
G1 X119.632 Y119.905 E362.3174
G1 X119.243 Y120.195 E362.32588
G1 X118.809 Y120.432 E362.33451
G1 X118.35 Y120.596 E362.34302
G1 X117.88 Y120.685 E362.35137
G1 X117.369 Y120.706 E362.36031
G1 X116.887 Y120.651 E362.36878
G1 X116.405 Y120.518 E362.37751
G1 X115.968 Y120.318 E362.3859
G1 X115.547 Y120.045 E362.39466
G1 X115.181 Y119.714 E362.40328
G1 X114.871 Y119.332 E362.41187
G1 X114.626 Y118.92 E362.42024
G1 X114.435 Y118.449 E362.42911
G1 X114.328 Y117.992 E362.43731
G1 X114.291 Y117.5 E362.44592
G0 F9000 X114.29 Y117.483
G0 X114.305 Y117.301
G1 F1500 E361.44592
G0 F9000 X113.602 Y117.246
G0 X98.425 Y117.5
G0 X97.715 Y117.5
G1 F1500 E362.44592
G1 F1800 X97.715 Y117.507 E362.44605
G1 X97.75 Y118.691 E362.46673
G1 X97.853 Y119.851 E362.48706
G1 X98.031 Y121.042 E362.50809
G1 X98.276 Y122.181 E362.52844
G1 X98.597 Y123.338 E362.5494
G1 X98.973 Y124.442 E362.56977
G1 X99.42 Y125.538 E362.59044
G1 X99.943 Y126.623 E362.61147
G1 X100.509 Y127.64 E362.63179
G1 X101.154 Y128.645 E362.65264
G1 X101.847 Y129.603 E362.67329
G1 X102.599 Y130.517 E362.69396
G1 X103.406 Y131.388 E362.71469
G1 X104.253 Y132.199 E362.73517
G1 X105.171 Y132.975 E362.75616
G1 X106.105 Y133.676 E362.77655
G1 X107.107 Y134.337 E362.79751
G1 X108.116 Y134.919 E362.81785
G1 X109.189 Y135.457 E362.83881
G1 X110.281 Y135.924 E362.85955
G1 X111.397 Y136.324 E362.88025
G1 X112.517 Y136.648 E362.90061
G1 X113.677 Y136.913 E362.92138
G1 X114.861 Y137.111 E362.94235
G1 X116.012 Y137.23 E362.96255
G1 X117.212 Y137.285 E362.98353
G1 X118.382 Y137.27 E363.00396
G1 X119.57 Y137.179 E363.02476
G1 X120.753 Y137.02 E363.04561
G1 X121.897 Y136.795 E363.06596
G1 X123.061 Y136.49 E363.08698
G1 X124.173 Y136.13 E363.10739
G1 X125.289 Y135.69 E363.12833
G1 X126.366 Y135.192 E363.14905
G1 X127.391 Y134.641 E363.16937
G1 X128.4 Y134.02 E363.19006
G1 X129.381 Y133.328 E363.21102
G1 X130.307 Y132.587 E363.23173
G1 X131.17 Y131.808 E363.25203
G1 X132.018 Y130.953 E363.27306
G1 X132.789 Y130.066 E363.29358
G1 X133.513 Y129.128 E363.31427
G1 X134.175 Y128.158 E363.33478
G1 X134.792 Y127.129 E363.35573
G1 X135.33 Y126.085 E363.37624
G1 X135.809 Y125.012 E363.39676
G1 X136.233 Y123.884 E363.4178
G1 X136.581 Y122.752 E363.43848
G1 X136.862 Y121.604 E363.45912
G1 X137.068 Y120.456 E363.47948
G1 X137.214 Y119.26 E363.50052
G1 X137.286 Y118.081 E363.52115
G1 X137.286 Y116.919 E363.54144
G1 X137.21 Y115.716 E363.56248
G1 X137.068 Y114.54 E363.58317
G1 X136.858 Y113.376 E363.60382
G1 X136.581 Y112.245 E363.62415
G1 X136.225 Y111.092 E363.64523
G1 X135.813 Y109.992 E363.66574
G1 X135.33 Y108.912 E363.68639
G1 X134.792 Y107.871 E363.70686
G1 X134.174 Y106.838 E363.72788
G1 X133.509 Y105.86 E363.74853
G1 X132.797 Y104.938 E363.76887
G1 X132.018 Y104.048 E363.78952
G1 X131.17 Y103.188 E363.81061
G1 X130.307 Y102.409 E363.83091
G1 X129.381 Y101.669 E363.85161
G1 X128.396 Y100.976 E363.87264
G1 X127.387 Y100.354 E363.89334
G1 X126.365 Y99.804 E363.9136
G1 X125.289 Y99.306 E363.93431
G1 X124.169 Y98.866 E363.95532
G1 X123.057 Y98.506 E363.97573
G1 X121.901 Y98.205 E363.99659
G1 X120.753 Y97.98 E364.01701
G1 X119.57 Y97.821 E364.03786
G1 X118.382 Y97.73 E364.05866
G1 X117.212 Y97.711 E364.07909
G1 X116.012 Y97.766 E364.10007
G1 X114.857 Y97.889 E364.12035
G1 X113.677 Y98.083 E364.14123
G1 X112.517 Y98.348 E364.16201
G1 X111.397 Y98.672 E364.18237
G1 X110.281 Y99.076 E364.20309
G1 X109.193 Y99.539 E364.22374
G1 X108.116 Y100.078 E364.24477
G1 X107.107 Y100.659 E364.2651
G1 X106.105 Y101.324 E364.2861
G1 X105.171 Y102.021 E364.30645
G1 X104.253 Y102.801 E364.32749
G1 X103.414 Y103.604 E364.34776
G1 X102.599 Y104.479 E364.36864
G1 X101.851 Y105.393 E364.38927
G1 X101.154 Y106.351 E364.40995
G1 X100.509 Y107.356 E364.43081
G1 X99.943 Y108.373 E364.45113
G1 X99.42 Y109.458 E364.47216
G1 X98.973 Y110.554 E364.49283
G1 X98.597 Y111.658 E364.5132
G1 X98.277 Y112.819 E364.53422
G1 X98.031 Y113.958 E364.55457
G1 X97.853 Y115.145 E364.57553
G1 X97.75 Y116.305 E364.59587
G1 X97.715 Y117.5 E364.61674
G0 F9000 X97.715 Y117.507
G0 X97.72 Y117.699
G1 F1500 E363.61674
G0 F9000 X98.43 Y117.679
G0 X113.074 Y117.5
;TYPE:SKIN
G1 F1500 E364.61674
G1 F1800 X113.121 Y118.177 E364.62859
G1 X113.273 Y118.84 E364.64047
G1 X113.522 Y119.434 E364.65171
G1 X113.871 Y120.038 E364.6639
G1 X114.331 Y120.589 E364.67643
G1 X114.816 Y121.021 E364.68777
G1 X115.363 Y121.379 E364.69919
G1 X115.976 Y121.66 E364.71096
G1 X116.651 Y121.847 E364.72319
G1 X117.321 Y121.922 E364.73496
G1 X118.004 Y121.893 E364.7469
G1 X118.654 Y121.78 E364.75842
G1 X119.314 Y121.544 E364.77066
G1 X119.883 Y121.231 E364.782
G1 X120.411 Y120.841 E364.79346
G1 X120.899 Y120.343 E364.80564
G1 X121.301 Y119.781 E364.8177
G1 X121.619 Y119.149 E364.83006
G1 X121.815 Y118.513 E364.84168
G1 X121.92 Y117.858 E364.85326
G1 X121.922 Y117.179 E364.86512
G1 X121.817 Y116.49 E364.87729
G1 X121.625 Y115.878 E364.88849
G1 X121.305 Y115.231 E364.90109
G1 X120.923 Y114.681 E364.91278
G1 X120.45 Y114.185 E364.92475
G1 X119.96 Y113.812 E364.9355
G1 X119.344 Y113.464 E364.94786
G1 X118.65 Y113.216 E364.96073
G1 X118.048 Y113.103 E364.97142
G1 X117.315 Y113.066 E364.98424
G1 X116.697 Y113.144 E364.99512
G1 X116.019 Y113.32 E365.00735
G1 X115.353 Y113.622 E365.02012
G1 X114.821 Y113.968 E365.0312
G1 X114.316 Y114.414 E365.04296
G1 X113.854 Y114.987 E365.05581
G1 X113.534 Y115.529 E365.06681
G1 X113.276 Y116.148 E365.07852
G1 X113.123 Y116.808 E365.09035
G1 X113.07 Y117.443 E365.10147
G1 X113.074 Y117.5 E365.10247
G1 F1500 E364.10247
G0 F9000 X98.931 Y117.5
G1 F1500 E365.10247
G1 F1800 X98.966 Y116.369 E365.12223
G1 X99.061 Y115.297 E365.14102
G1 X99.227 Y114.186 E365.16064
G1 X99.457 Y113.119 E365.1797
G1 X99.765 Y112.006 E365.19986
G1 X100.109 Y110.986 E365.21866
G1 X100.528 Y109.962 E365.23798
G1 X101.031 Y108.925 E365.2581
G1 X101.549 Y107.988 E365.2768
G1 X102.162 Y107.031 E365.29664
G1 X102.863 Y106.077 E365.31731
G1 X103.507 Y105.287 E365.33511
G1 X104.286 Y104.452 E365.35505
G1 X105.061 Y103.713 E365.37375
G1 X105.94 Y102.969 E365.39386
G1 X106.814 Y102.312 E365.41295
G1 X107.739 Y101.699 E365.43233
G1 X108.684 Y101.154 E365.45138
G1 X109.713 Y100.639 E365.47147
G1 X110.737 Y100.204 E365.4909
G1 X111.781 Y99.824 E365.5103
G1 X112.813 Y99.528 E365.52904
G1 X113.909 Y99.279 E365.54867
G1 X115.029 Y99.093 E365.56849
G1 X116.096 Y98.982 E365.58723
G1 X117.232 Y98.927 E365.60709
G1 X118.313 Y98.946 E365.62597
G1 X119.441 Y99.033 E365.64572
G1 X120.561 Y99.184 E365.66545
G1 X121.617 Y99.389 E365.68424
G1 X122.721 Y99.678 E365.70417
G1 X123.749 Y100.01 E365.72303
G1 X124.817 Y100.43 E365.74307
G1 X125.83 Y100.896 E365.76254
G1 X126.766 Y101.402 E365.78112
G1 X127.724 Y101.992 E365.80076
G1 X128.653 Y102.644 E365.82058
G1 X129.523 Y103.344 E365.84008
G1 X130.33 Y104.072 E365.85906
G1 X131.118 Y104.868 E365.87862
G1 X131.845 Y105.702 E365.89794
G1 X132.525 Y106.584 E365.91738
G1 X133.138 Y107.486 E365.93643
G1 X133.72 Y108.455 E365.95616
G1 X134.234 Y109.448 E365.97569
G1 X134.681 Y110.452 E365.99488
G1 X135.065 Y111.477 E366.01399
G1 X135.409 Y112.581 E366.03418
G1 X135.662 Y113.616 E366.05279
G1 X135.86 Y114.712 E366.07224
G1 X135.994 Y115.816 E366.09165
G1 X136.066 Y116.967 E366.11179
G1 X136.066 Y118.033 E366.13041
G1 X135.998 Y119.136 E366.1497
G1 X135.86 Y120.28 E366.16982
G1 X135.67 Y121.34 E366.18863
G1 X135.405 Y122.416 E366.20798
G1 X135.143 Y123.283 E366.22379
G1 X135.153 Y123.296 E366.22408
G1 X134.681 Y124.54 E366.24731
G1 X134.234 Y125.545 E366.26652
G1 X133.72 Y126.541 E366.28609
G1 X133.15 Y127.49 E366.30542
G1 X132.529 Y128.404 E366.32472
G1 X131.841 Y129.298 E366.34441
G1 X131.114 Y130.132 E366.36373
G1 X130.334 Y130.92 E366.38309
G1 X129.524 Y131.651 E366.40215
G1 X128.649 Y132.347 E366.42167
G1 X127.72 Y133.004 E366.44154
G1 X126.775 Y133.586 E366.46092
G1 X125.83 Y134.096 E366.47967
G1 X124.817 Y134.562 E366.49914
G1 X123.749 Y134.986 E366.5192
G1 X122.725 Y135.314 E366.53798
G1 X121.613 Y135.607 E366.55806
G1 X120.561 Y135.812 E366.57677
G1 X119.441 Y135.963 E366.59651
G1 X118.314 Y136.05 E366.61625
G1 X117.236 Y136.065 E366.63507
G1 X116.092 Y136.01 E366.65507
G1 X115.032 Y135.903 E366.67367
G1 X113.913 Y135.717 E366.69348
G1 X112.813 Y135.464 E366.71319
G1 X111.781 Y135.164 E366.73196
G1 X110.733 Y134.792 E366.75138
G1 X109.697 Y134.349 E366.77105
G1 X108.692 Y133.843 E366.7907
G1 X107.755 Y133.305 E366.80956
G1 X106.798 Y132.672 E366.8296
G1 X105.923 Y132.015 E366.84871
G1 X105.069 Y131.295 E366.86821
G1 X104.27 Y130.528 E366.88755
G1 X103.515 Y129.713 E366.90695
G1 X102.811 Y128.855 E366.92633
G1 X102.154 Y127.949 E366.94587
G1 X101.549 Y127.004 E366.96546
G1 X101.031 Y126.067 E366.98416
G1 X100.528 Y125.03 E367.00429
G1 X100.109 Y124.006 E367.02361
G1 X99.757 Y122.966 E367.04278
G1 X99.457 Y121.877 E367.0625
G1 X99.227 Y120.81 E367.08156
G1 X99.061 Y119.695 E367.10124
G1 X98.966 Y118.627 E367.11997
G1 X98.931 Y117.515 E367.13939
G1 X98.931 Y117.5 E367.13966
G1 F1500 E366.13966
G0 F9000 X102.428 Y127.969
G1 F1500 E367.13966
G1 F1800 X107.037 Y132.578 E367.25347
G1 X107.111 Y132.652
G0 F9000 X108.602 Y133.549
G1 F1800 X101.458 Y126.405 E367.42989
G1 X101.384 Y126.331
G0 F9000 X100.841 Y125.194
G1 F1800 X109.82 Y134.173 E367.65162
G1 X109.894 Y134.247
G0 F9000 X110.852 Y134.611
G1 F1800 X100.397 Y124.156 E367.9098
G1 X100.323 Y124.082
G0 F9000 X100.07 Y123.235
G1 F1800 X111.773 Y134.938 E368.1988
G1 X111.847 Y135.012
G0 F9000 X112.618 Y135.189
G1 F1800 X99.815 Y122.386 E368.51496
G0 F9000 X99.609 Y121.586
G1 F1800 X113.409 Y135.385 E368.85573
G0 F9000 X114.162 Y135.545
G1 F1800 X99.446 Y120.829 E369.21913
G0 F9000 X99.338 Y120.127
G1 F1800 X114.875 Y135.664 E369.60281
G0 F9000 X115.549 Y135.744
G1 F1800 X99.25 Y119.444 E370.00532
G0 F9000 X99.192 Y118.793
G1 F1800 X116.203 Y135.804 E370.42539
G0 F9000 X116.827 Y135.835
G1 F1800 X99.162 Y118.169 E370.86163
G0 F9000 X99.142 Y117.555
G1 F1800 X117.439 Y135.852 E371.31346
G0 F9000 X118.025 Y135.844
G1 F1800 X99.158 Y116.977 E371.77937
G0 F9000 X99.176 Y116.401
G1 F1800 X118.592 Y135.818 E372.25885
G0 F9000 X119.144 Y135.775
G1 F1800 X99.223 Y115.854 E372.75079
G0 F9000 X99.271 Y115.309
G1 F1800 X119.681 Y135.719 E373.2548
G0 F9000 X120.205 Y135.649
G1 F1800 X99.349 Y114.792 E373.76984
G0 F9000 X99.426 Y114.275
G1 F1800 X120.719 Y135.568 E374.29566
G0 F9000 X121.215 Y135.47
G1 F1800 X99.528 Y113.783 E374.83121
G0 F9000 X99.633 Y113.295
G1 F1800 X121.704 Y135.366 E375.37624
G0 F9000 X122.175 Y135.242
G1 F1800 X99.757 Y112.824 E375.92983
G0 F9000 X99.885 Y112.359
G1 F1800 X122.644 Y135.117 E376.49184
G0 F9000 X123.095 Y134.975
G1 F1800 X100.022 Y111.902 E377.06162
G0 F9000 X100.172 Y111.457
G1 F1800 X123.545 Y134.83 E377.6388
G0 F9000 X123.977 Y134.668
G1 F1800 X100.324 Y111.015 E378.22289
G0 F9000 X100.496 Y110.594
G1 F1800 X124.402 Y134.499 E378.81323
G0 F9000 X124.823 Y134.327
G1 F1800 X100.669 Y110.172 E379.40971
G0 F9000 X100.856 Y109.766
G1 F1800 X125.23 Y134.14 E380.01161
G0 F9000 X125.637 Y133.953
G1 F1800 X101.051 Y109.366 E380.61876
G0 F9000 X101.247 Y108.969
G1 F1800 X126.028 Y133.75 E381.23071
G0 F9000 X126.414 Y133.541
G1 F1800 X101.459 Y108.586 E381.84696
G0 F9000 X101.67 Y108.204
G1 F1800 X114.07 Y120.603 E382.15315
G0 F9000 X114.372 Y120.905
G1 F1800 X126.793 Y133.327 E382.4599
G0 F9000 X127.161 Y133.101
G1 F1800 X115.925 Y121.865 E382.73736
G0 F9000 X116.72 Y122.066
G1 F1800 X127.529 Y132.875 E383.00428
G0 F9000 X127.881 Y132.633
G1 F1800 X117.378 Y122.129 E383.26366
G0 F9000 X117.948 Y122.105
G1 F1800 X128.229 Y132.387 E383.51756
G0 F9000 X128.575 Y132.138
G1 F1800 X118.462 Y122.026 E383.76728
G0 F9000 X118.933 Y121.902
G1 F1800 X128.905 Y131.875 E384.01354
G0 F9000 X129.236 Y131.612
G1 F1800 X119.37 Y121.745 E384.25719
G0 F9000 X119.757 Y121.539
G1 F1800 X129.556 Y131.338 E384.49917
G0 F9000 X129.869 Y131.057
G1 F1800 X120.126 Y121.314 E384.73977
G0 F9000 X120.467 Y121.061
G1 F1800 X130.18 Y130.774 E384.97962
G0 F9000 X130.477 Y130.477
G1 F1800 X120.772 Y120.772 E385.21928
G0 F9000 X121.064 Y120.47
G1 F1800 X130.773 Y130.179 E385.45904
G0 F9000 X131.062 Y129.874
G1 F1800 X121.312 Y120.124 E385.69981
G0 F9000 X121.544 Y119.762
G1 F1800 X131.339 Y129.557 E385.94169
G0 F9000 X131.615 Y129.239
G1 F1800 X121.743 Y119.367 E386.18548
G0 F9000 X121.903 Y118.933
G1 F1800 X131.878 Y128.908 E386.4318
G0 F9000 X132.136 Y128.572
G1 F1800 X122.034 Y118.47 E386.68127
G0 F9000 X122.116 Y117.958
G1 F1800 X132.392 Y128.234 E386.93503
G0 F9000 X132.632 Y127.88
G1 F1800 X122.131 Y117.379 E387.19434
G0 F9000 X122.062 Y116.716
G1 F1800 X132.872 Y127.526 E387.46129
G0 F9000 X133.102 Y127.163
G1 F1800 X121.856 Y115.916 E387.73901
G1 X121.782 Y115.842
G0 F9000 X121.089 Y114.556
G1 F1800 X133.325 Y126.791 E388.04116
G0 F9000 X133.547 Y126.419
G1 F1800 X108.583 Y101.455 E388.65763
G0 F9000 X108.206 Y101.673
G1 F1800 X120.47 Y113.937 E388.96048
G1 X120.544 Y114.011
G0 F9000 X119.088 Y113.148
G1 F1800 X107.831 Y101.891 E389.23847
G0 F9000 X107.474 Y102.128
G1 F1800 X118.279 Y112.933 E389.50529
G0 F9000 X117.624 Y112.872
G1 F1800 X107.117 Y102.365 E389.76476
G0 F9000 X106.768 Y102.61
G1 F1800 X117.046 Y112.888 E390.01856
G0 F9000 X116.533 Y112.97
G1 F1800 X106.429 Y102.865 E390.26809
G0 F9000 X106.09 Y103.12
G1 F1800 X116.064 Y113.094 E390.51439
G0 F9000 X115.637 Y113.261
G1 F1800 X105.767 Y103.391 E390.75812
G0 F9000 X105.445 Y103.663
G1 F1800 X115.232 Y113.45 E390.99981
G0 F9000 X114.873 Y113.685
G1 F1800 X105.128 Y103.94 E391.24046
G0 F9000 X104.824 Y104.23
G1 F1800 X114.535 Y113.941 E391.48026
G0 F9000 X114.222 Y114.222
G1 F1800 X104.52 Y104.52 E391.71985
G0 F9000 X104.228 Y104.822
G1 F1800 X113.945 Y114.539 E391.9598
G0 F9000 X113.682 Y114.869
G1 F1800 X103.94 Y105.128 E392.20036
G0 F9000 X103.655 Y105.437
G1 F1800 X113.461 Y115.243 E392.44252
G0 F9000 X113.262 Y115.637
G1 F1800 X103.388 Y105.764 E392.68634
G0 F9000 X103.122 Y106.091
G1 F1800 X113.088 Y116.057 E392.93244
G0 F9000 X112.972 Y116.536
G1 F1800 X102.864 Y106.428 E393.18205
G0 F9000 X102.613 Y106.77
G1 F1800 X112.892 Y117.05 E393.4359
G0 F9000 X112.872 Y117.624
G1 F1800 X102.361 Y107.113 E393.69546
G0 F9000 X102.127 Y107.473
G1 F1800 X112.928 Y118.274 E393.96218
G1 X113.002 Y118.348
G0 F9000 X113.157 Y119.097
G1 F1800 X101.896 Y107.836 E394.24027
G1 X101.822 Y107.762
G1 F1500 E393.24027
G0 F9000 X108.969 Y101.247
G1 F1500 E394.24027
G1 F1800 X133.749 Y126.028 E394.85221
G0 F9000 X133.951 Y125.636
G1 F1800 X109.365 Y101.049 E395.45936
G0 F9000 X109.761 Y100.851
G1 F1800 X134.144 Y125.234 E396.06148
G0 F9000 X134.326 Y124.823
G1 F1800 X110.175 Y100.671 E396.65789
G0 F9000 X110.592 Y100.494
G1 F1800 X134.507 Y124.409 E397.24845
G0 F9000 X134.67 Y123.978
G1 F1800 X111.017 Y100.326 E397.83254
G0 F9000 X111.453 Y100.167
G1 F1800 X134.833 Y123.547 E398.40989
G0 F9000 X134.98 Y123.1
G1 F1800 X111.891 Y100.012 E398.98005
G0 F9000 X112.352 Y99.879
G1 F1800 X135.117 Y122.644 E399.54222
G0 F9000 X135.247 Y122.18
G1 F1800 X112.814 Y99.747 E400.09618
G0 F9000 X113.295 Y99.634
G1 F1800 X135.364 Y121.703 E400.64117
G0 F9000 X135.477 Y121.222
G1 F1800 X113.779 Y99.524 E401.17698
G0 F9000 X114.28 Y99.431
G1 F1800 X135.568 Y120.719 E401.70268
G0 F9000 X135.657 Y120.214
G1 F1800 X114.789 Y99.346 E402.218
G0 F9000 X115.312 Y99.275
G1 F1800 X135.721 Y119.683 E402.72198
G0 F9000 X135.785 Y119.154
G1 F1800 X115.85 Y99.218 E403.21427
G0 F9000 X116.403 Y99.177
G1 F1800 X135.821 Y118.596 E403.6938
G0 F9000 X135.856 Y118.037
G1 F1800 X116.97 Y99.151 E404.16018
G0 F9000 X117.556 Y99.143
G1 F1800 X135.856 Y117.443 E404.61208
G0 F9000 X135.848 Y116.841
G1 F1800 X118.161 Y99.154 E405.04885
G0 F9000 X118.795 Y99.194
G1 F1800 X135.808 Y116.207 E405.46898
G0 F9000 X135.75 Y115.555
G1 F1800 X119.441 Y99.246 E405.87172
G0 F9000 X120.127 Y99.338
G1 F1800 X135.669 Y114.88 E406.25552
G0 F9000 X135.548 Y114.165
G1 F1800 X120.835 Y99.452 E406.61885
G0 F9000 X121.572 Y99.595
G1 F1800 X135.399 Y113.422 E406.9603
G0 F9000 X135.207 Y112.636
G1 F1800 X122.376 Y99.805 E407.27715
G1 X122.302 Y99.731
G0 F9000 X123.227 Y100.063
G1 F1800 X134.936 Y111.772 E407.5663
G1 X135.01 Y111.846
G0 F9000 X134.605 Y110.846
G1 F1800 X124.153 Y100.394 E407.82441
G1 X124.079 Y100.32
G0 F9000 X125.181 Y100.828
G1 F1800 X134.168 Y109.815 E408.04633
G1 X134.242 Y109.889
G0 F9000 X133.574 Y108.627
G1 F1800 X126.378 Y101.432 E408.22402
G1 X126.304 Y101.358
G0 F9000 X127.942 Y102.401
G1 F1800 X132.583 Y107.043 E408.33864
G1 X132.657 Y107.117
G1 F1500 E407.33864
;MESH:NONMESH
G0 F600 X132.657 Y107.117 Z0.82
G0 F9000 X98.555 Y117.5
;TIME_ELAPSED:908.922398
;LAYER:7
;TYPE:WALL-INNER
;MESH:ranella v1.stl
G1 F1500 E408.33864
G1 F1800 X98.555 Y117.507 E408.33876
G1 X98.589 Y118.641 E408.35857
G1 X98.688 Y119.751 E408.37803
G1 X98.858 Y120.891 E408.39816
G1 X99.092 Y121.981 E408.41763
G1 X99.4 Y123.09 E408.43772
G1 X99.761 Y124.148 E408.45724
G1 X100.188 Y125.197 E408.47702
G1 X100.689 Y126.236 E408.49716
G1 X101.23 Y127.208 E408.51659
G1 X101.848 Y128.172 E408.53658
G1 X102.512 Y129.09 E408.55637
G1 X103.232 Y129.965 E408.57615
G1 X104.005 Y130.799 E408.59601
G1 X104.815 Y131.575 E408.6156
G1 X105.695 Y132.318 E408.63571
G1 X106.589 Y132.989 E408.65522
G1 X107.549 Y133.622 E408.6753
G1 X108.515 Y134.179 E408.69477
G1 X109.543 Y134.695 E408.71486
G1 X110.588 Y135.142 E408.73471
G1 X111.656 Y135.524 E408.75451
G1 X112.728 Y135.834 E408.774
G1 X113.84 Y136.089 E408.79392
G1 X114.973 Y136.278 E408.81398
G1 X116.075 Y136.392 E408.83332
G1 X117.226 Y136.445 E408.85344
G1 X118.344 Y136.43 E408.87297
G1 X119.482 Y136.343 E408.89289
G1 X120.616 Y136.191 E408.91287
G1 X121.709 Y135.976 E408.93232
G1 X122.825 Y135.683 E408.95247
G1 X123.889 Y135.339 E408.972
G1 X124.958 Y134.918 E408.99206
G1 X125.99 Y134.44 E409.01192
G1 X126.971 Y133.913 E409.03136
G1 X127.937 Y133.319 E409.05117
G1 X128.876 Y132.656 E409.07124
G1 X129.763 Y131.947 E409.09107
G1 X130.59 Y131.2 E409.11053
G1 X131.402 Y130.381 E409.13066
G1 X132.139 Y129.533 E409.15028
G1 X132.833 Y128.634 E409.17011
G1 X133.467 Y127.705 E409.18975
G1 X134.058 Y126.72 E409.20981
G1 X134.573 Y125.721 E409.22944
G1 X135.032 Y124.693 E409.24909
G1 X135.437 Y123.612 E409.26925
G1 X135.771 Y122.528 E409.28906
G1 X136.04 Y121.43 E409.3088
G1 X136.237 Y120.331 E409.32829
G1 X136.377 Y119.184 E409.34847
G1 X136.446 Y118.056 E409.36821
G1 X136.446 Y116.945 E409.3876
G1 X136.374 Y115.793 E409.40776
G1 X136.237 Y114.665 E409.4276
G1 X136.036 Y113.551 E409.44737
G1 X135.771 Y112.469 E409.46682
G1 X135.429 Y111.364 E409.48702
G1 X135.036 Y110.311 E409.50664
G1 X134.573 Y109.276 E409.52644
G1 X134.058 Y108.279 E409.54604
G1 X133.466 Y107.29 E409.56616
G1 X132.829 Y106.353 E409.58595
G1 X132.148 Y105.472 E409.60539
G1 X131.402 Y104.62 E409.62517
G1 X130.589 Y103.795 E409.64539
G1 X129.763 Y103.049 E409.66483
G1 X128.877 Y102.341 E409.68463
G1 X127.934 Y101.678 E409.70476
G1 X126.967 Y101.082 E409.72459
G1 X125.989 Y100.556 E409.74398
G1 X124.959 Y100.079 E409.7638
G1 X123.886 Y99.658 E409.78393
G1 X122.821 Y99.313 E409.80348
G1 X121.714 Y99.025 E409.82345
G1 X120.616 Y98.809 E409.84299
G1 X119.482 Y98.657 E409.86297
G1 X118.342 Y98.57 E409.88294
G1 X117.224 Y98.551 E409.90246
G1 X116.076 Y98.604 E409.92253
G1 X114.969 Y98.721 E409.94197
G1 X113.839 Y98.907 E409.96196
G1 X112.728 Y99.162 E409.98187
G1 X111.657 Y99.471 E410.00133
G1 X110.589 Y99.858 E410.02117
G1 X109.545 Y100.302 E410.04098
G1 X108.514 Y100.818 E410.06111
G1 X107.55 Y101.374 E410.08054
G1 X106.589 Y102.011 E410.10067
G1 X105.695 Y102.678 E410.12015
G1 X104.816 Y103.425 E410.14029
G1 X104.012 Y104.194 E410.15972
G1 X103.232 Y105.032 E410.17971
G1 X102.516 Y105.906 E410.19944
G1 X101.848 Y106.825 E410.21928
G1 X101.23 Y107.788 E410.23926
G1 X100.689 Y108.76 E410.25868
G1 X100.188 Y109.799 E410.27882
G1 X99.761 Y110.848 E410.2986
G1 X99.4 Y111.906 E410.31812
G1 X99.093 Y113.019 E410.33828
G1 X98.858 Y114.109 E410.35775
G1 X98.688 Y115.245 E410.37781
G1 X98.589 Y116.355 E410.39727
G1 X98.555 Y117.5 E410.41727
G0 F9000 X98.135 Y117.5
G1 F1800 X98.135 Y117.507 E410.41739
G1 X98.17 Y118.666 E410.43764
G1 X98.27 Y119.801 E410.45753
G1 X98.445 Y120.967 E410.47812
G1 X98.684 Y122.081 E410.49802
G1 X98.999 Y123.214 E410.51855
G1 X99.367 Y124.295 E410.53849
G1 X99.804 Y125.368 E410.55872
G1 X100.316 Y126.429 E410.57929
G1 X100.869 Y127.424 E410.59917
G1 X101.501 Y128.409 E410.61961
G1 X102.179 Y129.346 E410.6398
G1 X102.915 Y130.241 E410.66004
G1 X103.706 Y131.093 E410.68034
G1 X104.534 Y131.887 E410.70037
G1 X105.433 Y132.646 E410.72091
G1 X106.347 Y133.332 E410.74087
G1 X107.328 Y133.979 E410.76139
G1 X108.315 Y134.549 E410.78129
G1 X109.366 Y135.076 E410.80182
G1 X110.435 Y135.533 E410.82212
G1 X111.527 Y135.924 E410.84237
G1 X112.623 Y136.241 E410.8623
G1 X113.759 Y136.501 E410.88264
G1 X114.917 Y136.695 E410.90315
G1 X116.043 Y136.811 E410.92291
G1 X117.219 Y136.865 E410.94347
G1 X118.363 Y136.85 E410.96345
G1 X119.526 Y136.761 E410.98381
G1 X120.685 Y136.606 E411.00423
G1 X121.803 Y136.385 E411.02413
G1 X122.943 Y136.087 E411.04471
G1 X124.031 Y135.734 E411.06468
G1 X125.123 Y135.304 E411.08517
G1 X126.178 Y134.816 E411.10547
G1 X127.181 Y134.277 E411.12535
G1 X128.168 Y133.669 E411.1456
G1 X129.129 Y132.992 E411.16612
G1 X130.035 Y132.267 E411.18638
G1 X130.88 Y131.504 E411.20626
G1 X131.71 Y130.667 E411.22685
G1 X132.464 Y129.8 E411.24691
G1 X133.173 Y128.881 E411.26718
G1 X133.821 Y127.932 E411.28724
G1 X134.425 Y126.925 E411.30775
G1 X134.951 Y125.903 E411.32782
G1 X135.42 Y124.852 E411.34792
G1 X135.835 Y123.748 E411.36851
G1 X136.176 Y122.64 E411.38875
G1 X136.451 Y121.517 E411.40894
G1 X136.652 Y120.394 E411.42886
G1 X136.796 Y119.222 E411.44948
G1 X136.866 Y118.069 E411.46965
G1 X136.866 Y116.932 E411.48951
G1 X136.792 Y115.754 E411.51012
G1 X136.652 Y114.602 E411.53038
G1 X136.447 Y113.463 E411.55059
G1 X136.176 Y112.357 E411.57047
G1 X135.827 Y111.228 E411.59111
G1 X135.424 Y110.152 E411.61117
G1 X134.952 Y109.094 E411.6314
G1 X134.425 Y108.075 E411.65143
G1 X133.82 Y107.064 E411.672
G1 X133.169 Y106.107 E411.69221
G1 X132.473 Y105.205 E411.71211
G1 X131.71 Y104.334 E411.73233
G1 X130.88 Y103.492 E411.75297
G1 X130.035 Y102.729 E411.77285
G1 X129.129 Y102.005 E411.7931
G1 X128.165 Y101.327 E411.81368
G1 X127.177 Y100.718 E411.83395
G1 X126.177 Y100.18 E411.85378
G1 X125.124 Y99.692 E411.87404
G1 X124.027 Y99.262 E411.89462
G1 X122.939 Y98.91 E411.91459
G1 X121.807 Y98.615 E411.93501
G1 X120.685 Y98.394 E411.95498
G1 X119.526 Y98.239 E411.9754
G1 X118.362 Y98.15 E411.99578
G1 X117.218 Y98.131 E412.01576
G1 X116.044 Y98.185 E412.03628
G1 X114.913 Y98.305 E412.05614
G1 X113.758 Y98.495 E412.07658
G1 X112.623 Y98.755 E412.09691
G1 X111.527 Y99.072 E412.11684
G1 X110.435 Y99.467 E412.13711
G1 X109.369 Y99.921 E412.15735
G1 X108.315 Y100.448 E412.17792
G1 X107.328 Y101.016 E412.19781
G1 X106.347 Y101.668 E412.21838
G1 X105.433 Y102.35 E412.23829
G1 X104.535 Y103.113 E412.25887
G1 X103.713 Y103.899 E412.27872
G1 X102.915 Y104.755 E412.29916
G1 X102.183 Y105.649 E412.31934
G1 X101.501 Y106.588 E412.3396
G1 X100.869 Y107.572 E412.36002
G1 X100.316 Y108.567 E412.3799
G1 X99.804 Y109.628 E412.40047
G1 X99.367 Y110.701 E412.4207
G1 X98.999 Y111.782 E412.44064
G1 X98.685 Y112.919 E412.46124
G1 X98.444 Y114.034 E412.48116
G1 X98.27 Y115.195 E412.50166
G1 X98.17 Y116.33 E412.52155
G1 X98.135 Y117.5 E412.54199
G1 F1500 E411.54199
G0 F9000 X98.425 Y117.5
G0 X113.453 Y117.5
G1 F1500 E412.54199
G1 F1800 X113.45 Y117.468 E412.54255
G1 X113.497 Y116.884 E412.55278
G1 X113.645 Y116.257 E412.56403
G1 X113.873 Y115.698 E412.57457
G1 X114.202 Y115.154 E412.58567
G1 X114.617 Y114.657 E412.59698
G1 X115.026 Y114.296 E412.60651
G1 X115.555 Y113.943 E412.61761
G1 X116.141 Y113.68 E412.62883
G1 X116.757 Y113.519 E412.63994
G1 X117.277 Y113.455 E412.64909
G1 X117.933 Y113.472 E412.66055
G1 X118.598 Y113.597 E412.67237
G1 X119.174 Y113.806 E412.68307
G1 X119.683 Y114.085 E412.6932
G1 X120.172 Y114.452 E412.70388
G1 X120.633 Y114.926 E412.71542
G1 X120.982 Y115.429 E412.72611
G1 X121.272 Y116.011 E412.73747
G1 X121.451 Y116.575 E412.7478
G1 X121.545 Y117.202 E412.75887
G1 X121.545 Y117.796 E412.76924
G1 X121.445 Y118.434 E412.78052
G1 X121.248 Y119.045 E412.79173
G1 X120.981 Y119.577 E412.80212
G1 X120.613 Y120.098 E412.81326
G1 X120.205 Y120.52 E412.82351
G1 X119.683 Y120.911 E412.8349
G1 X119.14 Y121.204 E412.84567
G1 X118.598 Y121.398 E412.85573
G1 X117.958 Y121.521 E412.86711
G1 X117.353 Y121.55 E412.87768
G1 X116.724 Y121.475 E412.88874
G1 X116.129 Y121.315 E412.8995
G1 X115.571 Y121.058 E412.91023
G1 X115.048 Y120.725 E412.92106
G1 X114.574 Y120.295 E412.93223
G1 X114.193 Y119.833 E412.94269
G1 X113.869 Y119.291 E412.95371
G1 X113.636 Y118.709 E412.96466
G1 X113.504 Y118.158 E412.97455
G1 X113.453 Y117.5 E412.98608
G0 F9000 X113.871 Y117.5
G1 F1800 X113.87 Y117.481 E412.98641
G1 X113.912 Y116.946 E412.99578
G1 X114.037 Y116.41 E413.00539
G1 X114.236 Y115.92 E413.01463
G1 X114.521 Y115.431 E413.02451
G1 X114.908 Y114.96 E413.03515
G1 X115.291 Y114.622 E413.04407
G1 X115.766 Y114.307 E413.05403
G1 X116.312 Y114.07 E413.06442
G1 X116.787 Y113.941 E413.07301
G1 X117.332 Y113.872 E413.08261
G1 X117.901 Y113.891 E413.09255
G1 X118.427 Y113.987 E413.10188
G1 X118.977 Y114.179 E413.11206
G1 X119.463 Y114.443 E413.12171
G1 X119.904 Y114.775 E413.13135
G1 X120.308 Y115.192 E413.14149
G1 X120.607 Y115.621 E413.15062
G1 X120.864 Y116.122 E413.16045
G1 X121.03 Y116.637 E413.1699
G1 X121.124 Y117.209 E413.18002
G1 X121.124 Y117.79 E413.19017
G1 X121.042 Y118.311 E413.19938
G1 X120.864 Y118.873 E413.20967
G1 X120.634 Y119.334 E413.21867
G1 X120.296 Y119.822 E413.22904
G1 X119.894 Y120.233 E413.23907
G1 X119.481 Y120.541 E413.24807
G1 X119.024 Y120.795 E413.2572
G1 X118.477 Y120.996 E413.26738
G1 X117.936 Y121.101 E413.277
G1 X117.358 Y121.126 E413.2871
G1 X116.787 Y121.059 E413.29714
G1 X116.299 Y120.926 E413.30597
G1 X115.769 Y120.688 E413.31612
G1 X115.331 Y120.408 E413.32519
G1 X114.923 Y120.05 E413.33467
G1 X114.541 Y119.594 E413.34506
G1 X114.259 Y119.123 E413.35465
G1 X114.043 Y118.604 E413.36446
G1 X113.91 Y118.057 E413.37429
G1 X113.871 Y117.5 E413.38404
G0 F9000 X114.291 Y117.5
;TYPE:WALL-OUTER
G1 F1800 X114.29 Y117.483 E413.38434
G1 X114.331 Y116.992 E413.39294
G1 X114.445 Y116.516 E413.40149
G1 X114.626 Y116.076 E413.4098
G1 X114.877 Y115.654 E413.41837
G1 X115.204 Y115.258 E413.42734
G1 X115.573 Y114.936 E413.43589
G1 X115.982 Y114.672 E413.44439
G1 X116.432 Y114.473 E413.45298
G1 X116.893 Y114.348 E413.46132
G1 X117.369 Y114.29 E413.4697
G1 X117.88 Y114.311 E413.47863
G1 X118.357 Y114.402 E413.4871
G1 X118.821 Y114.569 E413.49572
G1 X119.26 Y114.812 E413.50448
G1 X119.635 Y115.098 E413.51271
G1 X119.987 Y115.463 E413.52157
G1 X120.268 Y115.873 E413.53025
G1 X120.483 Y116.299 E413.53858
G1 X120.632 Y116.779 E413.54735
G1 X120.706 Y117.254 E413.55575
G1 X120.704 Y117.766 E413.56469
G1 X120.629 Y118.234 E413.57297
G1 X120.483 Y118.697 E413.58144
G1 X120.261 Y119.141 E413.59011
G1 X119.979 Y119.546 E413.59873
G1 X119.632 Y119.905 E413.60745
G1 X119.243 Y120.195 E413.61592
G1 X118.809 Y120.432 E413.62455
G1 X118.35 Y120.596 E413.63306
G1 X117.88 Y120.685 E413.64142
G1 X117.369 Y120.706 E413.65035
G1 X116.887 Y120.651 E413.65882
G1 X116.405 Y120.518 E413.66755
G1 X115.968 Y120.318 E413.67594
G1 X115.547 Y120.045 E413.6847
G1 X115.181 Y119.714 E413.69332
G1 X114.871 Y119.332 E413.70191
G1 X114.626 Y118.92 E413.71028
G1 X114.444 Y118.478 E413.71863
G1 X114.331 Y118.009 E413.72705
G1 X114.291 Y117.5 E413.73597
G0 F9000 X114.29 Y117.483
G0 X114.305 Y117.301
G1 F1500 E412.73597
G0 F9000 X113.602 Y117.246
G0 X98.425 Y117.5
G0 X97.715 Y117.5
G1 F1500 E413.73597
G1 F1800 X97.715 Y117.507 E413.73609
G1 X97.75 Y118.691 E413.75677
G1 X97.853 Y119.851 E413.77711
G1 X98.031 Y121.042 E413.79814
G1 X98.276 Y122.181 E413.81848
G1 X98.597 Y123.338 E413.83945
G1 X98.973 Y124.442 E413.85981
G1 X99.42 Y125.538 E413.88048
G1 X99.943 Y126.623 E413.90151
G1 X100.509 Y127.64 E413.92183
G1 X101.154 Y128.645 E413.94269
G1 X101.847 Y129.603 E413.96333
G1 X102.599 Y130.517 E413.984
G1 X103.406 Y131.388 E414.00473
G1 X104.253 Y132.199 E414.02521
G1 X105.171 Y132.975 E414.0462
G1 X106.105 Y133.676 E414.06659
G1 X107.107 Y134.337 E414.08755
G1 X108.116 Y134.919 E414.10789
G1 X109.189 Y135.457 E414.12885
G1 X110.281 Y135.924 E414.14959
G1 X111.397 Y136.324 E414.17029
G1 X112.517 Y136.648 E414.19065
G1 X113.677 Y136.913 E414.21143
G1 X114.861 Y137.111 E414.23239
G1 X116.012 Y137.23 E414.25259
G1 X117.212 Y137.285 E414.27357
G1 X118.382 Y137.27 E414.294
G1 X119.57 Y137.179 E414.31481
G1 X120.753 Y137.02 E414.33565
G1 X121.897 Y136.795 E414.35601
G1 X123.061 Y136.49 E414.37702
G1 X124.173 Y136.13 E414.39743
G1 X125.289 Y135.69 E414.41838
G1 X126.366 Y135.192 E414.43909
G1 X127.391 Y134.641 E414.45941
G1 X128.4 Y134.02 E414.4801
G1 X129.381 Y133.328 E414.50107
G1 X130.307 Y132.587 E414.52178
G1 X131.17 Y131.808 E414.54208
G1 X132.018 Y130.953 E414.5631
G1 X132.789 Y130.066 E414.58362
G1 X133.513 Y129.128 E414.60432
G1 X134.175 Y128.158 E414.62482
G1 X134.792 Y127.129 E414.64577
G1 X135.33 Y126.085 E414.66628
G1 X135.809 Y125.012 E414.6868
G1 X136.233 Y123.884 E414.70784
G1 X136.581 Y122.752 E414.72852
G1 X136.862 Y121.604 E414.74916
G1 X137.068 Y120.456 E414.76952
G1 X137.214 Y119.26 E414.79056
G1 X137.286 Y118.081 E414.81119
G1 X137.286 Y116.919 E414.83148
G1 X137.21 Y115.716 E414.85253
G1 X137.068 Y114.54 E414.87321
G1 X136.858 Y113.376 E414.89386
G1 X136.581 Y112.245 E414.9142
G1 X136.225 Y111.092 E414.93527
G1 X135.813 Y109.992 E414.95578
G1 X135.33 Y108.912 E414.97644
G1 X134.792 Y107.871 E414.9969
G1 X134.174 Y106.838 E415.01792
G1 X133.509 Y105.86 E415.03857
G1 X132.797 Y104.938 E415.05891
G1 X132.018 Y104.048 E415.07956
G1 X131.17 Y103.188 E415.10065
G1 X130.307 Y102.409 E415.12095
G1 X129.381 Y101.669 E415.14165
G1 X128.396 Y100.976 E415.16268
G1 X127.387 Y100.354 E415.18338
G1 X126.365 Y99.804 E415.20365
G1 X125.289 Y99.306 E415.22435
G1 X124.169 Y98.866 E415.24536
G1 X123.057 Y98.506 E415.26577
G1 X121.901 Y98.205 E415.28663
G1 X120.753 Y97.98 E415.30706
G1 X119.57 Y97.821 E415.3279
G1 X118.382 Y97.73 E415.3487
G1 X117.212 Y97.711 E415.36914
G1 X116.012 Y97.766 E415.39011
G1 X114.857 Y97.889 E415.41039
G1 X113.677 Y98.083 E415.43128
G1 X112.517 Y98.348 E415.45205
G1 X111.397 Y98.672 E415.47241
G1 X110.281 Y99.076 E415.49314
G1 X109.193 Y99.539 E415.51378
G1 X108.116 Y100.078 E415.53481
G1 X107.107 Y100.659 E415.55514
G1 X106.105 Y101.324 E415.57614
G1 X105.171 Y102.021 E415.59649
G1 X104.253 Y102.801 E415.61753
G1 X103.414 Y103.604 E415.63781
G1 X102.599 Y104.479 E415.65869
G1 X101.851 Y105.393 E415.67931
G1 X101.154 Y106.351 E415.7
G1 X100.509 Y107.356 E415.72085
G1 X99.943 Y108.373 E415.74117
G1 X99.42 Y109.458 E415.7622
G1 X98.973 Y110.554 E415.78287
G1 X98.597 Y111.658 E415.80324
G1 X98.277 Y112.819 E415.82427
G1 X98.031 Y113.958 E415.84461
G1 X97.853 Y115.145 E415.86557
G1 X97.75 Y116.305 E415.88591
G1 X97.715 Y117.5 E415.90678
G0 F9000 X97.715 Y117.507
G0 X97.72 Y117.699
G1 F1500 E414.90678
G0 F9000 X98.43 Y117.679
G0 X113.074 Y117.5
;TYPE:SKIN
G1 F1500 E415.90678
G1 F1800 X113.121 Y118.177 E415.91863
G1 X113.273 Y118.84 E415.93051
G1 X113.522 Y119.434 E415.94176
G1 X113.871 Y120.038 E415.95394
G1 X114.331 Y120.589 E415.96647
G1 X114.816 Y121.021 E415.97781
G1 X115.363 Y121.379 E415.98923
G1 X115.976 Y121.66 E416.001
G1 X116.651 Y121.847 E416.01323
G1 X117.321 Y121.922 E416.02501
G1 X118.004 Y121.893 E416.03694
G1 X118.654 Y121.78 E416.04846
G1 X119.314 Y121.544 E416.0607
G1 X119.883 Y121.231 E416.07204
G1 X120.411 Y120.841 E416.0835
G1 X120.899 Y120.343 E416.09568
G1 X121.301 Y119.781 E416.10774
G1 X121.619 Y119.149 E416.1201
G1 X121.815 Y118.513 E416.13172
G1 X121.92 Y117.858 E416.1433
G1 X121.922 Y117.179 E416.15516
G1 X121.817 Y116.49 E416.16733
G1 X121.625 Y115.878 E416.17853
G1 X121.305 Y115.231 E416.19113
G1 X120.923 Y114.681 E416.20283
G1 X120.45 Y114.185 E416.21479
G1 X119.96 Y113.812 E416.22555
G1 X119.344 Y113.464 E416.2379
G1 X118.65 Y113.216 E416.25077
G1 X118.048 Y113.103 E416.26147
G1 X117.315 Y113.066 E416.27428
G1 X116.697 Y113.144 E416.28516
G1 X116.019 Y113.32 E416.29739
G1 X115.353 Y113.622 E416.31016
G1 X114.821 Y113.968 E416.32124
G1 X114.316 Y114.414 E416.33301
G1 X113.854 Y114.987 E416.34586
G1 X113.534 Y115.529 E416.35685
G1 X113.276 Y116.148 E416.36856
G1 X113.123 Y116.808 E416.38039
G1 X113.07 Y117.443 E416.39152
G1 X113.074 Y117.5 E416.39251
G1 F1500 E415.39251
G0 F9000 X98.931 Y117.5
G1 F1500 E416.39251
G1 F1800 X98.966 Y116.369 E416.41227
G1 X99.061 Y115.297 E416.43106
G1 X99.227 Y114.186 E416.45068
G1 X99.457 Y113.119 E416.46974
G1 X99.765 Y112.006 E416.4899
G1 X100.109 Y110.986 E416.5087
G1 X100.528 Y109.962 E416.52802
G1 X101.031 Y108.925 E416.54814
G1 X101.549 Y107.988 E416.56684
G1 X102.162 Y107.031 E416.58669
G1 X102.863 Y106.077 E416.60736
G1 X103.507 Y105.287 E416.62515
G1 X104.286 Y104.452 E416.64509
G1 X105.061 Y103.713 E416.66379
G1 X105.94 Y102.969 E416.6839
G1 X106.814 Y102.312 E416.70299
G1 X107.739 Y101.699 E416.72237
G1 X108.684 Y101.154 E416.74142
G1 X109.713 Y100.639 E416.76151
G1 X110.737 Y100.204 E416.78094
G1 X111.781 Y99.824 E416.80034
G1 X112.813 Y99.528 E416.81909
G1 X113.909 Y99.279 E416.83871
G1 X115.029 Y99.093 E416.85854
G1 X116.096 Y98.982 E416.87727
G1 X117.232 Y98.927 E416.89713
G1 X118.313 Y98.946 E416.91601
G1 X119.441 Y99.033 E416.93576
G1 X120.561 Y99.184 E416.9555
G1 X121.617 Y99.389 E416.97428
G1 X122.721 Y99.678 E416.99421
G1 X123.749 Y100.01 E417.01307
G1 X124.817 Y100.43 E417.03311
G1 X125.83 Y100.896 E417.05258
G1 X126.766 Y101.402 E417.07116
G1 X127.724 Y101.992 E417.09081
G1 X128.653 Y102.644 E417.11062
G1 X129.523 Y103.344 E417.13012
G1 X130.33 Y104.072 E417.1491
G1 X131.118 Y104.868 E417.16866
G1 X131.845 Y105.702 E417.18798
G1 X132.525 Y106.584 E417.20743
G1 X133.138 Y107.486 E417.22647
G1 X133.72 Y108.455 E417.24621
G1 X134.234 Y109.448 E417.26573
G1 X134.681 Y110.452 E417.28492
G1 X135.065 Y111.477 E417.30403
G1 X135.409 Y112.581 E417.32423
G1 X135.662 Y113.616 E417.34283
G1 X135.86 Y114.712 E417.36228
G1 X135.994 Y115.816 E417.3817
G1 X136.066 Y116.967 E417.40184
G1 X136.066 Y118.033 E417.42045
G1 X135.998 Y119.136 E417.43975
G1 X135.86 Y120.28 E417.45987
G1 X135.67 Y121.34 E417.47867
G1 X135.405 Y122.416 E417.49802
G1 X135.143 Y123.283 E417.51384
G1 X135.153 Y123.296 E417.51412
G1 X134.681 Y124.54 E417.53736
G1 X134.234 Y125.545 E417.55656
G1 X133.72 Y126.541 E417.57613
G1 X133.15 Y127.49 E417.59546
G1 X132.529 Y128.404 E417.61476
G1 X131.841 Y129.298 E417.63446
G1 X131.114 Y130.132 E417.65378
G1 X130.334 Y130.92 E417.67314
G1 X129.524 Y131.651 E417.69219
G1 X128.649 Y132.347 E417.71171
G1 X127.72 Y133.004 E417.73158
G1 X126.775 Y133.586 E417.75096
G1 X125.83 Y134.096 E417.76971
G1 X124.817 Y134.562 E417.78918
G1 X123.749 Y134.986 E417.80925
G1 X122.725 Y135.314 E417.82802
G1 X121.613 Y135.607 E417.8481
G1 X120.561 Y135.812 E417.86682
G1 X119.441 Y135.963 E417.88655
G1 X118.314 Y136.05 E417.90629
G1 X117.236 Y136.065 E417.92511
G1 X116.092 Y136.01 E417.94511
G1 X115.032 Y135.903 E417.96372
G1 X113.913 Y135.717 E417.98352
G1 X112.813 Y135.464 E418.00323
G1 X111.781 Y135.164 E418.022
G1 X110.733 Y134.792 E418.04142
G1 X109.697 Y134.349 E418.06109
G1 X108.692 Y133.843 E418.08074
G1 X107.755 Y133.305 E418.09961
G1 X106.798 Y132.672 E418.11964
G1 X105.923 Y132.015 E418.13875
G1 X105.069 Y131.295 E418.15825
G1 X104.27 Y130.528 E418.17759
G1 X103.515 Y129.713 E418.19699
G1 X102.811 Y128.855 E418.21637
G1 X102.154 Y127.949 E418.23591
G1 X101.549 Y127.004 E418.25551
G1 X101.031 Y126.067 E418.2742
G1 X100.528 Y125.03 E418.29433
G1 X100.109 Y124.006 E418.31365
G1 X99.757 Y122.966 E418.33282
G1 X99.457 Y121.877 E418.35254
G1 X99.227 Y120.81 E418.3716
G1 X99.061 Y119.695 E418.39129
G1 X98.966 Y118.627 E418.41001
G1 X98.931 Y117.515 E418.42944
G1 X98.931 Y117.5 E418.4297
G1 F1500 E417.4297
G0 F9000 X103.843 Y105.234
G1 F1500 E418.4297
G1 F1800 X105.247 Y103.83 E418.46437
G1 X105.321 Y103.756
G0 F9000 X107.682 Y101.989
G1 F1800 X102.006 Y107.665 E418.60454
G1 X101.932 Y107.739
G0 F9000 X101.194 Y109.071
G1 F1800 X109.069 Y101.196 E418.799
G1 X109.143 Y101.122
G0 F9000 X110.198 Y100.661
G1 F1800 X100.657 Y110.203 E419.03463
G1 X100.583 Y110.277
G0 F9000 X100.262 Y111.191
G1 F1800 X111.192 Y100.261 E419.30453
G1 X111.266 Y100.187
G0 F9000 X112.095 Y99.952
G1 F1800 X99.962 Y112.085 E419.60415
G1 X99.888 Y112.159
G0 F9000 X99.735 Y112.907
G1 F1800 X112.924 Y99.718 E419.92985
G0 F9000 X113.692 Y99.543
G1 F1800 X99.551 Y113.684 E420.27905
G0 F9000 X99.404 Y114.425
G1 F1800 X114.423 Y99.406 E420.64993
G0 F9000 X115.13 Y99.293
G1 F1800 X99.3 Y115.123 E421.04085
G0 F9000 X99.229 Y115.788
G1 F1800 X115.793 Y99.224 E421.44988
G0 F9000 X116.436 Y99.175
G1 F1800 X99.175 Y116.436 E421.87613
G0 F9000 X99.156 Y117.049
G1 F1800 X117.059 Y99.146 E422.31824
G0 F9000 X117.655 Y99.144
G1 F1800 X99.146 Y117.653 E422.77531
G0 F9000 X99.164 Y118.229
G1 F1800 X118.238 Y99.155 E423.24633
G0 F9000 X118.793 Y99.194
G1 F1800 X99.192 Y118.795 E423.73036
G0 F9000 X99.241 Y119.34
G1 F1800 X119.345 Y99.236 E424.22682
G0 F9000 X119.872 Y99.303
G1 F1800 X99.301 Y119.874 E424.73481
G0 F9000 X99.378 Y120.391
G1 F1800 X120.396 Y99.373 E425.25383
G0 F9000 X120.899 Y99.464
G1 F1800 X99.462 Y120.9 E425.78319
G0 F9000 X99.567 Y121.39
G1 F1800 X121.396 Y99.561 E426.32225
G0 F9000 X121.877 Y99.674
G1 F1800 X99.675 Y121.876 E426.87051
G0 F9000 X99.803 Y122.341
G1 F1800 X122.348 Y99.797 E427.42724
G0 F9000 X122.811 Y99.928
G1 F1800 X99.932 Y122.807 E427.99222
G0 F9000 X100.078 Y123.255
G1 F1800 X123.26 Y100.073 E428.56468
G0 F9000 X123.708 Y100.219
G1 F1800 X100.227 Y123.699 E429.14452
G0 F9000 X100.388 Y124.133
G1 F1800 X124.134 Y100.387 E429.73091
G0 F9000 X124.56 Y100.554
G1 F1800 X100.561 Y124.553 E430.32355
G0 F9000 X100.735 Y124.973
G1 F1800 X124.975 Y100.733 E430.92215
G0 F9000 X125.382 Y100.92
G1 F1800 X100.929 Y125.374 E431.52601
G0 F9000 X101.123 Y125.774
G1 F1800 X125.787 Y101.11 E432.13507
G0 F9000 X126.172 Y101.319
G1 F1800 X101.326 Y126.165 E432.74863
G0 F9000 X101.538 Y126.547
G1 F1800 X126.557 Y101.528 E433.36646
G0 F9000 X126.928 Y101.75
G1 F1800 X115.22 Y113.458 E433.65558
G1 X115.146 Y113.532
G0 F9000 X116.219 Y113.054
G1 F1800 X127.296 Y101.976 E433.92913
G0 F9000 X127.662 Y102.204
G1 F1800 X116.967 Y112.899 E434.19324
G0 F9000 X117.589 Y112.871
G1 F1800 X128.011 Y102.449 E434.4506
G0 F9000 X128.36 Y102.695
G1 F1800 X118.146 Y112.909 E434.70283
G0 F9000 X118.645 Y113.003
G1 F1800 X128.698 Y102.95 E434.95109
G0 F9000 X129.028 Y103.214
G1 F1800 X119.092 Y113.151 E435.19646
G0 F9000 X119.513 Y113.323
G1 F1800 X129.357 Y103.479 E435.43955
G0 F9000 X129.671 Y103.759
G1 F1800 X119.894 Y113.536 E435.68099
G0 F9000 X120.253 Y113.771
G1 F1800 X129.983 Y104.041 E435.92127
G0 F9000 X130.289 Y104.329
G1 F1800 X120.589 Y114.029 E436.1608
G0 F9000 X120.88 Y114.332
G1 F1800 X130.584 Y104.628 E436.40044
G0 F9000 X130.88 Y104.926
G1 F1800 X121.156 Y114.65 E436.64056
G0 F9000 X121.4 Y115
G1 F1800 X131.162 Y105.238 E436.88163
G0 F9000 X131.438 Y105.555
G1 F1800 X121.614 Y115.38 E437.12424
G0 F9000 X121.811 Y115.777
G1 F1800 X131.713 Y105.875 E437.36877
G0 F9000 X131.972 Y106.21
G1 F1800 X121.954 Y116.228 E437.61615
G0 F9000 X122.063 Y116.713
G1 F1800 X132.23 Y106.545 E437.86723
G0 F9000 X132.479 Y106.891
G1 F1800 X122.131 Y117.238 E438.12276
G0 F9000 X122.131 Y117.833
G1 F1800 X132.72 Y107.244 E438.38425
G0 F9000 X132.96 Y107.598
G1 F1800 X122.025 Y118.533 E438.65428
G1 X121.951 Y118.607
G0 F9000 X121.702 Y119.45
G1 F1800 X133.183 Y107.969 E438.9378
G0 F9000 X133.406 Y108.339
G1 F1800 X108.344 Y133.402 E439.5567
G0 F9000 X108.721 Y133.618
G1 F1800 X133.621 Y108.719 E440.17158
G0 F9000 X133.823 Y109.111
G1 F1800 X109.113 Y133.821 E440.78178
G0 F9000 X109.508 Y134.019
G1 F1800 X134.025 Y109.503 E441.3872
G0 F9000 X134.21 Y109.911
G1 F1800 X109.91 Y134.212 E441.98728
G0 F9000 X110.326 Y134.39
G1 F1800 X134.393 Y110.322 E442.58162
G0 F9000 X134.566 Y110.744
G1 F1800 X110.741 Y134.568 E443.16995
G0 F9000 X111.176 Y134.727
G1 F1800 X134.727 Y111.176 E443.75152
G0 F9000 X134.886 Y111.611
G1 F1800 X111.615 Y134.883 E444.3262
G0 F9000 X112.064 Y135.028
G1 F1800 X135.027 Y112.064 E444.89327
G0 F9000 X135.168 Y112.517
G1 F1800 X112.523 Y135.162 E445.45247
G0 F9000 X112.989 Y135.29
G1 F1800 X135.292 Y112.987 E446.00323
G0 F9000 X135.409 Y113.464
G1 F1800 X113.472 Y135.401 E446.54495
G0 F9000 X113.956 Y135.511
G1 F1800 X135.51 Y113.957 E447.07722
G0 F9000 X135.6 Y114.461
G1 F1800 X114.465 Y135.596 E447.59913
G0 F9000 X114.974 Y135.681
G1 F1800 X135.68 Y114.976 E448.11044
G0 F9000 X135.744 Y115.505
G1 F1800 X115.509 Y135.74 E448.61013
G0 F9000 X116.049 Y135.794
G1 F1800 X135.798 Y116.045 E449.09782
G0 F9000 X135.832 Y116.605
G1 F1800 X116.613 Y135.824 E449.57242
G0 F9000 X117.18 Y135.851
G1 F1800 X135.856 Y117.175 E450.03362
G0 F9000 X135.856 Y117.769
G1 F1800 X117.777 Y135.848 E450.48007
G0 F9000 X118.385 Y135.835
G1 F1800 X135.834 Y118.385 E450.91097
G0 F9000 X135.795 Y119.018
G1 F1800 X119.028 Y135.785 E451.32502
G0 F9000 X119.688 Y135.719
G1 F1800 X135.72 Y119.687 E451.72092
G0 F9000 X135.629 Y120.371
G1 F1800 X120.375 Y135.626 E452.09762
G0 F9000 X121.101 Y135.494
G1 F1800 X135.5 Y121.095 E452.4532
G0 F9000 X135.324 Y121.865
G1 F1800 X121.865 Y135.324 E452.78556
G0 F9000 X122.672 Y135.111
G1 F1800 X135.107 Y122.676 E453.09263
G1 X135.181 Y122.602
G0 F9000 X134.834 Y123.543
G1 F1800 X123.546 Y134.83 E453.37137
G1 X123.472 Y134.904
G0 F9000 X124.515 Y134.456
G1 F1800 X134.467 Y124.504 E453.61713
G1 X134.541 Y124.43
G0 F9000 X133.976 Y125.589
G1 F1800 X125.589 Y133.976 E453.82424
G1 X125.515 Y134.05
G0 F9000 X126.89 Y133.268
G1 F1800 X133.259 Y126.9 E453.98151
G1 X133.333 Y126.826
G0 F9000 X131.984 Y128.769
G1 F1800 X128.768 Y131.984 E454.06091
G1 X128.694 Y132.058
G1 F1500 E453.06091
G0 F9000 X119.435 Y121.717
G1 F1500 E454.06091
G1 F1800 X107.966 Y133.186 E454.34413
G0 F9000 X107.604 Y132.954
G1 F1800 X118.547 Y122.011 E454.61436
G0 F9000 X117.856 Y122.108
G1 F1800 X107.247 Y132.717 E454.87635
G0 F9000 X106.891 Y132.479
G1 F1800 X117.245 Y122.124 E455.13205
G0 F9000 X116.712 Y122.064
G1 F1800 X106.552 Y132.224 E455.38294
G0 F9000 X106.212 Y131.969
G1 F1800 X116.233 Y121.949 E455.63039
G0 F9000 X115.787 Y121.801
G1 F1800 X105.881 Y131.706 E455.875
G0 F9000 X105.559 Y131.435
G1 F1800 X115.379 Y121.615 E456.1175
G0 F9000 X115.005 Y121.395
G1 F1800 X105.237 Y131.163 E456.35871
G0 F9000 X104.933 Y130.873
G1 F1800 X114.652 Y121.154 E456.59872
G0 F9000 X114.338 Y120.874
G1 F1800 X104.629 Y130.583 E456.83848
G0 F9000 X104.332 Y130.286
G1 F1800 X114.044 Y120.574 E457.07831
G0 F9000 X113.773 Y120.251
G1 F1800 X104.047 Y129.978 E457.3185
G0 F9000 X103.762 Y129.669
G1 F1800 X113.543 Y119.887 E457.56005
G0 F9000 X113.328 Y119.508
G1 F1800 X103.488 Y129.348 E457.80304
G0 F9000 X103.22 Y129.022
G1 F1800 X113.153 Y119.089 E458.04833
G0 F9000 X113.011 Y118.638
G1 F1800 X102.954 Y128.694 E458.29667
G0 F9000 X102.704 Y128.35
G1 F1800 X112.909 Y118.145 E458.54867
G0 F9000 X112.869 Y117.591
G1 F1800 X102.455 Y128.005 E458.80584
G0 F9000 X102.214 Y127.652
G1 F1800 X112.898 Y116.968 E459.06968
G0 F9000 X113.042 Y116.23
G1 F1800 X101.982 Y127.29 E459.3428
G0 F9000 X101.751 Y126.928
G1 F1800 X113.496 Y115.182 E459.63284
G1 X113.57 Y115.108
G1 F1500 E458.63284
;MESH:NONMESH
G0 F600 X113.57 Y115.108 Z0.92
G0 F9000 X98.555 Y117.5
;TIME_ELAPSED:1016.370470
;LAYER:8
;TYPE:WALL-INNER
;MESH:ranella v1.stl
G1 F1500 E459.63284
G1 F1800 X98.555 Y117.507 E459.63297
G1 X98.589 Y118.641 E459.65278
G1 X98.688 Y119.751 E459.67224
G1 X98.858 Y120.891 E459.69236
G1 X99.092 Y121.981 E459.71183
G1 X99.4 Y123.09 E459.73193
G1 X99.761 Y124.148 E459.75145
G1 X100.188 Y125.197 E459.77122
G1 X100.689 Y126.236 E459.79137
G1 X101.23 Y127.208 E459.81079
G1 X101.848 Y128.172 E459.83079
G1 X102.512 Y129.09 E459.85057
G1 X103.232 Y129.965 E459.87036
G1 X104.005 Y130.799 E459.89021
G1 X104.815 Y131.575 E459.9098
G1 X105.695 Y132.318 E459.92991
G1 X106.589 Y132.989 E459.94943
G1 X107.549 Y133.622 E459.96951
G1 X108.515 Y134.179 E459.98898
G1 X109.543 Y134.695 E460.00906
G1 X110.588 Y135.142 E460.02891
G1 X111.656 Y135.524 E460.04872
G1 X112.728 Y135.834 E460.0682
G1 X113.84 Y136.089 E460.08812
G1 X114.973 Y136.278 E460.10818
G1 X116.075 Y136.392 E460.12753
G1 X117.226 Y136.445 E460.14765
G1 X118.344 Y136.43 E460.16717
G1 X119.482 Y136.343 E460.1871
G1 X120.616 Y136.191 E460.20708
G1 X121.709 Y135.976 E460.22653
G1 X122.825 Y135.683 E460.24668
G1 X123.889 Y135.339 E460.2662
G1 X124.958 Y134.918 E460.28626
G1 X125.99 Y134.44 E460.30612
G1 X126.971 Y133.913 E460.32557
G1 X127.937 Y133.319 E460.34537
G1 X128.876 Y132.656 E460.36544
G1 X129.763 Y131.947 E460.38527
G1 X130.59 Y131.2 E460.40473
G1 X131.402 Y130.381 E460.42487
G1 X132.139 Y129.533 E460.44449
G1 X132.833 Y128.634 E460.46432
G1 X133.467 Y127.705 E460.48396
G1 X134.058 Y126.72 E460.50401
G1 X134.573 Y125.721 E460.52364
G1 X135.032 Y124.693 E460.5433
G1 X135.437 Y123.612 E460.56346
G1 X135.771 Y122.528 E460.58326
G1 X136.04 Y121.43 E460.603
G1 X136.237 Y120.331 E460.6225
G1 X136.377 Y119.184 E460.64268
G1 X136.446 Y118.056 E460.66241
G1 X136.446 Y116.945 E460.68181
G1 X136.374 Y115.793 E460.70196
G1 X136.237 Y114.665 E460.72181
G1 X136.036 Y113.551 E460.74157
G1 X135.771 Y112.469 E460.76102
G1 X135.429 Y111.364 E460.78122
G1 X135.036 Y110.311 E460.80085
G1 X134.573 Y109.276 E460.82065
G1 X134.058 Y108.279 E460.84024
G1 X133.466 Y107.29 E460.86037
G1 X132.829 Y106.353 E460.88015
G1 X132.148 Y105.472 E460.8996
G1 X131.402 Y104.62 E460.91937
G1 X130.589 Y103.795 E460.93959
G1 X129.763 Y103.049 E460.95903
G1 X128.877 Y102.341 E460.97883
G1 X127.934 Y101.678 E460.99896
G1 X126.967 Y101.082 E461.0188
G1 X125.989 Y100.556 E461.03819
G1 X124.959 Y100.079 E461.05801
G1 X123.886 Y99.658 E461.07814
G1 X122.821 Y99.313 E461.09768
G1 X121.714 Y99.025 E461.11766
G1 X120.616 Y98.809 E461.1372
G1 X119.482 Y98.657 E461.15718
G1 X118.342 Y98.57 E461.17714
G1 X117.224 Y98.551 E461.19666
G1 X116.076 Y98.604 E461.21673
G1 X114.969 Y98.721 E461.23617
G1 X113.839 Y98.907 E461.25617
G1 X112.728 Y99.162 E461.27607
G1 X111.657 Y99.471 E461.29553
G1 X110.589 Y99.858 E461.31537
G1 X109.545 Y100.302 E461.33518
G1 X108.514 Y100.818 E461.35531
G1 X107.55 Y101.374 E461.37474
G1 X106.589 Y102.011 E461.39488
G1 X105.695 Y102.678 E461.41435
G1 X104.816 Y103.425 E461.4345
G1 X104.012 Y104.194 E461.45392
G1 X103.232 Y105.032 E461.47391
G1 X102.516 Y105.906 E461.49364
G1 X101.848 Y106.825 E461.51348
G1 X101.23 Y107.788 E461.53346
G1 X100.689 Y108.76 E461.55289
G1 X100.188 Y109.799 E461.57303
G1 X99.761 Y110.848 E461.5928
G1 X99.4 Y111.906 E461.61232
G1 X99.093 Y113.019 E461.63248
G1 X98.858 Y114.109 E461.65195
G1 X98.688 Y115.245 E461.67201
G1 X98.589 Y116.355 E461.69147
G1 X98.555 Y117.5 E461.71147
G0 F9000 X98.135 Y117.5
G1 F1800 X98.135 Y117.507 E461.7116
G1 X98.17 Y118.666 E461.73184
G1 X98.27 Y119.801 E461.75174
G1 X98.445 Y120.967 E461.77233
G1 X98.684 Y122.081 E461.79222
G1 X98.999 Y123.214 E461.81276
G1 X99.367 Y124.295 E461.8327
G1 X99.804 Y125.368 E461.85293
G1 X100.316 Y126.429 E461.8735
G1 X100.869 Y127.424 E461.89337
G1 X101.501 Y128.409 E461.91381
G1 X102.179 Y129.346 E461.93401
G1 X102.915 Y130.241 E461.95424
G1 X103.706 Y131.093 E461.97454
G1 X104.534 Y131.887 E461.99457
G1 X105.433 Y132.646 E462.01512
G1 X106.347 Y133.332 E462.03507
G1 X107.328 Y133.979 E462.05559
G1 X108.315 Y134.549 E462.07549
G1 X109.366 Y135.076 E462.09602
G1 X110.435 Y135.533 E462.11632
G1 X111.527 Y135.924 E462.13658
G1 X112.623 Y136.241 E462.1565
G1 X113.759 Y136.501 E462.17685
G1 X114.917 Y136.695 E462.19735
G1 X116.043 Y136.811 E462.21712
G1 X117.219 Y136.865 E462.23767
G1 X118.363 Y136.85 E462.25765
G1 X119.526 Y136.761 E462.27802
G1 X120.685 Y136.606 E462.29844
G1 X121.803 Y136.385 E462.31834
G1 X122.943 Y136.087 E462.33891
G1 X124.031 Y135.734 E462.35888
G1 X125.123 Y135.304 E462.37938
G1 X126.178 Y134.816 E462.39967
G1 X127.181 Y134.277 E462.41956
G1 X128.168 Y133.669 E462.4398
G1 X129.129 Y132.992 E462.46033
G1 X130.035 Y132.267 E462.48059
G1 X130.88 Y131.504 E462.50047
G1 X131.71 Y130.667 E462.52105
G1 X132.464 Y129.8 E462.54111
G1 X133.173 Y128.881 E462.56138
G1 X133.821 Y127.932 E462.58145
G1 X134.425 Y126.925 E462.60195
G1 X134.951 Y125.903 E462.62202
G1 X135.42 Y124.852 E462.64212
G1 X135.835 Y123.748 E462.66271
G1 X136.176 Y122.64 E462.68296
G1 X136.451 Y121.517 E462.70315
G1 X136.652 Y120.394 E462.72307
G1 X136.796 Y119.222 E462.74369
G1 X136.866 Y118.069 E462.76386
G1 X136.866 Y116.932 E462.78371
G1 X136.792 Y115.754 E462.80432
G1 X136.652 Y114.602 E462.82458
G1 X136.447 Y113.463 E462.84479
G1 X136.176 Y112.357 E462.86468
G1 X135.827 Y111.228 E462.88531
G1 X135.424 Y110.152 E462.90537
G1 X134.952 Y109.094 E462.9256
G1 X134.425 Y108.075 E462.94563
G1 X133.82 Y107.064 E462.96621
G1 X133.169 Y106.107 E462.98642
G1 X132.473 Y105.205 E463.00631
G1 X131.71 Y104.334 E463.02653
G1 X130.88 Y103.492 E463.04718
G1 X130.035 Y102.729 E463.06706
G1 X129.129 Y102.005 E463.08731
G1 X128.165 Y101.327 E463.10789
G1 X127.177 Y100.718 E463.12815
G1 X126.177 Y100.18 E463.14798
G1 X125.124 Y99.692 E463.16825
G1 X124.027 Y99.262 E463.18882
G1 X122.939 Y98.91 E463.20879
G1 X121.807 Y98.615 E463.22922
G1 X120.685 Y98.394 E463.24918
G1 X119.526 Y98.239 E463.2696
G1 X118.362 Y98.15 E463.28999
G1 X117.218 Y98.131 E463.30997
G1 X116.044 Y98.185 E463.33049
G1 X114.913 Y98.305 E463.35035
G1 X113.758 Y98.495 E463.37079
G1 X112.623 Y98.755 E463.39112
G1 X111.527 Y99.072 E463.41104
G1 X110.435 Y99.467 E463.43132
G1 X109.369 Y99.921 E463.45155
G1 X108.315 Y100.448 E463.47213
G1 X107.328 Y101.016 E463.49201
G1 X106.347 Y101.668 E463.51258
G1 X105.433 Y102.35 E463.53249
G1 X104.535 Y103.113 E463.55307
G1 X103.713 Y103.899 E463.57293
G1 X102.915 Y104.755 E463.59336
G1 X102.183 Y105.649 E463.61354
G1 X101.501 Y106.588 E463.6338
G1 X100.869 Y107.572 E463.65422
G1 X100.316 Y108.567 E463.6741
G1 X99.804 Y109.628 E463.69467
G1 X99.367 Y110.701 E463.7149
G1 X98.999 Y111.782 E463.73484
G1 X98.685 Y112.919 E463.75544
G1 X98.444 Y114.034 E463.77536
G1 X98.27 Y115.195 E463.79586
G1 X98.17 Y116.33 E463.81575
G1 X98.135 Y117.5 E463.83619
G1 F1500 E462.83619
G0 F9000 X98.425 Y117.5
G0 X113.453 Y117.5
G1 F1500 E463.83619
G1 F1800 X113.45 Y117.468 E463.83676
G1 X113.497 Y116.884 E463.84699
G1 X113.645 Y116.257 E463.85823
G1 X113.873 Y115.698 E463.86878
G1 X114.202 Y115.154 E463.87988
G1 X114.617 Y114.657 E463.89118
G1 X115.026 Y114.296 E463.90071
G1 X115.555 Y113.943 E463.91181
G1 X116.141 Y113.68 E463.92303
G1 X116.757 Y113.519 E463.93415
G1 X117.277 Y113.455 E463.9433
G1 X117.933 Y113.472 E463.95476
G1 X118.598 Y113.597 E463.96657
G1 X119.174 Y113.806 E463.97727
G1 X119.683 Y114.085 E463.98741
G1 X120.172 Y114.452 E463.99808
G1 X120.633 Y114.926 E464.00963
G1 X120.982 Y115.429 E464.02032
G1 X121.272 Y116.011 E464.03167
G1 X121.451 Y116.575 E464.042
G1 X121.545 Y117.202 E464.05308
G1 X121.545 Y117.796 E464.06345
G1 X121.445 Y118.434 E464.07472
G1 X121.248 Y119.045 E464.08593
G1 X120.981 Y119.577 E464.09633
G1 X120.613 Y120.098 E464.10747
G1 X120.205 Y120.52 E464.11772
G1 X119.683 Y120.911 E464.1291
G1 X119.14 Y121.204 E464.13988
G1 X118.598 Y121.398 E464.14993
G1 X117.958 Y121.521 E464.16131
G1 X117.353 Y121.55 E464.17189
G1 X116.724 Y121.475 E464.18295
G1 X116.129 Y121.315 E464.19371
G1 X115.571 Y121.058 E464.20443
G1 X115.048 Y120.725 E464.21526
G1 X114.574 Y120.295 E464.22643
G1 X114.193 Y119.833 E464.23689
G1 X113.869 Y119.291 E464.24792
G1 X113.636 Y118.709 E464.25886
G1 X113.504 Y118.158 E464.26876
G1 X113.453 Y117.5 E464.28028
G0 F9000 X113.871 Y117.5
G1 F1800 X113.87 Y117.481 E464.28061
G1 X113.912 Y116.946 E464.28999
G1 X114.037 Y116.41 E464.2996
G1 X114.236 Y115.92 E464.30883
G1 X114.521 Y115.431 E464.31871
G1 X114.908 Y114.96 E464.32936
G1 X115.291 Y114.622 E464.33828
G1 X115.766 Y114.307 E464.34823
G1 X116.312 Y114.07 E464.35862
G1 X116.787 Y113.941 E464.36722
G1 X117.332 Y113.872 E464.37681
G1 X117.901 Y113.891 E464.38675
G1 X118.427 Y113.987 E464.39609
G1 X118.977 Y114.179 E464.40626
G1 X119.463 Y114.443 E464.41592
G1 X119.904 Y114.775 E464.42556
G1 X120.308 Y115.192 E464.4357
G1 X120.607 Y115.621 E464.44483
G1 X120.864 Y116.122 E464.45466
G1 X121.03 Y116.637 E464.46411
G1 X121.124 Y117.209 E464.47423
G1 X121.124 Y117.79 E464.48437
G1 X121.042 Y118.311 E464.49358
G1 X120.864 Y118.873 E464.50388
G1 X120.634 Y119.334 E464.51287
G1 X120.296 Y119.822 E464.52324
G1 X119.894 Y120.233 E464.53328
G1 X119.481 Y120.541 E464.54227
G1 X119.024 Y120.795 E464.5514
G1 X118.477 Y120.996 E464.56158
G1 X117.936 Y121.101 E464.5712
G1 X117.358 Y121.126 E464.5813
G1 X116.787 Y121.059 E464.59134
G1 X116.299 Y120.926 E464.60018
G1 X115.769 Y120.688 E464.61032
G1 X115.331 Y120.408 E464.6194
G1 X114.923 Y120.05 E464.62888
G1 X114.541 Y119.594 E464.63926
G1 X114.259 Y119.123 E464.64885
G1 X114.043 Y118.604 E464.65867
G1 X113.91 Y118.057 E464.6685
G1 X113.871 Y117.5 E464.67824
G0 F9000 X114.291 Y117.5
;TYPE:WALL-OUTER
G1 F1800 X114.29 Y117.483 E464.67854
G1 X114.331 Y116.992 E464.68715
G1 X114.445 Y116.516 E464.69569
G1 X114.626 Y116.076 E464.704
G1 X114.877 Y115.654 E464.71257
G1 X115.204 Y115.258 E464.72154
G1 X115.573 Y114.936 E464.73009
G1 X115.982 Y114.672 E464.73859
G1 X116.432 Y114.473 E464.74719
G1 X116.893 Y114.348 E464.75553
G1 X117.369 Y114.29 E464.7639
G1 X117.88 Y114.311 E464.77283
G1 X118.357 Y114.402 E464.78131
G1 X118.821 Y114.569 E464.78992
G1 X119.26 Y114.812 E464.79868
G1 X119.635 Y115.098 E464.80692
G1 X119.987 Y115.463 E464.81577
G1 X120.268 Y115.873 E464.82445
G1 X120.483 Y116.299 E464.83278
G1 X120.632 Y116.779 E464.84156
G1 X120.706 Y117.254 E464.84995
G1 X120.704 Y117.766 E464.85889
G1 X120.629 Y118.234 E464.86717
G1 X120.483 Y118.697 E464.87565
G1 X120.261 Y119.141 E464.88431
G1 X119.979 Y119.546 E464.89293
G1 X119.632 Y119.905 E464.90165
G1 X119.243 Y120.195 E464.91012
G1 X118.809 Y120.432 E464.91876
G1 X118.35 Y120.596 E464.92727
G1 X117.88 Y120.685 E464.93562
G1 X117.369 Y120.706 E464.94455
G1 X116.887 Y120.651 E464.95302
G1 X116.405 Y120.518 E464.96175
G1 X115.968 Y120.318 E464.97015
G1 X115.547 Y120.045 E464.97891
G1 X115.181 Y119.714 E464.98752
G1 X114.871 Y119.332 E464.99611
G1 X114.626 Y118.92 E465.00448
G1 X114.444 Y118.478 E465.01283
G1 X114.331 Y118.009 E465.02126
G1 X114.291 Y117.5 E465.03017
G0 F9000 X114.29 Y117.483
G0 X114.305 Y117.301
G1 F1500 E464.03017
G0 F9000 X113.602 Y117.246
G0 X98.425 Y117.5
G0 X97.715 Y117.5
G1 F1500 E465.03017
G1 F1800 X97.715 Y117.507 E465.03029
G1 X97.75 Y118.691 E465.05098
G1 X97.853 Y119.851 E465.07131
G1 X98.031 Y121.042 E465.09234
G1 X98.276 Y122.181 E465.11268
G1 X98.597 Y123.338 E465.13365
G1 X98.973 Y124.442 E465.15401
G1 X99.42 Y125.538 E465.17468
G1 X99.943 Y126.623 E465.19571
G1 X100.509 Y127.64 E465.21604
G1 X101.154 Y128.645 E465.23689
G1 X101.847 Y129.603 E465.25754
G1 X102.599 Y130.517 E465.2782
G1 X103.406 Y131.388 E465.29894
G1 X104.253 Y132.199 E465.31941
G1 X105.171 Y132.975 E465.3404
G1 X106.105 Y133.676 E465.36079
G1 X107.107 Y134.337 E465.38176
G1 X108.116 Y134.919 E465.40209
G1 X109.189 Y135.457 E465.42305
G1 X110.281 Y135.924 E465.44379
G1 X111.397 Y136.324 E465.46449
G1 X112.517 Y136.648 E465.48485
G1 X113.677 Y136.913 E465.50563
G1 X114.861 Y137.111 E465.52659
G1 X116.012 Y137.23 E465.5468
G1 X117.212 Y137.285 E465.56777
G1 X118.382 Y137.27 E465.5882
G1 X119.57 Y137.179 E465.60901
G1 X120.753 Y137.02 E465.62985
G1 X121.897 Y136.795 E465.65021
G1 X123.061 Y136.49 E465.67122
G1 X124.173 Y136.13 E465.69163
G1 X125.289 Y135.69 E465.71258
G1 X126.366 Y135.192 E465.7333
G1 X127.391 Y134.641 E465.75362
G1 X128.4 Y134.02 E465.77431
G1 X129.381 Y133.328 E465.79527
G1 X130.307 Y132.587 E465.81598
G1 X131.17 Y131.808 E465.83628
G1 X132.018 Y130.953 E465.85731
G1 X132.789 Y130.066 E465.87783
G1 X133.513 Y129.128 E465.89852
G1 X134.175 Y128.158 E465.91903
G1 X134.792 Y127.129 E465.93998
G1 X135.33 Y126.085 E465.96048
G1 X135.809 Y125.012 E465.981
G1 X136.233 Y123.884 E466.00204
G1 X136.581 Y122.752 E466.02272
G1 X136.862 Y121.604 E466.04336
G1 X137.068 Y120.456 E466.06373
G1 X137.214 Y119.26 E466.08477
G1 X137.286 Y118.081 E466.10539
G1 X137.286 Y116.919 E466.12568
G1 X137.21 Y115.716 E466.14673
G1 X137.068 Y114.54 E466.16741
G1 X136.858 Y113.376 E466.18807
G1 X136.581 Y112.245 E466.2084
G1 X136.225 Y111.092 E466.22947
G1 X135.813 Y109.992 E466.24998
G1 X135.33 Y108.912 E466.27064
G1 X134.792 Y107.871 E466.2911
G1 X134.174 Y106.838 E466.31212
G1 X133.509 Y105.86 E466.33277
G1 X132.797 Y104.938 E466.35311
G1 X132.018 Y104.048 E466.37377
G1 X131.17 Y103.188 E466.39486
G1 X130.307 Y102.409 E466.41516
G1 X129.381 Y101.669 E466.43586
G1 X128.396 Y100.976 E466.45689
G1 X127.387 Y100.354 E466.47758
G1 X126.365 Y99.804 E466.49785
G1 X125.289 Y99.306 E466.51855
G1 X124.169 Y98.866 E466.53956
G1 X123.057 Y98.506 E466.55997
G1 X121.901 Y98.205 E466.58083
G1 X120.753 Y97.98 E466.60126
G1 X119.57 Y97.821 E466.6221
G1 X118.382 Y97.73 E466.64291
G1 X117.212 Y97.711 E466.66334
G1 X116.012 Y97.766 E466.68432
G1 X114.857 Y97.889 E466.7046
G1 X113.677 Y98.083 E466.72548
G1 X112.517 Y98.348 E466.74626
G1 X111.397 Y98.672 E466.76662
G1 X110.281 Y99.076 E466.78734
G1 X109.193 Y99.539 E466.80799
G1 X108.116 Y100.078 E466.82902
G1 X107.107 Y100.659 E466.84935
G1 X106.105 Y101.324 E466.87035
G1 X105.171 Y102.021 E466.8907
G1 X104.253 Y102.801 E466.91173
G1 X103.414 Y103.604 E466.93201
G1 X102.599 Y104.479 E466.95289
G1 X101.851 Y105.393 E466.97351
G1 X101.154 Y106.351 E466.9942
G1 X100.509 Y107.356 E467.01505
G1 X99.943 Y108.373 E467.03538
G1 X99.42 Y109.458 E467.05641
G1 X98.973 Y110.554 E467.07708
G1 X98.597 Y111.658 E467.09744
G1 X98.277 Y112.819 E467.11847
G1 X98.031 Y113.958 E467.13882
G1 X97.853 Y115.145 E467.15978
G1 X97.75 Y116.305 E467.18011
G1 X97.715 Y117.5 E467.20099
G0 F9000 X97.715 Y117.507
G0 X97.72 Y117.699
G1 F1500 E466.20099
G0 F9000 X98.43 Y117.679
G0 X113.074 Y117.5
;TYPE:SKIN
G1 F1500 E467.20099
G1 F1800 X113.121 Y118.177 E467.21284
G1 X113.281 Y118.864 E467.22515
G1 X113.522 Y119.434 E467.23596
G1 X113.871 Y120.038 E467.24814
G1 X114.331 Y120.589 E467.26068
G1 X114.816 Y121.021 E467.27202
G1 X115.363 Y121.379 E467.28343
G1 X115.976 Y121.66 E467.29521
G1 X116.651 Y121.847 E467.30744
G1 X117.321 Y121.922 E467.31921
G1 X118.004 Y121.893 E467.33115
G1 X118.654 Y121.78 E467.34267
G1 X119.314 Y121.544 E467.35491
G1 X119.883 Y121.231 E467.36625
G1 X120.411 Y120.841 E467.37771
G1 X120.899 Y120.343 E467.38988
G1 X121.301 Y119.781 E467.40195
G1 X121.619 Y119.149 E467.4143
G1 X121.815 Y118.513 E467.42592
G1 X121.92 Y117.858 E467.43751
G1 X121.922 Y117.179 E467.44936
G1 X121.817 Y116.49 E467.46153
G1 X121.625 Y115.878 E467.47273
G1 X121.305 Y115.231 E467.48534
G1 X120.923 Y114.681 E467.49703
G1 X120.45 Y114.185 E467.509
G1 X119.96 Y113.812 E467.51975
G1 X119.344 Y113.464 E467.5321
G1 X118.65 Y113.216 E467.54497
G1 X118.048 Y113.103 E467.55567
G1 X117.315 Y113.066 E467.56848
G1 X116.697 Y113.144 E467.57936
G1 X116.019 Y113.32 E467.59159
G1 X115.353 Y113.622 E467.60436
G1 X114.821 Y113.968 E467.61544
G1 X114.316 Y114.414 E467.62721
G1 X113.854 Y114.987 E467.64006
G1 X113.534 Y115.529 E467.65105
G1 X113.276 Y116.148 E467.66276
G1 X113.123 Y116.808 E467.67459
G1 X113.07 Y117.443 E467.68572
G1 X113.074 Y117.5 E467.68672
G1 F1500 E466.68672
G0 F9000 X98.931 Y117.5
G1 F1500 E467.68672
G1 F1800 X98.966 Y116.369 E467.70647
G1 X99.061 Y115.297 E467.72527
G1 X99.227 Y114.186 E467.74488
G1 X99.457 Y113.119 E467.76394
G1 X99.765 Y112.006 E467.78411
G1 X100.109 Y110.986 E467.8029
G1 X100.528 Y109.962 E467.82222
G1 X101.031 Y108.925 E467.84235
G1 X101.549 Y107.988 E467.86104
G1 X102.162 Y107.031 E467.88089
G1 X102.863 Y106.077 E467.90156
G1 X103.507 Y105.287 E467.91936
G1 X104.286 Y104.452 E467.9393
G1 X105.061 Y103.713 E467.958
G1 X105.94 Y102.969 E467.97811
G1 X106.814 Y102.312 E467.9972
G1 X107.739 Y101.699 E468.01657
G1 X108.684 Y101.154 E468.03562
G1 X109.713 Y100.639 E468.05572
G1 X110.737 Y100.204 E468.07514
G1 X111.781 Y99.824 E468.09454
G1 X112.813 Y99.528 E468.11329
G1 X113.909 Y99.279 E468.13292
G1 X115.029 Y99.093 E468.15274
G1 X116.096 Y98.982 E468.17147
G1 X117.232 Y98.927 E468.19133
G1 X118.313 Y98.946 E468.21021
G1 X119.441 Y99.033 E468.22997
G1 X120.561 Y99.184 E468.2497
G1 X121.617 Y99.389 E468.26848
G1 X122.721 Y99.678 E468.28841
G1 X123.749 Y100.01 E468.30727
G1 X124.817 Y100.43 E468.32731
G1 X125.83 Y100.896 E468.34678
G1 X126.766 Y101.402 E468.36536
G1 X127.724 Y101.992 E468.38501
G1 X128.653 Y102.644 E468.40483
G1 X129.523 Y103.344 E468.42433
G1 X130.33 Y104.072 E468.4433
G1 X131.118 Y104.868 E468.46286
G1 X131.845 Y105.702 E468.48218
G1 X132.525 Y106.584 E468.50163
G1 X133.138 Y107.486 E468.52067
G1 X133.72 Y108.455 E468.54041
G1 X134.234 Y109.448 E468.55993
G1 X134.681 Y110.452 E468.57912
G1 X135.065 Y111.477 E468.59824
G1 X135.409 Y112.581 E468.61843
G1 X135.662 Y113.616 E468.63703
G1 X135.86 Y114.712 E468.65648
G1 X135.994 Y115.816 E468.6759
G1 X136.066 Y116.967 E468.69604
G1 X136.066 Y118.033 E468.71465
G1 X135.998 Y119.136 E468.73395
G1 X135.86 Y120.28 E468.75407
G1 X135.67 Y121.34 E468.77287
G1 X135.405 Y122.416 E468.79222
G1 X135.143 Y123.283 E468.80804
G1 X135.153 Y123.296 E468.80833
G1 X134.681 Y124.54 E468.83156
G1 X134.234 Y125.545 E468.85077
G1 X133.72 Y126.541 E468.87034
G1 X133.15 Y127.49 E468.88967
G1 X132.529 Y128.404 E468.90896
G1 X131.841 Y129.298 E468.92866
G1 X131.114 Y130.132 E468.94798
G1 X130.334 Y130.92 E468.96734
G1 X129.524 Y131.651 E468.98639
G1 X128.649 Y132.347 E469.00592
G1 X127.72 Y133.004 E469.02578
G1 X126.775 Y133.586 E469.04516
G1 X125.83 Y134.096 E469.06391
G1 X124.817 Y134.562 E469.08338
G1 X123.749 Y134.986 E469.10345
G1 X122.725 Y135.314 E469.12222
G1 X121.613 Y135.607 E469.1423
G1 X120.561 Y135.812 E469.16102
G1 X119.441 Y135.963 E469.18075
G1 X118.314 Y136.05 E469.20049
G1 X117.236 Y136.065 E469.21932
G1 X116.092 Y136.01 E469.23932
G1 X115.032 Y135.903 E469.25792
G1 X113.913 Y135.717 E469.27773
G1 X112.813 Y135.464 E469.29744
G1 X111.781 Y135.164 E469.3162
G1 X110.733 Y134.792 E469.33562
G1 X109.697 Y134.349 E469.3553
G1 X108.692 Y133.843 E469.37494
G1 X107.755 Y133.305 E469.39381
G1 X106.798 Y132.672 E469.41385
G1 X105.923 Y132.015 E469.43295
G1 X105.069 Y131.295 E469.45246
G1 X104.27 Y130.528 E469.4718
G1 X103.515 Y129.713 E469.4912
G1 X102.811 Y128.855 E469.51058
G1 X102.154 Y127.949 E469.53012
G1 X101.549 Y127.004 E469.54971
G1 X101.031 Y126.067 E469.56841
G1 X100.528 Y125.03 E469.58853
G1 X100.109 Y124.006 E469.60785
G1 X99.757 Y122.966 E469.62702
G1 X99.457 Y121.877 E469.64675
G1 X99.227 Y120.81 E469.66581
G1 X99.061 Y119.695 E469.68549
G1 X98.966 Y118.627 E469.70421
G1 X98.931 Y117.515 E469.72364
G1 X98.931 Y117.5 E469.7239
G1 F1500 E468.7239
G0 F9000 X102.428 Y127.969
G1 F1500 E469.7239
G1 F1800 X107.037 Y132.578 E469.83772
G1 X107.111 Y132.652
G0 F9000 X108.602 Y133.549
G1 F1800 X101.458 Y126.405 E470.01414
G1 X101.384 Y126.331
G0 F9000 X100.841 Y125.194
G1 F1800 X109.82 Y134.173 E470.23587
G1 X109.894 Y134.247
G0 F9000 X110.852 Y134.611
G1 F1800 X100.397 Y124.156 E470.49405
G1 X100.323 Y124.082
G0 F9000 X100.07 Y123.235
G1 F1800 X111.773 Y134.938 E470.78304
G1 X111.847 Y135.012
G0 F9000 X112.618 Y135.189
G1 F1800 X99.815 Y122.386 E471.09921
G0 F9000 X99.609 Y121.586
G1 F1800 X113.409 Y135.385 E471.43998
G0 F9000 X114.162 Y135.545
G1 F1800 X99.446 Y120.829 E471.80338
G0 F9000 X99.338 Y120.127
G1 F1800 X114.875 Y135.664 E472.18706
G0 F9000 X115.549 Y135.744
G1 F1800 X99.25 Y119.444 E472.58956
G0 F9000 X99.192 Y118.793
G1 F1800 X116.203 Y135.804 E473.00964
G0 F9000 X116.827 Y135.835
G1 F1800 X99.162 Y118.169 E473.44588
G0 F9000 X99.142 Y117.555
G1 F1800 X117.439 Y135.852 E473.89771
G0 F9000 X118.025 Y135.844
G1 F1800 X99.158 Y116.977 E474.36362
G0 F9000 X99.176 Y116.401
G1 F1800 X118.592 Y135.818 E474.8431
G0 F9000 X119.144 Y135.775
G1 F1800 X99.223 Y115.854 E475.33504
G0 F9000 X99.271 Y115.309
G1 F1800 X119.681 Y135.719 E475.83905
G0 F9000 X120.205 Y135.649
G1 F1800 X99.349 Y114.792 E476.35409
G0 F9000 X99.426 Y114.275
G1 F1800 X120.719 Y135.568 E476.8799
G0 F9000 X121.215 Y135.47
G1 F1800 X99.528 Y113.783 E477.41545
G0 F9000 X99.633 Y113.295
G1 F1800 X121.704 Y135.366 E477.96048
G0 F9000 X122.175 Y135.242
G1 F1800 X99.757 Y112.824 E478.51408
G0 F9000 X99.885 Y112.359
G1 F1800 X122.644 Y135.117 E479.07609
G0 F9000 X123.095 Y134.975
G1 F1800 X100.022 Y111.902 E479.64586
G0 F9000 X100.172 Y111.457
G1 F1800 X123.545 Y134.83 E480.22304
G0 F9000 X123.977 Y134.668
G1 F1800 X100.324 Y111.015 E480.80714
G0 F9000 X100.496 Y110.594
G1 F1800 X124.402 Y134.499 E481.39747
G0 F9000 X124.823 Y134.327
G1 F1800 X100.669 Y110.172 E481.99395
G0 F9000 X100.856 Y109.766
G1 F1800 X125.23 Y134.14 E482.59585
G0 F9000 X125.637 Y133.953
G1 F1800 X101.051 Y109.366 E483.203
G0 F9000 X101.247 Y108.969
G1 F1800 X126.028 Y133.75 E483.81495
G0 F9000 X126.414 Y133.541
G1 F1800 X101.459 Y108.586 E484.4312
G0 F9000 X101.67 Y108.204
G1 F1800 X114.069 Y120.603 E484.73739
G0 F9000 X114.372 Y120.905
G1 F1800 X126.793 Y133.327 E485.04413
G0 F9000 X127.161 Y133.101
G1 F1800 X115.925 Y121.865 E485.3216
G0 F9000 X116.72 Y122.066
G1 F1800 X127.529 Y132.875 E485.58852
G0 F9000 X127.881 Y132.633
G1 F1800 X117.378 Y122.129 E485.84789
G0 F9000 X117.948 Y122.105
G1 F1800 X128.229 Y132.387 E486.10179
G0 F9000 X128.575 Y132.138
G1 F1800 X118.462 Y122.026 E486.35151
G0 F9000 X118.933 Y121.902
G1 F1800 X128.905 Y131.875 E486.59778
G0 F9000 X129.236 Y131.612
G1 F1800 X119.37 Y121.745 E486.84142
G0 F9000 X119.757 Y121.539
G1 F1800 X129.556 Y131.338 E487.0834
G0 F9000 X129.869 Y131.057
G1 F1800 X120.126 Y121.314 E487.324
G0 F9000 X120.467 Y121.061
G1 F1800 X130.18 Y130.774 E487.56386
G0 F9000 X130.477 Y130.477
G1 F1800 X120.772 Y120.772 E487.80352
G0 F9000 X121.064 Y120.47
G1 F1800 X130.773 Y130.179 E488.04328
G0 F9000 X131.062 Y129.874
G1 F1800 X121.312 Y120.124 E488.28405
G0 F9000 X121.544 Y119.762
G1 F1800 X131.339 Y129.557 E488.52593
G0 F9000 X131.615 Y129.239
G1 F1800 X121.743 Y119.367 E488.76971
G0 F9000 X121.903 Y118.933
G1 F1800 X131.878 Y128.908 E489.01604
G0 F9000 X132.136 Y128.572
G1 F1800 X122.034 Y118.47 E489.2655
G0 F9000 X122.116 Y117.958
G1 F1800 X132.392 Y128.234 E489.51926
G0 F9000 X132.632 Y127.88
G1 F1800 X122.131 Y117.379 E489.77857
G0 F9000 X122.062 Y116.716
G1 F1800 X132.872 Y127.526 E490.04552
G0 F9000 X133.102 Y127.163
G1 F1800 X121.856 Y115.916 E490.32325
G1 X121.782 Y115.842
G0 F9000 X121.089 Y114.556
G1 F1800 X133.325 Y126.791 E490.62539
G0 F9000 X133.547 Y126.419
G1 F1800 X108.583 Y101.455 E491.24187
G0 F9000 X108.206 Y101.673
G1 F1800 X120.47 Y113.937 E491.54472
G1 X120.544 Y114.011
G0 F9000 X119.088 Y113.148
G1 F1800 X107.831 Y101.891 E491.8227
G0 F9000 X107.474 Y102.128
G1 F1800 X118.279 Y112.933 E492.08953
G0 F9000 X117.624 Y112.872
G1 F1800 X107.117 Y102.365 E492.34899
G0 F9000 X106.768 Y102.61
G1 F1800 X117.046 Y112.888 E492.6028
G0 F9000 X116.533 Y112.97
G1 F1800 X106.429 Y102.865 E492.85232
G0 F9000 X106.09 Y103.12
G1 F1800 X116.064 Y113.094 E493.09862
G0 F9000 X115.637 Y113.261
G1 F1800 X105.767 Y103.391 E493.34236
G0 F9000 X105.445 Y103.663
G1 F1800 X115.232 Y113.45 E493.58404
G0 F9000 X114.873 Y113.685
G1 F1800 X105.128 Y103.94 E493.82469
G0 F9000 X104.824 Y104.23
G1 F1800 X114.535 Y113.941 E494.0645
G0 F9000 X114.222 Y114.222
G1 F1800 X104.52 Y104.52 E494.30408
G0 F9000 X104.228 Y104.822
G1 F1800 X113.945 Y114.539 E494.54404
G0 F9000 X113.682 Y114.869
G1 F1800 X103.94 Y105.128 E494.7846
G0 F9000 X103.655 Y105.437
G1 F1800 X113.461 Y115.243 E495.02675
G0 F9000 X113.262 Y115.637
G1 F1800 X103.388 Y105.764 E495.27057
G0 F9000 X103.122 Y106.091
G1 F1800 X113.088 Y116.057 E495.51667
G0 F9000 X112.972 Y116.536
G1 F1800 X102.864 Y106.428 E495.76629
G0 F9000 X102.613 Y106.77
G1 F1800 X112.892 Y117.05 E496.02013
G0 F9000 X112.872 Y117.624
G1 F1800 X102.361 Y107.113 E496.27969
G0 F9000 X102.127 Y107.473
G1 F1800 X112.928 Y118.274 E496.54642
G1 X113.002 Y118.348
G0 F9000 X113.149 Y119.089
G1 F1800 X101.896 Y107.836 E496.8243
G1 X101.822 Y107.762
G1 F1500 E495.8243
G0 F9000 X108.969 Y101.247
G1 F1500 E496.8243
G1 F1800 X133.749 Y126.028 E497.43624
G0 F9000 X133.951 Y125.636
G1 F1800 X109.365 Y101.049 E498.04339
G0 F9000 X109.761 Y100.851
G1 F1800 X134.144 Y125.234 E498.64552
G0 F9000 X134.326 Y124.823
G1 F1800 X110.175 Y100.671 E499.24192
G0 F9000 X110.592 Y100.494
G1 F1800 X134.507 Y124.409 E499.83249
G0 F9000 X134.67 Y123.978
G1 F1800 X111.017 Y100.326 E500.41657
G0 F9000 X111.453 Y100.167
G1 F1800 X134.833 Y123.547 E500.99393
G0 F9000 X134.98 Y123.1
G1 F1800 X111.891 Y100.012 E501.56408
G0 F9000 X112.352 Y99.879
G1 F1800 X135.117 Y122.644 E502.12625
G0 F9000 X135.247 Y122.18
G1 F1800 X112.814 Y99.747 E502.68022
G0 F9000 X113.295 Y99.634
G1 F1800 X135.364 Y121.703 E503.2252
G0 F9000 X135.477 Y121.222
G1 F1800 X113.779 Y99.524 E503.76102
G0 F9000 X114.28 Y99.431
G1 F1800 X135.568 Y120.719 E504.28671
G0 F9000 X135.657 Y120.214
G1 F1800 X114.789 Y99.346 E504.80204
G0 F9000 X115.312 Y99.275
G1 F1800 X135.721 Y119.683 E505.30601
G0 F9000 X135.785 Y119.154
G1 F1800 X115.85 Y99.218 E505.79831
G0 F9000 X116.403 Y99.177
G1 F1800 X135.822 Y118.597 E506.27786
G0 F9000 X135.856 Y118.037
G1 F1800 X116.97 Y99.151 E506.74424
G0 F9000 X117.556 Y99.143
G1 F1800 X135.856 Y117.443 E507.19615
G0 F9000 X135.848 Y116.841
G1 F1800 X118.161 Y99.154 E507.63292
G0 F9000 X118.795 Y99.194
G1 F1800 X135.808 Y116.207 E508.05304
G0 F9000 X135.75 Y115.555
G1 F1800 X119.441 Y99.246 E508.45578
G0 F9000 X120.127 Y99.338
G1 F1800 X135.669 Y114.88 E508.83958
G0 F9000 X135.548 Y114.165
G1 F1800 X120.835 Y99.452 E509.20291
G0 F9000 X121.572 Y99.595
G1 F1800 X135.399 Y113.422 E509.54436
G0 F9000 X135.207 Y112.636
G1 F1800 X122.376 Y99.805 E509.86121
G1 X122.302 Y99.731
G0 F9000 X123.227 Y100.063
G1 F1800 X134.936 Y111.772 E510.15036
G1 X135.01 Y111.846
G0 F9000 X134.605 Y110.846
G1 F1800 X124.153 Y100.394 E510.40847
G1 X124.079 Y100.32
G0 F9000 X125.181 Y100.828
G1 F1800 X134.168 Y109.815 E510.63039
G1 X134.242 Y109.889
G0 F9000 X133.574 Y108.627
G1 F1800 X126.378 Y101.432 E510.80808
G1 X126.304 Y101.358
G0 F9000 X127.942 Y102.401
G1 F1800 X132.583 Y107.043 E510.9227
G1 X132.657 Y107.117
G1 F1500 E509.9227
;MESH:NONMESH
G0 F600 X132.657 Y107.117 Z1.02
G0 F9000 X98.555 Y117.5
;TIME_ELAPSED:1123.863772
;LAYER:9
;TYPE:WALL-INNER
;MESH:ranella v1.stl
G1 F1500 E510.9227
G1 F1800 X98.555 Y117.507 E510.92282
G1 X98.589 Y118.641 E510.94263
G1 X98.688 Y119.751 E510.96209
G1 X98.858 Y120.891 E510.98222
G1 X99.092 Y121.981 E511.00169
G1 X99.4 Y123.09 E511.02178
G1 X99.761 Y124.148 E511.0413
G1 X100.188 Y125.197 E511.06108
G1 X100.689 Y126.236 E511.08122
G1 X101.23 Y127.208 E511.10065
G1 X101.848 Y128.172 E511.12064
G1 X102.512 Y129.09 E511.14043
G1 X103.232 Y129.965 E511.16021
G1 X104.005 Y130.799 E511.18007
G1 X104.815 Y131.575 E511.19966
G1 X105.695 Y132.318 E511.21977
G1 X106.589 Y132.989 E511.23929
G1 X107.549 Y133.622 E511.25936
G1 X108.515 Y134.179 E511.27884
G1 X109.543 Y134.695 E511.29892
G1 X110.588 Y135.142 E511.31877
G1 X111.656 Y135.524 E511.33857
G1 X112.728 Y135.834 E511.35806
G1 X113.84 Y136.089 E511.37798
G1 X114.973 Y136.278 E511.39804
G1 X116.075 Y136.392 E511.41738
G1 X117.226 Y136.445 E511.4375
G1 X118.344 Y136.43 E511.45703
G1 X119.482 Y136.343 E511.47696
G1 X120.616 Y136.191 E511.49693
G1 X121.709 Y135.976 E511.51638
G1 X122.825 Y135.683 E511.53653
G1 X123.889 Y135.339 E511.55606
G1 X124.958 Y134.918 E511.57612
G1 X125.99 Y134.44 E511.59598
G1 X126.971 Y133.913 E511.61542
G1 X127.937 Y133.319 E511.63523
G1 X128.876 Y132.656 E511.6553
G1 X129.763 Y131.947 E511.67513
G1 X130.59 Y131.2 E511.69459
G1 X131.402 Y130.381 E511.71472
G1 X132.139 Y129.533 E511.73434
G1 X132.833 Y128.634 E511.75417
G1 X133.467 Y127.705 E511.77381
G1 X134.058 Y126.72 E511.79387
G1 X134.573 Y125.721 E511.8135
G1 X135.032 Y124.693 E511.83316
G1 X135.437 Y123.612 E511.85331
G1 X135.771 Y122.528 E511.87312
G1 X136.04 Y121.43 E511.89286
G1 X136.237 Y120.331 E511.91236
G1 X136.377 Y119.184 E511.93253
G1 X136.446 Y118.056 E511.95227
G1 X136.446 Y116.945 E511.97167
G1 X136.374 Y115.793 E511.99182
G1 X136.237 Y114.665 E512.01166
G1 X136.036 Y113.551 E512.03143
G1 X135.771 Y112.469 E512.05088
G1 X135.429 Y111.364 E512.07108
G1 X135.036 Y110.311 E512.0907
G1 X134.573 Y109.276 E512.1105
G1 X134.058 Y108.279 E512.1301
G1 X133.466 Y107.29 E512.15022
G1 X132.829 Y106.353 E512.17001
G1 X132.148 Y105.472 E512.18945
G1 X131.402 Y104.62 E512.20923
G1 X130.589 Y103.795 E512.22945
G1 X129.763 Y103.049 E512.24889
G1 X128.877 Y102.341 E512.26869
G1 X127.934 Y101.678 E512.28882
G1 X126.967 Y101.082 E512.30865
G1 X125.989 Y100.556 E512.32804
G1 X124.959 Y100.079 E512.34787
G1 X123.886 Y99.658 E512.36799
G1 X122.821 Y99.313 E512.38754
G1 X121.714 Y99.025 E512.40751
G1 X120.616 Y98.809 E512.42705
G1 X119.482 Y98.657 E512.44703
G1 X118.342 Y98.57 E512.467
G1 X117.224 Y98.551 E512.48652
G1 X116.076 Y98.604 E512.50659
G1 X114.969 Y98.721 E512.52603
G1 X113.839 Y98.907 E512.54602
G1 X112.728 Y99.162 E512.56593
G1 X111.657 Y99.471 E512.58539
G1 X110.589 Y99.858 E512.60523
G1 X109.545 Y100.302 E512.62504
G1 X108.514 Y100.818 E512.64517
G1 X107.55 Y101.374 E512.6646
G1 X106.589 Y102.011 E512.68473
G1 X105.695 Y102.678 E512.70421
G1 X104.816 Y103.425 E512.72435
G1 X104.012 Y104.194 E512.74378
G1 X103.232 Y105.032 E512.76377
G1 X102.516 Y105.906 E512.7835
G1 X101.848 Y106.825 E512.80334
G1 X101.23 Y107.788 E512.82332
G1 X100.689 Y108.76 E512.84274
G1 X100.188 Y109.799 E512.86288
G1 X99.761 Y110.848 E512.88266
G1 X99.4 Y111.906 E512.90218
G1 X99.093 Y113.019 E512.92234
G1 X98.858 Y114.109 E512.94181
G1 X98.688 Y115.245 E512.96187
G1 X98.589 Y116.355 E512.98133
G1 X98.555 Y117.5 E513.00133
G0 F9000 X98.135 Y117.5
G1 F1800 X98.135 Y117.507 E513.00145
G1 X98.17 Y118.666 E513.0217
G1 X98.27 Y119.801 E513.0416
G1 X98.445 Y120.967 E513.06218
G1 X98.684 Y122.081 E513.08208
G1 X98.999 Y123.214 E513.10261
G1 X99.367 Y124.295 E513.12255
G1 X99.804 Y125.368 E513.14278
G1 X100.316 Y126.429 E513.16335
G1 X100.869 Y127.424 E513.18323
G1 X101.501 Y128.409 E513.20367
G1 X102.179 Y129.346 E513.22386
G1 X102.915 Y130.241 E513.2441
G1 X103.706 Y131.093 E513.2644
G1 X104.534 Y131.887 E513.28443
G1 X105.433 Y132.646 E513.30497
G1 X106.347 Y133.332 E513.32493
G1 X107.328 Y133.979 E513.34545
G1 X108.315 Y134.549 E513.36535
G1 X109.366 Y135.076 E513.38588
G1 X110.435 Y135.533 E513.40618
G1 X111.527 Y135.924 E513.42643
G1 X112.623 Y136.241 E513.44636
G1 X113.759 Y136.501 E513.46671
G1 X114.917 Y136.695 E513.48721
G1 X116.043 Y136.811 E513.50697
G1 X117.219 Y136.865 E513.52753
G1 X118.363 Y136.85 E513.54751
G1 X119.526 Y136.761 E513.56788
G1 X120.685 Y136.606 E513.58829
G1 X121.803 Y136.385 E513.60819
G1 X122.943 Y136.087 E513.62877
G1 X124.031 Y135.734 E513.64874
G1 X125.123 Y135.304 E513.66923
G1 X126.178 Y134.816 E513.68953
G1 X127.181 Y134.277 E513.70941
G1 X128.168 Y133.669 E513.72966
G1 X129.129 Y132.992 E513.75018
G1 X130.035 Y132.267 E513.77044
G1 X130.88 Y131.504 E513.79032
G1 X131.71 Y130.667 E513.81091
G1 X132.464 Y129.8 E513.83097
G1 X133.173 Y128.881 E513.85124
G1 X133.821 Y127.932 E513.8713
G1 X134.425 Y126.925 E513.89181
G1 X134.951 Y125.903 E513.91188
G1 X135.42 Y124.852 E513.93198
G1 X135.835 Y123.748 E513.95257
G1 X136.176 Y122.64 E513.97281
G1 X136.451 Y121.517 E513.993
G1 X136.652 Y120.394 E514.01292
G1 X136.796 Y119.222 E514.03354
G1 X136.866 Y118.069 E514.05371
G1 X136.866 Y116.932 E514.07357
G1 X136.792 Y115.754 E514.09418
G1 X136.652 Y114.602 E514.11444
G1 X136.447 Y113.463 E514.13465
G1 X136.176 Y112.357 E514.15453
G1 X135.827 Y111.228 E514.17517
G1 X135.424 Y110.152 E514.19523
G1 X134.952 Y109.094 E514.21546
G1 X134.425 Y108.075 E514.23549
G1 X133.82 Y107.064 E514.25606
G1 X133.169 Y106.107 E514.27628
G1 X132.473 Y105.205 E514.29617
G1 X131.71 Y104.334 E514.31639
G1 X130.88 Y103.492 E514.33703
G1 X130.035 Y102.729 E514.35691
G1 X129.129 Y102.005 E514.37716
G1 X128.165 Y101.327 E514.39774
G1 X127.177 Y100.718 E514.41801
G1 X126.177 Y100.18 E514.43784
G1 X125.124 Y99.692 E514.4581
G1 X124.027 Y99.262 E514.47868
G1 X122.939 Y98.91 E514.49865
G1 X121.807 Y98.615 E514.51907
G1 X120.685 Y98.394 E514.53904
G1 X119.526 Y98.239 E514.55946
G1 X118.362 Y98.15 E514.57984
G1 X117.218 Y98.131 E514.59982
G1 X116.044 Y98.185 E514.62034
G1 X114.913 Y98.305 E514.6402
G1 X113.758 Y98.495 E514.66064
G1 X112.623 Y98.755 E514.68098
G1 X111.527 Y99.072 E514.7009
G1 X110.435 Y99.467 E514.72118
G1 X109.369 Y99.921 E514.74141
G1 X108.315 Y100.448 E514.76198
G1 X107.328 Y101.016 E514.78187
G1 X106.347 Y101.668 E514.80244
G1 X105.433 Y102.35 E514.82235
G1 X104.535 Y103.113 E514.84293
G1 X103.713 Y103.899 E514.86279
G1 X102.915 Y104.755 E514.88322
G1 X102.183 Y105.649 E514.9034
G1 X101.501 Y106.588 E514.92366
G1 X100.869 Y107.572 E514.94408
G1 X100.316 Y108.567 E514.96396
G1 X99.804 Y109.628 E514.98453
G1 X99.367 Y110.701 E515.00476
G1 X98.999 Y111.782 E515.0247
G1 X98.685 Y112.919 E515.0453
G1 X98.444 Y114.034 E515.06522
G1 X98.27 Y115.195 E515.08572
G1 X98.17 Y116.33 E515.10561
G1 X98.135 Y117.5 E515.12605
G1 F1500 E514.12605
G0 F9000 X98.425 Y117.5
G0 X113.453 Y117.5
G1 F1500 E515.12605
G1 F1800 X113.45 Y117.468 E515.12661
G1 X113.497 Y116.884 E515.13684
G1 X113.645 Y116.257 E515.14809
G1 X113.873 Y115.698 E515.15863
G1 X114.202 Y115.154 E515.16973
G1 X114.617 Y114.657 E515.18104
G1 X115.026 Y114.296 E515.19057
G1 X115.555 Y113.943 E515.20167
G1 X116.141 Y113.68 E515.21289
G1 X116.757 Y113.519 E515.22401
G1 X117.277 Y113.455 E515.23315
G1 X117.933 Y113.472 E515.24461
G1 X118.598 Y113.597 E515.25643
G1 X119.174 Y113.806 E515.26713
G1 X119.683 Y114.085 E515.27726
G1 X120.172 Y114.452 E515.28794
G1 X120.633 Y114.926 E515.29948
G1 X120.982 Y115.429 E515.31017
G1 X121.272 Y116.011 E515.32153
G1 X121.451 Y116.575 E515.33186
G1 X121.545 Y117.202 E515.34293
G1 X121.545 Y117.796 E515.3533
G1 X121.445 Y118.434 E515.36458
G1 X121.248 Y119.045 E515.37579
G1 X120.981 Y119.577 E515.38618
G1 X120.613 Y120.098 E515.39732
G1 X120.205 Y120.52 E515.40757
G1 X119.683 Y120.911 E515.41896
G1 X119.14 Y121.204 E515.42973
G1 X118.598 Y121.398 E515.43979
G1 X117.958 Y121.521 E515.45117
G1 X117.353 Y121.55 E515.46174
G1 X116.724 Y121.475 E515.4728
G1 X116.129 Y121.315 E515.48356
G1 X115.571 Y121.058 E515.49429
G1 X115.048 Y120.725 E515.50512
G1 X114.574 Y120.295 E515.51629
G1 X114.193 Y119.833 E515.52675
G1 X113.869 Y119.291 E515.53777
G1 X113.636 Y118.709 E515.54872
G1 X113.504 Y118.158 E515.55861
G1 X113.453 Y117.5 E515.57014
G0 F9000 X113.871 Y117.5
G1 F1800 X113.87 Y117.481 E515.57047
G1 X113.912 Y116.946 E515.57984
G1 X114.037 Y116.41 E515.58945
G1 X114.236 Y115.92 E515.59869
G1 X114.521 Y115.431 E515.60857
G1 X114.908 Y114.96 E515.61922
G1 X115.291 Y114.622 E515.62813
G1 X115.766 Y114.307 E515.63809
G1 X116.312 Y114.07 E515.64848
G1 X116.787 Y113.941 E515.65708
G1 X117.332 Y113.872 E515.66667
G1 X117.901 Y113.891 E515.67661
G1 X118.427 Y113.987 E515.68595
G1 X118.977 Y114.179 E515.69612
G1 X119.463 Y114.443 E515.70578
G1 X119.904 Y114.775 E515.71541
G1 X120.308 Y115.192 E515.72555
G1 X120.607 Y115.621 E515.73468
G1 X120.864 Y116.122 E515.74452
G1 X121.03 Y116.637 E515.75396
G1 X121.124 Y117.209 E515.76409
G1 X121.124 Y117.79 E515.77423
G1 X121.042 Y118.311 E515.78344
G1 X120.864 Y118.873 E515.79373
G1 X120.634 Y119.334 E515.80273
G1 X120.296 Y119.822 E515.8131
G1 X119.894 Y120.233 E515.82313
G1 X119.481 Y120.541 E515.83213
G1 X119.024 Y120.795 E515.84126
G1 X118.477 Y120.996 E515.85144
G1 X117.936 Y121.101 E515.86106
G1 X117.358 Y121.126 E515.87116
G1 X116.787 Y121.059 E515.8812
G1 X116.299 Y120.926 E515.89003
G1 X115.769 Y120.688 E515.90018
G1 X115.331 Y120.408 E515.90926
G1 X114.923 Y120.05 E515.91873
G1 X114.541 Y119.594 E515.92912
G1 X114.259 Y119.123 E515.93871
G1 X114.043 Y118.604 E515.94852
G1 X113.912 Y118.054 E515.95839
G1 X113.871 Y117.5 E515.96809
G0 F9000 X114.291 Y117.5
;TYPE:WALL-OUTER
G1 F1800 X114.29 Y117.483 E515.96839
G1 X114.331 Y116.992 E515.977
G1 X114.445 Y116.516 E515.98554
G1 X114.626 Y116.076 E515.99385
G1 X114.877 Y115.654 E516.00242
G1 X115.204 Y115.258 E516.01139
G1 X115.573 Y114.936 E516.01994
G1 X115.982 Y114.672 E516.02844
G1 X116.432 Y114.473 E516.03704
G1 X116.893 Y114.348 E516.04538
G1 X117.369 Y114.29 E516.05375
G1 X117.88 Y114.311 E516.06268
G1 X118.357 Y114.402 E516.07116
G1 X118.821 Y114.569 E516.07977
G1 X119.26 Y114.812 E516.08853
G1 X119.635 Y115.098 E516.09677
G1 X119.987 Y115.463 E516.10562
G1 X120.268 Y115.873 E516.1143
G1 X120.489 Y116.316 E516.12294
G1 X120.632 Y116.779 E516.13141
G1 X120.706 Y117.254 E516.1398
G1 X120.704 Y117.766 E516.14874
G1 X120.629 Y118.234 E516.15702
G1 X120.483 Y118.697 E516.16549
G1 X120.261 Y119.141 E516.17416
G1 X119.979 Y119.546 E516.18278
G1 X119.632 Y119.905 E516.1915
G1 X119.243 Y120.195 E516.19997
G1 X118.809 Y120.432 E516.20861
G1 X118.35 Y120.596 E516.21712
G1 X117.88 Y120.685 E516.22547
G1 X117.369 Y120.706 E516.2344
G1 X116.887 Y120.651 E516.24287
G1 X116.405 Y120.518 E516.2516
G1 X115.968 Y120.318 E516.25999
G1 X115.547 Y120.045 E516.26876
G1 X115.181 Y119.714 E516.27737
G1 X114.871 Y119.332 E516.28596
G1 X114.626 Y118.92 E516.29433
G1 X114.435 Y118.449 E516.30321
G1 X114.328 Y117.992 E516.3114
G1 X114.291 Y117.5 E516.32002
G0 F9000 X114.29 Y117.483
G0 X114.305 Y117.301
G1 F1500 E515.32002
G0 F9000 X113.602 Y117.246
G0 X98.425 Y117.5
G0 X97.715 Y117.5
G1 F1500 E516.32002
G1 F1800 X97.715 Y117.507 E516.32014
G1 X97.75 Y118.691 E516.34082
G1 X97.853 Y119.851 E516.36116
G1 X98.031 Y121.042 E516.38219
G1 X98.276 Y122.181 E516.40253
G1 X98.597 Y123.338 E516.4235
G1 X98.973 Y124.442 E516.44386
G1 X99.42 Y125.538 E516.46453
G1 X99.943 Y126.623 E516.48556
G1 X100.509 Y127.64 E516.50589
G1 X101.154 Y128.645 E516.52674
G1 X101.847 Y129.603 E516.54738
G1 X102.599 Y130.517 E516.56805
G1 X103.406 Y131.388 E516.58879
G1 X104.253 Y132.199 E516.60926
G1 X105.171 Y132.975 E516.63025
G1 X106.105 Y133.676 E516.65064
G1 X107.107 Y134.337 E516.6716
G1 X108.116 Y134.919 E516.69194
G1 X109.189 Y135.457 E516.7129
G1 X110.281 Y135.924 E516.73364
G1 X111.397 Y136.324 E516.75434
G1 X112.517 Y136.648 E516.7747
G1 X113.677 Y136.913 E516.79548
G1 X114.861 Y137.111 E516.81644
G1 X116.012 Y137.23 E516.83664
G1 X117.212 Y137.285 E516.85762
G1 X118.382 Y137.27 E516.87805
G1 X119.57 Y137.179 E516.89886
G1 X120.753 Y137.02 E516.9197
G1 X121.897 Y136.795 E516.94006
G1 X123.061 Y136.49 E516.96107
G1 X124.173 Y136.13 E516.98148
G1 X125.289 Y135.69 E517.00243
G1 X126.366 Y135.192 E517.02315
G1 X127.391 Y134.641 E517.04347
G1 X128.4 Y134.02 E517.06415
G1 X129.381 Y133.328 E517.08512
G1 X130.307 Y132.587 E517.10583
G1 X131.17 Y131.808 E517.12613
G1 X132.018 Y130.953 E517.14715
G1 X132.789 Y130.066 E517.16768
G1 X133.513 Y129.128 E517.18837
G1 X134.175 Y128.158 E517.20887
G1 X134.792 Y127.129 E517.22982
G1 X135.33 Y126.085 E517.25033
G1 X135.809 Y125.012 E517.27085
G1 X136.233 Y123.884 E517.29189
G1 X136.581 Y122.752 E517.31257
G1 X136.862 Y121.604 E517.33321
G1 X137.068 Y120.456 E517.35358
G1 X137.214 Y119.26 E517.37461
G1 X137.286 Y118.081 E517.39524
G1 X137.286 Y116.919 E517.41553
G1 X137.21 Y115.716 E517.43658
G1 X137.068 Y114.54 E517.45726
G1 X136.858 Y113.376 E517.47792
G1 X136.581 Y112.245 E517.49825
G1 X136.225 Y111.092 E517.51932
G1 X135.813 Y109.992 E517.53983
G1 X135.33 Y108.912 E517.56049
G1 X134.792 Y107.871 E517.58095
G1 X134.174 Y106.838 E517.60197
G1 X133.509 Y105.86 E517.62262
G1 X132.797 Y104.938 E517.64296
G1 X132.018 Y104.048 E517.66362
G1 X131.17 Y103.188 E517.68471
G1 X130.307 Y102.409 E517.70501
G1 X129.381 Y101.669 E517.7257
G1 X128.396 Y100.976 E517.74673
G1 X127.387 Y100.354 E517.76743
G1 X126.365 Y99.804 E517.7877
G1 X125.289 Y99.306 E517.8084
G1 X124.169 Y98.866 E517.82941
G1 X123.057 Y98.506 E517.84982
G1 X121.901 Y98.205 E517.87068
G1 X120.753 Y97.98 E517.89111
G1 X119.57 Y97.821 E517.91195
G1 X118.382 Y97.73 E517.93276
G1 X117.212 Y97.711 E517.95319
G1 X116.012 Y97.766 E517.97416
G1 X114.857 Y97.889 E517.99445
G1 X113.677 Y98.083 E518.01533
G1 X112.517 Y98.348 E518.03611
G1 X111.397 Y98.672 E518.05646
G1 X110.281 Y99.076 E518.07719
G1 X109.193 Y99.539 E518.09784
G1 X108.116 Y100.078 E518.11887
G1 X107.107 Y100.659 E518.1392
G1 X106.105 Y101.324 E518.1602
G1 X105.171 Y102.021 E518.18055
G1 X104.253 Y102.801 E518.20158
G1 X103.414 Y103.604 E518.22186
G1 X102.599 Y104.479 E518.24274
G1 X101.851 Y105.393 E518.26336
G1 X101.154 Y106.351 E518.28405
G1 X100.509 Y107.356 E518.3049
G1 X99.943 Y108.373 E518.32522
G1 X99.42 Y109.458 E518.34626
G1 X98.973 Y110.554 E518.36692
G1 X98.597 Y111.658 E518.38729
G1 X98.277 Y112.819 E518.40832
G1 X98.031 Y113.958 E518.42867
G1 X97.853 Y115.145 E518.44962
G1 X97.75 Y116.305 E518.46996
G1 X97.715 Y117.5 E518.49084
G0 F9000 X97.715 Y117.507
G0 X97.72 Y117.699
G1 F1500 E517.49084
G0 F9000 X98.43 Y117.679
G0 X113.074 Y117.5
;TYPE:SKIN
G1 F1500 E518.49084
G1 F1800 X113.121 Y118.177 E518.50269
G1 X113.273 Y118.84 E518.51456
G1 X113.522 Y119.434 E518.52581
G1 X113.871 Y120.038 E518.53799
G1 X114.331 Y120.589 E518.55052
G1 X114.816 Y121.021 E518.56186
G1 X115.363 Y121.379 E518.57328
G1 X115.976 Y121.66 E518.58506
G1 X116.651 Y121.847 E518.59729
G1 X117.321 Y121.922 E518.60906
G1 X118.004 Y121.893 E518.62099
G1 X118.654 Y121.78 E518.63252
G1 X119.314 Y121.544 E518.64475
G1 X119.883 Y121.231 E518.65609
G1 X120.431 Y120.823 E518.66802
G1 X120.899 Y120.343 E518.67973
G1 X121.301 Y119.781 E518.6918
G1 X121.619 Y119.149 E518.70415
G1 X121.815 Y118.513 E518.71577
G1 X121.92 Y117.858 E518.72735
G1 X121.922 Y117.179 E518.73921
G1 X121.814 Y116.476 E518.75163
G1 X121.593 Y115.798 E518.76408
G1 X121.305 Y115.231 E518.77519
G1 X120.923 Y114.687 E518.78679
G1 X120.454 Y114.189 E518.79874
G1 X119.96 Y113.812 E518.80959
G1 X119.344 Y113.464 E518.82194
G1 X118.65 Y113.216 E518.83481
G1 X118.048 Y113.103 E518.84551
G1 X117.315 Y113.066 E518.85832
G1 X116.697 Y113.144 E518.8692
G1 X116.019 Y113.32 E518.88143
G1 X115.353 Y113.622 E518.8942
G1 X114.821 Y113.968 E518.90528
G1 X114.316 Y114.414 E518.91705
G1 X113.854 Y114.987 E518.9299
G1 X113.534 Y115.529 E518.94089
G1 X113.276 Y116.148 E518.9526
G1 X113.123 Y116.808 E518.96443
G1 X113.07 Y117.443 E518.97556
G1 X113.074 Y117.5 E518.97656
G1 F1500 E517.97656
G0 F9000 X98.931 Y117.5
G1 F1500 E518.97656
G1 F1800 X98.966 Y116.369 E518.99631
G1 X99.061 Y115.297 E519.01511
G1 X99.227 Y114.186 E519.03472
G1 X99.457 Y113.119 E519.05378
G1 X99.765 Y112.006 E519.07395
G1 X100.109 Y110.986 E519.09274
G1 X100.528 Y109.962 E519.11206
G1 X101.031 Y108.925 E519.13219
G1 X101.549 Y107.988 E519.15088
G1 X102.162 Y107.031 E519.17073
G1 X102.863 Y106.077 E519.1914
G1 X103.507 Y105.287 E519.2092
G1 X104.286 Y104.452 E519.22914
G1 X105.061 Y103.713 E519.24784
G1 X105.94 Y102.969 E519.26794
G1 X106.814 Y102.312 E519.28704
G1 X107.739 Y101.699 E519.30641
G1 X108.684 Y101.154 E519.32546
G1 X109.713 Y100.639 E519.34556
G1 X110.737 Y100.204 E519.36498
G1 X111.781 Y99.824 E519.38438
G1 X112.813 Y99.528 E519.40313
G1 X113.909 Y99.279 E519.42275
G1 X115.029 Y99.093 E519.44258
G1 X116.096 Y98.982 E519.46131
G1 X117.232 Y98.927 E519.48117
G1 X118.313 Y98.946 E519.50005
G1 X119.441 Y99.033 E519.51981
G1 X120.561 Y99.184 E519.53954
G1 X121.617 Y99.389 E519.55832
G1 X122.721 Y99.678 E519.57825
G1 X123.749 Y100.01 E519.59711
G1 X124.817 Y100.43 E519.61715
G1 X125.83 Y100.896 E519.63662
G1 X126.766 Y101.402 E519.6552
G1 X127.724 Y101.992 E519.67485
G1 X128.653 Y102.644 E519.69467
G1 X129.523 Y103.344 E519.71417
G1 X130.33 Y104.072 E519.73314
G1 X131.118 Y104.868 E519.7527
G1 X131.845 Y105.702 E519.77202
G1 X132.525 Y106.584 E519.79147
G1 X133.138 Y107.486 E519.81051
G1 X133.72 Y108.455 E519.83025
G1 X134.234 Y109.448 E519.84977
G1 X134.681 Y110.452 E519.86896
G1 X135.065 Y111.477 E519.88808
G1 X135.409 Y112.581 E519.90827
G1 X135.662 Y113.616 E519.92687
G1 X135.86 Y114.712 E519.94632
G1 X135.994 Y115.816 E519.96574
G1 X136.066 Y116.967 E519.98588
G1 X136.066 Y118.033 E520.00449
G1 X135.998 Y119.136 E520.02379
G1 X135.86 Y120.28 E520.04391
G1 X135.67 Y121.34 E520.06271
G1 X135.405 Y122.416 E520.08206
G1 X135.143 Y123.283 E520.09788
G1 X135.153 Y123.296 E520.09816
G1 X134.681 Y124.54 E520.1214
G1 X134.234 Y125.545 E520.1406
G1 X133.72 Y126.541 E520.16018
G1 X133.15 Y127.49 E520.17951
G1 X132.529 Y128.404 E520.1988
G1 X131.841 Y129.298 E520.2185
G1 X131.114 Y130.132 E520.23782
G1 X130.334 Y130.92 E520.25718
G1 X129.524 Y131.651 E520.27623
G1 X128.649 Y132.347 E520.29575
G1 X127.72 Y133.004 E520.31562
G1 X126.775 Y133.586 E520.335
G1 X125.83 Y134.096 E520.35375
G1 X124.817 Y134.562 E520.37322
G1 X123.749 Y134.986 E520.39329
G1 X122.725 Y135.314 E520.41206
G1 X121.613 Y135.607 E520.43214
G1 X120.561 Y135.812 E520.45086
G1 X119.441 Y135.963 E520.47059
G1 X118.314 Y136.05 E520.49033
G1 X117.236 Y136.065 E520.50916
G1 X116.092 Y136.01 E520.52916
G1 X115.032 Y135.903 E520.54776
G1 X113.913 Y135.717 E520.56757
G1 X112.813 Y135.464 E520.58728
G1 X111.781 Y135.164 E520.60604
G1 X110.733 Y134.792 E520.62546
G1 X109.697 Y134.349 E520.64513
G1 X108.692 Y133.843 E520.66478
G1 X107.755 Y133.305 E520.68365
G1 X106.798 Y132.672 E520.70368
G1 X105.923 Y132.015 E520.72279
G1 X105.069 Y131.295 E520.7423
G1 X104.27 Y130.528 E520.76164
G1 X103.515 Y129.713 E520.78103
G1 X102.811 Y128.855 E520.80041
G1 X102.154 Y127.949 E520.81996
G1 X101.549 Y127.004 E520.83955
G1 X101.031 Y126.067 E520.85825
G1 X100.528 Y125.03 E520.87837
G1 X100.109 Y124.006 E520.89769
G1 X99.757 Y122.966 E520.91686
G1 X99.457 Y121.877 E520.93659
G1 X99.227 Y120.81 E520.95565
G1 X99.061 Y119.695 E520.97533
G1 X98.966 Y118.627 E520.99405
G1 X98.931 Y117.515 E521.01348
G1 X98.931 Y117.5 E521.01374
G1 F1500 E520.01374
G0 F9000 X103.843 Y105.234
G1 F1500 E521.01374
G1 F1800 X105.247 Y103.83 E521.04841
G1 X105.321 Y103.756
G0 F9000 X107.682 Y101.989
G1 F1800 X102.006 Y107.665 E521.18858
G1 X101.932 Y107.739
G0 F9000 X101.194 Y109.071
G1 F1800 X109.069 Y101.196 E521.38305
G1 X109.143 Y101.122
G0 F9000 X110.198 Y100.661
G1 F1800 X100.657 Y110.203 E521.61867
G1 X100.583 Y110.277
G0 F9000 X100.262 Y111.191
G1 F1800 X111.192 Y100.261 E521.88858
G1 X111.266 Y100.187
G0 F9000 X112.095 Y99.952
G1 F1800 X99.962 Y112.085 E522.18819
G1 X99.888 Y112.159
G0 F9000 X99.735 Y112.907
G1 F1800 X112.924 Y99.718 E522.51389
G0 F9000 X113.692 Y99.543
G1 F1800 X99.551 Y113.684 E522.86309
G0 F9000 X99.404 Y114.425
G1 F1800 X114.423 Y99.406 E523.23398
G0 F9000 X115.13 Y99.293
G1 F1800 X99.3 Y115.123 E523.62489
G0 F9000 X99.229 Y115.788
G1 F1800 X115.793 Y99.224 E524.03393
G0 F9000 X116.436 Y99.175
G1 F1800 X99.175 Y116.436 E524.46018
G0 F9000 X99.156 Y117.049
G1 F1800 X117.059 Y99.146 E524.90228
G0 F9000 X117.655 Y99.144
G1 F1800 X99.146 Y117.653 E525.35935
G0 F9000 X99.164 Y118.229
G1 F1800 X118.238 Y99.155 E525.83037
G0 F9000 X118.793 Y99.194
G1 F1800 X99.192 Y118.795 E526.3144
G0 F9000 X99.241 Y119.34
G1 F1800 X119.345 Y99.236 E526.81086
G0 F9000 X119.872 Y99.303
G1 F1800 X99.301 Y119.874 E527.31885
G0 F9000 X99.378 Y120.391
G1 F1800 X120.396 Y99.373 E527.83788
G0 F9000 X120.899 Y99.464
G1 F1800 X99.462 Y120.9 E528.36724
G0 F9000 X99.567 Y121.39
G1 F1800 X121.396 Y99.561 E528.90629
G0 F9000 X121.877 Y99.674
G1 F1800 X99.675 Y121.876 E529.45456
G0 F9000 X99.803 Y122.341
G1 F1800 X122.348 Y99.797 E530.01128
G0 F9000 X122.811 Y99.928
G1 F1800 X99.932 Y122.807 E530.57626
G0 F9000 X100.078 Y123.255
G1 F1800 X123.26 Y100.073 E531.14873
G0 F9000 X123.708 Y100.219
G1 F1800 X100.227 Y123.699 E531.72856
G0 F9000 X100.388 Y124.133
G1 F1800 X124.134 Y100.387 E532.31496
G0 F9000 X124.56 Y100.554
G1 F1800 X100.561 Y124.553 E532.9076
G0 F9000 X100.735 Y124.973
G1 F1800 X124.975 Y100.733 E533.50619
G0 F9000 X125.382 Y100.92
G1 F1800 X100.929 Y125.374 E534.11005
G0 F9000 X101.123 Y125.774
G1 F1800 X125.787 Y101.11 E534.71912
G0 F9000 X126.172 Y101.319
G1 F1800 X101.326 Y126.165 E535.33267
G0 F9000 X101.538 Y126.547
G1 F1800 X126.557 Y101.528 E535.9505
G0 F9000 X126.928 Y101.75
G1 F1800 X115.22 Y113.458 E536.23962
G1 X115.146 Y113.532
G0 F9000 X116.219 Y113.054
G1 F1800 X127.296 Y101.976 E536.51318
G0 F9000 X127.662 Y102.204
G1 F1800 X116.967 Y112.899 E536.77728
G0 F9000 X117.589 Y112.871
G1 F1800 X128.011 Y102.449 E537.03465
G0 F9000 X128.36 Y102.695
G1 F1800 X118.146 Y112.909 E537.28688
G0 F9000 X118.645 Y113.003
G1 F1800 X128.698 Y102.95 E537.53513
G0 F9000 X129.028 Y103.214
G1 F1800 X119.092 Y113.151 E537.7805
G0 F9000 X119.513 Y113.323
G1 F1800 X129.357 Y103.479 E538.0236
G0 F9000 X129.671 Y103.759
G1 F1800 X119.894 Y113.536 E538.26503
G0 F9000 X120.252 Y113.772
G1 F1800 X129.983 Y104.041 E538.50533
G0 F9000 X130.289 Y104.329
G1 F1800 X120.589 Y114.029 E538.74487
G0 F9000 X120.878 Y114.334
G1 F1800 X130.584 Y104.628 E538.98455
G0 F9000 X130.88 Y104.926
G1 F1800 X121.154 Y114.652 E539.22473
G0 F9000 X121.4 Y115
G1 F1800 X131.162 Y105.238 E539.4658
G0 F9000 X131.438 Y105.555
G1 F1800 X121.616 Y115.378 E539.70836
G0 F9000 X121.808 Y115.78
G1 F1800 X131.713 Y105.875 E539.95296
G0 F9000 X131.972 Y106.21
G1 F1800 X121.952 Y116.23 E540.20039
G0 F9000 X122.064 Y116.712
G1 F1800 X132.23 Y106.545 E540.45145
G0 F9000 X132.479 Y106.891
G1 F1800 X122.131 Y117.238 E540.70697
G0 F9000 X122.131 Y117.833
G1 F1800 X132.72 Y107.244 E540.96846
G0 F9000 X132.96 Y107.598
G1 F1800 X122.025 Y118.533 E541.2385
G1 X121.951 Y118.607
G0 F9000 X121.702 Y119.45
G1 F1800 X133.183 Y107.969 E541.52201
G0 F9000 X133.406 Y108.339
G1 F1800 X108.344 Y133.402 E542.14092
G0 F9000 X108.721 Y133.618
G1 F1800 X133.621 Y108.719 E542.75579
G0 F9000 X133.823 Y109.111
G1 F1800 X109.113 Y133.821 E543.36599
G0 F9000 X109.508 Y134.019
G1 F1800 X134.025 Y109.503 E543.97141
G0 F9000 X134.21 Y109.911
G1 F1800 X109.91 Y134.212 E544.5715
G0 F9000 X110.326 Y134.39
G1 F1800 X134.393 Y110.322 E545.16583
G0 F9000 X134.566 Y110.744
G1 F1800 X110.741 Y134.568 E545.75416
G0 F9000 X111.176 Y134.727
G1 F1800 X134.727 Y111.176 E546.33574
G0 F9000 X134.886 Y111.611
G1 F1800 X111.615 Y134.883 E546.91041
G0 F9000 X112.064 Y135.028
G1 F1800 X135.027 Y112.064 E547.47748
G0 F9000 X135.168 Y112.517
G1 F1800 X112.523 Y135.162 E548.03669
G0 F9000 X112.989 Y135.29
G1 F1800 X135.292 Y112.987 E548.58745
G0 F9000 X135.409 Y113.464
G1 F1800 X113.472 Y135.401 E549.12917
G0 F9000 X113.956 Y135.511
G1 F1800 X135.51 Y113.957 E549.66143
G0 F9000 X135.6 Y114.461
G1 F1800 X114.465 Y135.596 E550.18335
G0 F9000 X114.974 Y135.681
G1 F1800 X135.68 Y114.976 E550.69466
G0 F9000 X135.744 Y115.505
G1 F1800 X115.509 Y135.74 E551.19435
G0 F9000 X116.049 Y135.794
G1 F1800 X135.798 Y116.045 E551.68204
G0 F9000 X135.832 Y116.605
G1 F1800 X116.613 Y135.824 E552.15664
G0 F9000 X117.18 Y135.851
G1 F1800 X135.856 Y117.175 E552.61783
G0 F9000 X135.856 Y117.769
G1 F1800 X117.777 Y135.848 E553.06428
G0 F9000 X118.385 Y135.835
G1 F1800 X135.834 Y118.385 E553.49519
G0 F9000 X135.795 Y119.018
G1 F1800 X119.028 Y135.785 E553.90924
G0 F9000 X119.688 Y135.719
G1 F1800 X135.72 Y119.687 E554.30514
G0 F9000 X135.629 Y120.371
G1 F1800 X120.375 Y135.626 E554.68184
G0 F9000 X121.101 Y135.494
G1 F1800 X135.5 Y121.095 E555.03741
G0 F9000 X135.324 Y121.865
G1 F1800 X121.865 Y135.324 E555.36977
G0 F9000 X122.672 Y135.111
G1 F1800 X135.107 Y122.676 E555.67685
G1 X135.181 Y122.602
G0 F9000 X134.834 Y123.543
G1 F1800 X123.546 Y134.83 E555.95559
G1 X123.472 Y134.904
G0 F9000 X124.515 Y134.456
G1 F1800 X134.467 Y124.504 E556.20135
G1 X134.541 Y124.43
G0 F9000 X133.976 Y125.589
G1 F1800 X125.589 Y133.976 E556.40846
G1 X125.515 Y134.05
G0 F9000 X126.89 Y133.268
G1 F1800 X133.259 Y126.9 E556.56572
G1 X133.333 Y126.826
G0 F9000 X131.984 Y128.769
G1 F1800 X128.768 Y131.984 E556.64513
G1 X128.694 Y132.058
G1 F1500 E555.64513
G0 F9000 X119.435 Y121.717
G1 F1500 E556.64513
G1 F1800 X107.966 Y133.186 E556.92835
G0 F9000 X107.604 Y132.954
G1 F1800 X118.547 Y122.011 E557.19858
G0 F9000 X117.856 Y122.108
G1 F1800 X107.247 Y132.717 E557.46056
G0 F9000 X106.891 Y132.479
G1 F1800 X117.245 Y122.124 E557.71626
G0 F9000 X116.712 Y122.064
G1 F1800 X106.552 Y132.224 E557.96716
G0 F9000 X106.212 Y131.969
G1 F1800 X116.233 Y121.949 E558.21461
G0 F9000 X115.787 Y121.801
G1 F1800 X105.881 Y131.706 E558.45922
G0 F9000 X105.559 Y131.435
G1 F1800 X115.379 Y121.615 E558.70171
G0 F9000 X115.005 Y121.395
G1 F1800 X105.237 Y131.163 E558.94293
G0 F9000 X104.933 Y130.873
G1 F1800 X114.652 Y121.154 E559.18293
G0 F9000 X114.338 Y120.874
G1 F1800 X104.629 Y130.583 E559.42269
G0 F9000 X104.332 Y130.286
G1 F1800 X114.044 Y120.574 E559.66252
G0 F9000 X113.773 Y120.251
G1 F1800 X104.047 Y129.978 E559.90271
G0 F9000 X103.762 Y129.669
G1 F1800 X113.543 Y119.887 E560.14426
G0 F9000 X113.328 Y119.508
G1 F1800 X103.488 Y129.348 E560.38726
G0 F9000 X103.22 Y129.022
G1 F1800 X113.153 Y119.089 E560.63254
G0 F9000 X113.011 Y118.638
G1 F1800 X102.954 Y128.694 E560.88088
G0 F9000 X102.704 Y128.35
G1 F1800 X112.909 Y118.145 E561.13289
G0 F9000 X112.869 Y117.591
G1 F1800 X102.455 Y128.005 E561.39006
G0 F9000 X102.214 Y127.652
G1 F1800 X112.898 Y116.968 E561.65389
G0 F9000 X113.042 Y116.23
G1 F1800 X101.982 Y127.29 E561.92701
G0 F9000 X101.751 Y126.928
G1 F1800 X113.496 Y115.182 E562.21706
G1 X113.57 Y115.108
G1 F1500 E561.21706
;MESH:NONMESH
G0 F600 X113.57 Y115.108 Z1.12
G0 F9000 X98.555 Y117.5
;TIME_ELAPSED:1231.312104
;LAYER:10
;TYPE:WALL-INNER
;MESH:ranella v1.stl
G1 F1500 E562.21706
G1 F1800 X98.555 Y117.507 E562.21718
G1 X98.589 Y118.641 E562.23699
G1 X98.688 Y119.751 E562.25645
G1 X98.858 Y120.891 E562.27658
G1 X99.092 Y121.981 E562.29604
G1 X99.4 Y123.09 E562.31614
G1 X99.761 Y124.148 E562.33566
G1 X100.188 Y125.197 E562.35544
G1 X100.689 Y126.236 E562.37558
G1 X101.23 Y127.208 E562.39501
G1 X101.848 Y128.172 E562.415
G1 X102.512 Y129.09 E562.43478
G1 X103.232 Y129.965 E562.45457
G1 X104.005 Y130.799 E562.47443
G1 X104.815 Y131.575 E562.49401
G1 X105.695 Y132.318 E562.51412
G1 X106.589 Y132.989 E562.53364
G1 X107.549 Y133.622 E562.55372
G1 X108.515 Y134.179 E562.57319
G1 X109.543 Y134.695 E562.59328
G1 X110.588 Y135.142 E562.61313
G1 X111.656 Y135.524 E562.63293
G1 X112.728 Y135.834 E562.65242
G1 X113.84 Y136.089 E562.67234
G1 X114.973 Y136.278 E562.6924
G1 X116.075 Y136.392 E562.71174
G1 X117.226 Y136.445 E562.73186
G1 X118.344 Y136.43 E562.75138
G1 X119.482 Y136.343 E562.77131
G1 X120.616 Y136.191 E562.79129
G1 X121.709 Y135.976 E562.81074
G1 X122.825 Y135.683 E562.83089
G1 X123.889 Y135.339 E562.85042
G1 X124.958 Y134.918 E562.87048
G1 X125.99 Y134.44 E562.89034
G1 X126.971 Y133.913 E562.90978
G1 X127.937 Y133.319 E562.92958
G1 X128.876 Y132.656 E562.94966
G1 X129.763 Y131.947 E562.96948
G1 X130.59 Y131.2 E562.98894
G1 X131.402 Y130.381 E563.00908
G1 X132.139 Y129.533 E563.0287
G1 X132.833 Y128.634 E563.04853
G1 X133.467 Y127.705 E563.06817
G1 X134.058 Y126.72 E563.08823
G1 X134.573 Y125.721 E563.10786
G1 X135.032 Y124.693 E563.12751
G1 X135.437 Y123.612 E563.14767
G1 X135.771 Y122.528 E563.16748
G1 X136.04 Y121.43 E563.18722
G1 X136.237 Y120.331 E563.20671
G1 X136.377 Y119.184 E563.22689
G1 X136.446 Y118.056 E563.24662
G1 X136.446 Y116.945 E563.26602
G1 X136.374 Y115.793 E563.28618
G1 X136.237 Y114.665 E563.30602
G1 X136.036 Y113.551 E563.32579
G1 X135.771 Y112.469 E563.34524
G1 X135.429 Y111.364 E563.36544
G1 X135.036 Y110.311 E563.38506
G1 X134.573 Y109.276 E563.40486
G1 X134.058 Y108.279 E563.42446
G1 X133.466 Y107.29 E563.44458
G1 X132.829 Y106.353 E563.46437
G1 X132.148 Y105.472 E563.48381
G1 X131.402 Y104.62 E563.50358
G1 X130.589 Y103.795 E563.52381
G1 X129.763 Y103.049 E563.54324
G1 X128.877 Y102.341 E563.56305
G1 X127.934 Y101.678 E563.58318
G1 X126.967 Y101.082 E563.60301
G1 X125.989 Y100.556 E563.6224
G1 X124.959 Y100.079 E563.64222
G1 X123.886 Y99.658 E563.66235
G1 X122.821 Y99.313 E563.6819
G1 X121.714 Y99.025 E563.70187
G1 X120.616 Y98.809 E563.72141
G1 X119.482 Y98.657 E563.74139
G1 X118.342 Y98.57 E563.76135
G1 X117.224 Y98.551 E563.78088
G1 X116.076 Y98.604 E563.80095
G1 X114.969 Y98.721 E563.82038
G1 X113.839 Y98.907 E563.84038
G1 X112.728 Y99.162 E563.86029
G1 X111.657 Y99.471 E563.87975
G1 X110.589 Y99.858 E563.89959
G1 X109.545 Y100.302 E563.9194
G1 X108.514 Y100.818 E563.93953
G1 X107.55 Y101.374 E563.95896
G1 X106.589 Y102.011 E563.97909
G1 X105.695 Y102.678 E563.99857
G1 X104.816 Y103.425 E564.01871
G1 X104.012 Y104.194 E564.03814
G1 X103.232 Y105.032 E564.05813
G1 X102.516 Y105.906 E564.07786
G1 X101.848 Y106.825 E564.0977
G1 X101.23 Y107.788 E564.11768
G1 X100.689 Y108.76 E564.1371
G1 X100.188 Y109.799 E564.15724
G1 X99.761 Y110.848 E564.17702
G1 X99.4 Y111.906 E564.19654
G1 X99.093 Y113.019 E564.2167
G1 X98.858 Y114.109 E564.23617
G1 X98.688 Y115.245 E564.25623
G1 X98.589 Y116.355 E564.27569
G1 X98.555 Y117.5 E564.29569
G0 F9000 X98.135 Y117.5
G1 F1800 X98.135 Y117.507 E564.29581
G1 X98.17 Y118.666 E564.31606
G1 X98.27 Y119.801 E564.33595
G1 X98.445 Y120.967 E564.35654
G1 X98.684 Y122.081 E564.37644
G1 X98.999 Y123.214 E564.39697
G1 X99.367 Y124.295 E564.41691
G1 X99.804 Y125.368 E564.43714
G1 X100.316 Y126.429 E564.45771
G1 X100.869 Y127.424 E564.47759
G1 X101.501 Y128.409 E564.49803
G1 X102.179 Y129.346 E564.51822
G1 X102.915 Y130.241 E564.53845
G1 X103.706 Y131.093 E564.55875
G1 X104.534 Y131.887 E564.57879
G1 X105.433 Y132.646 E564.59933
G1 X106.347 Y133.332 E564.61929
G1 X107.328 Y133.979 E564.63981
G1 X108.315 Y134.549 E564.65971
G1 X109.366 Y135.076 E564.68024
G1 X110.435 Y135.533 E564.70054
G1 X111.527 Y135.924 E564.72079
G1 X112.623 Y136.241 E564.74071
G1 X113.759 Y136.501 E564.76106
G1 X114.917 Y136.695 E564.78157
G1 X116.043 Y136.811 E564.80133
G1 X117.219 Y136.865 E564.82189
G1 X118.363 Y136.85 E564.84187
G1 X119.526 Y136.761 E564.86223
G1 X120.685 Y136.606 E564.88265
G1 X121.803 Y136.385 E564.90255
G1 X122.943 Y136.087 E564.92313
G1 X124.031 Y135.734 E564.9431
G1 X125.123 Y135.304 E564.96359
G1 X126.178 Y134.816 E564.98389
G1 X127.181 Y134.277 E565.00377
G1 X128.168 Y133.669 E565.02401
G1 X129.129 Y132.992 E565.04454
G1 X130.035 Y132.267 E565.0648
G1 X130.88 Y131.504 E565.08468
G1 X131.71 Y130.667 E565.10527
G1 X132.464 Y129.8 E565.12533
G1 X133.173 Y128.881 E565.1456
G1 X133.821 Y127.932 E565.16566
G1 X134.425 Y126.925 E565.18617
G1 X134.951 Y125.903 E565.20624
G1 X135.42 Y124.852 E565.22633
G1 X135.835 Y123.748 E565.24693
G1 X136.176 Y122.64 E565.26717
G1 X136.451 Y121.517 E565.28736
G1 X136.652 Y120.394 E565.30728
G1 X136.796 Y119.222 E565.3279
G1 X136.866 Y118.069 E565.34807
G1 X136.866 Y116.932 E565.36792
G1 X136.792 Y115.754 E565.38853
G1 X136.652 Y114.602 E565.4088
G1 X136.447 Y113.463 E565.42901
G1 X136.176 Y112.357 E565.44889
G1 X135.827 Y111.228 E565.46952
G1 X135.424 Y110.152 E565.48959
G1 X134.952 Y109.094 E565.50982
G1 X134.425 Y108.075 E565.52985
G1 X133.82 Y107.064 E565.55042
G1 X133.169 Y106.107 E565.57063
G1 X132.473 Y105.205 E565.59053
G1 X131.71 Y104.334 E565.61075
G1 X130.88 Y103.492 E565.63139
G1 X130.035 Y102.729 E565.65127
G1 X129.129 Y102.005 E565.67152
G1 X128.165 Y101.327 E565.6921
G1 X127.177 Y100.718 E565.71237
G1 X126.177 Y100.18 E565.7322
G1 X125.124 Y99.692 E565.75246
G1 X124.027 Y99.262 E565.77304
G1 X122.939 Y98.91 E565.793
G1 X121.807 Y98.615 E565.81343
G1 X120.685 Y98.394 E565.8334
G1 X119.526 Y98.239 E565.85382
G1 X118.362 Y98.15 E565.8742
G1 X117.218 Y98.131 E565.89418
G1 X116.044 Y98.185 E565.9147
G1 X114.913 Y98.305 E565.93456
G1 X113.758 Y98.495 E565.955
G1 X112.623 Y98.755 E565.97533
G1 X111.527 Y99.072 E565.99526
G1 X110.435 Y99.467 E566.01553
G1 X109.369 Y99.921 E566.03576
G1 X108.315 Y100.448 E566.05634
G1 X107.328 Y101.016 E566.07623
G1 X106.347 Y101.668 E566.09679
G1 X105.433 Y102.35 E566.11671
G1 X104.535 Y103.113 E566.13728
G1 X103.713 Y103.899 E566.15714
G1 X102.915 Y104.755 E566.17758
G1 X102.183 Y105.649 E566.19775
G1 X101.501 Y106.588 E566.21802
G1 X100.869 Y107.572 E566.23844
G1 X100.316 Y108.567 E566.25832
G1 X99.804 Y109.628 E566.27889
G1 X99.367 Y110.701 E566.29912
G1 X98.999 Y111.782 E566.31906
G1 X98.685 Y112.919 E566.33966
G1 X98.444 Y114.034 E566.35957
G1 X98.27 Y115.195 E566.38007
G1 X98.17 Y116.33 E566.39997
G1 X98.135 Y117.5 E566.42041
G1 F1500 E565.42041
G0 F9000 X98.425 Y117.5
G0 X113.453 Y117.5
G1 F1500 E566.42041
G1 F1800 X113.45 Y117.468 E566.42097
G1 X113.497 Y116.884 E566.4312
G1 X113.645 Y116.257 E566.44245
G1 X113.873 Y115.698 E566.45299
G1 X114.202 Y115.154 E566.46409
G1 X114.617 Y114.657 E566.4754
G1 X115.026 Y114.296 E566.48492
G1 X115.555 Y113.943 E566.49603
G1 X116.141 Y113.68 E566.50725
G1 X116.757 Y113.519 E566.51836
G1 X117.277 Y113.455 E566.52751
G1 X117.933 Y113.472 E566.53897
G1 X118.598 Y113.597 E566.55079
G1 X119.174 Y113.806 E566.56149
G1 X119.683 Y114.085 E566.57162
G1 X120.172 Y114.452 E566.5823
G1 X120.633 Y114.926 E566.59384
G1 X120.982 Y115.429 E566.60453
G1 X121.272 Y116.011 E566.61589
G1 X121.451 Y116.575 E566.62622
G1 X121.545 Y117.202 E566.63729
G1 X121.545 Y117.796 E566.64766
G1 X121.445 Y118.434 E566.65894
G1 X121.248 Y119.045 E566.67015
G1 X120.981 Y119.577 E566.68054
G1 X120.613 Y120.098 E566.69168
G1 X120.205 Y120.52 E566.70193
G1 X119.683 Y120.911 E566.71332
G1 X119.14 Y121.204 E566.72409
G1 X118.598 Y121.398 E566.73414
G1 X117.958 Y121.521 E566.74552
G1 X117.353 Y121.55 E566.7561
G1 X116.724 Y121.475 E566.76716
G1 X116.129 Y121.315 E566.77792
G1 X115.571 Y121.058 E566.78865
G1 X115.048 Y120.725 E566.79947
G1 X114.574 Y120.295 E566.81065
G1 X114.193 Y119.833 E566.82111
G1 X113.869 Y119.291 E566.83213
G1 X113.636 Y118.709 E566.84308
G1 X113.504 Y118.158 E566.85297
G1 X113.453 Y117.5 E566.8645
G0 F9000 X113.871 Y117.5
G1 F1800 X113.87 Y117.481 E566.86483
G1 X113.912 Y116.946 E566.8742
G1 X114.037 Y116.41 E566.88381
G1 X114.236 Y115.92 E566.89305
G1 X114.521 Y115.431 E566.90293
G1 X114.908 Y114.96 E566.91357
G1 X115.291 Y114.622 E566.92249
G1 X115.766 Y114.307 E566.93245
G1 X116.312 Y114.07 E566.94284
G1 X116.787 Y113.941 E566.95143
G1 X117.332 Y113.872 E566.96103
G1 X117.901 Y113.891 E566.97097
G1 X118.427 Y113.987 E566.9803
G1 X118.977 Y114.179 E566.99048
G1 X119.463 Y114.443 E567.00013
G1 X119.904 Y114.775 E567.00977
G1 X120.308 Y115.192 E567.01991
G1 X120.607 Y115.621 E567.02904
G1 X120.864 Y116.122 E567.03887
G1 X121.03 Y116.637 E567.04832
G1 X121.124 Y117.209 E567.05844
G1 X121.124 Y117.79 E567.06859
G1 X121.042 Y118.311 E567.0778
G1 X120.864 Y118.873 E567.08809
G1 X120.634 Y119.334 E567.09709
G1 X120.296 Y119.822 E567.10745
G1 X119.894 Y120.233 E567.11749
G1 X119.481 Y120.541 E567.12649
G1 X119.024 Y120.795 E567.13562
G1 X118.477 Y120.996 E567.14579
G1 X117.936 Y121.101 E567.15542
G1 X117.358 Y121.126 E567.16552
G1 X116.787 Y121.059 E567.17556
G1 X116.299 Y120.926 E567.18439
G1 X115.769 Y120.688 E567.19454
G1 X115.331 Y120.408 E567.20361
G1 X114.923 Y120.05 E567.21309
G1 X114.541 Y119.594 E567.22348
G1 X114.259 Y119.123 E567.23306
G1 X114.043 Y118.604 E567.24288
G1 X113.912 Y118.054 E567.25275
G1 X113.871 Y117.5 E567.26245
G0 F9000 X114.291 Y117.5
;TYPE:WALL-OUTER
G1 F1800 X114.29 Y117.483 E567.26275
G1 X114.331 Y116.992 E567.27135
G1 X114.445 Y116.516 E567.2799
G1 X114.626 Y116.076 E567.28821
G1 X114.877 Y115.654 E567.29678
G1 X115.204 Y115.258 E567.30575
G1 X115.573 Y114.936 E567.3143
G1 X115.982 Y114.672 E567.3228
G1 X116.432 Y114.473 E567.33139
G1 X116.893 Y114.348 E567.33973
G1 X117.369 Y114.29 E567.34811
G1 X117.88 Y114.311 E567.35704
G1 X118.357 Y114.402 E567.36552
G1 X118.821 Y114.569 E567.37413
G1 X119.26 Y114.812 E567.38289
G1 X119.635 Y115.098 E567.39112
G1 X119.987 Y115.463 E567.39998
G1 X120.268 Y115.873 E567.40866
G1 X120.483 Y116.299 E567.41699
G1 X120.632 Y116.779 E567.42577
G1 X120.706 Y117.254 E567.43416
G1 X120.704 Y117.766 E567.4431
G1 X120.629 Y118.234 E567.45138
G1 X120.483 Y118.697 E567.45985
G1 X120.261 Y119.141 E567.46852
G1 X119.979 Y119.546 E567.47714
G1 X119.632 Y119.905 E567.48586
G1 X119.243 Y120.195 E567.49433
G1 X118.809 Y120.432 E567.50297
G1 X118.35 Y120.596 E567.51148
G1 X117.88 Y120.685 E567.51983
G1 X117.369 Y120.706 E567.52876
G1 X116.887 Y120.651 E567.53723
G1 X116.405 Y120.518 E567.54596
G1 X115.968 Y120.318 E567.55435
G1 X115.547 Y120.045 E567.56312
G1 X115.181 Y119.714 E567.57173
G1 X114.871 Y119.332 E567.58032
G1 X114.626 Y118.92 E567.58869
G1 X114.435 Y118.449 E567.59757
G1 X114.328 Y117.992 E567.60576
G1 X114.291 Y117.5 E567.61438
G0 F9000 X114.29 Y117.483
G0 X114.305 Y117.301
G1 F1500 E566.61438
G0 F9000 X113.602 Y117.246
G0 X98.425 Y117.5
G0 X97.715 Y117.5
G1 F1500 E567.61438
G1 F1800 X97.715 Y117.507 E567.6145
G1 X97.75 Y118.691 E567.63518
G1 X97.853 Y119.851 E567.65552
G1 X98.031 Y121.042 E567.67655
G1 X98.276 Y122.181 E567.69689
G1 X98.597 Y123.338 E567.71786
G1 X98.973 Y124.442 E567.73822
G1 X99.42 Y125.538 E567.75889
G1 X99.943 Y126.623 E567.77992
G1 X100.509 Y127.64 E567.80025
G1 X101.154 Y128.645 E567.8211
G1 X101.847 Y129.603 E567.84174
G1 X102.599 Y130.517 E567.86241
G1 X103.406 Y131.388 E567.88315
G1 X104.253 Y132.199 E567.90362
G1 X105.171 Y132.975 E567.92461
G1 X106.105 Y133.676 E567.945
G1 X107.107 Y134.337 E567.96596
G1 X108.116 Y134.919 E567.9863
G1 X109.189 Y135.457 E568.00726
G1 X110.281 Y135.924 E568.028
G1 X111.397 Y136.324 E568.0487
G1 X112.517 Y136.648 E568.06906
G1 X113.677 Y136.913 E568.08984
G1 X114.861 Y137.111 E568.1108
G1 X116.012 Y137.23 E568.13101
G1 X117.212 Y137.285 E568.15198
G1 X118.382 Y137.27 E568.17241
G1 X119.57 Y137.179 E568.19322
G1 X120.753 Y137.02 E568.21406
G1 X121.897 Y136.795 E568.23442
G1 X123.061 Y136.49 E568.25543
G1 X124.173 Y136.13 E568.27584
G1 X125.289 Y135.69 E568.29679
G1 X126.366 Y135.192 E568.31751
G1 X127.391 Y134.641 E568.33783
G1 X128.4 Y134.02 E568.35852
G1 X129.381 Y133.328 E568.37948
G1 X130.307 Y132.587 E568.40019
G1 X131.17 Y131.808 E568.42049
G1 X132.018 Y130.953 E568.44152
G1 X132.789 Y130.066 E568.46204
G1 X133.513 Y129.128 E568.48273
G1 X134.175 Y128.158 E568.50323
G1 X134.792 Y127.129 E568.52418
G1 X135.33 Y126.085 E568.54469
G1 X135.809 Y125.012 E568.56521
G1 X136.233 Y123.884 E568.58625
G1 X136.581 Y122.752 E568.60693
G1 X136.862 Y121.604 E568.62757
G1 X137.068 Y120.456 E568.64794
G1 X137.214 Y119.26 E568.66898
G1 X137.286 Y118.081 E568.6896
G1 X137.286 Y116.919 E568.70989
G1 X137.21 Y115.716 E568.73094
G1 X137.068 Y114.54 E568.75162
G1 X136.858 Y113.376 E568.77228
G1 X136.581 Y112.245 E568.79261
G1 X136.225 Y111.092 E568.81368
G1 X135.813 Y109.992 E568.83419
G1 X135.33 Y108.912 E568.85485
G1 X134.792 Y107.871 E568.87531
G1 X134.174 Y106.838 E568.89633
G1 X133.509 Y105.86 E568.91698
G1 X132.797 Y104.938 E568.93732
G1 X132.018 Y104.048 E568.95798
G1 X131.17 Y103.188 E568.97907
G1 X130.307 Y102.409 E568.99937
G1 X129.381 Y101.669 E569.02006
G1 X128.396 Y100.976 E569.04109
G1 X127.387 Y100.354 E569.06179
G1 X126.365 Y99.804 E569.08206
G1 X125.289 Y99.306 E569.10276
G1 X124.169 Y98.866 E569.12377
G1 X123.057 Y98.506 E569.14418
G1 X121.901 Y98.205 E569.16504
G1 X120.753 Y97.98 E569.18547
G1 X119.57 Y97.821 E569.20631
G1 X118.382 Y97.73 E569.22712
G1 X117.212 Y97.711 E569.24755
G1 X116.012 Y97.766 E569.26852
G1 X114.857 Y97.889 E569.28881
G1 X113.677 Y98.083 E569.30969
G1 X112.517 Y98.348 E569.33047
G1 X111.397 Y98.672 E569.35082
G1 X110.281 Y99.076 E569.37155
G1 X109.193 Y99.539 E569.3922
G1 X108.116 Y100.078 E569.41323
G1 X107.107 Y100.659 E569.43356
G1 X106.105 Y101.324 E569.45456
G1 X105.171 Y102.021 E569.47491
G1 X104.253 Y102.801 E569.49594
G1 X103.414 Y103.604 E569.51622
G1 X102.599 Y104.479 E569.5371
G1 X101.851 Y105.393 E569.55772
G1 X101.154 Y106.351 E569.57841
G1 X100.509 Y107.356 E569.59926
G1 X99.943 Y108.373 E569.61958
G1 X99.42 Y109.458 E569.64062
G1 X98.973 Y110.554 E569.66129
G1 X98.597 Y111.658 E569.68165
G1 X98.277 Y112.819 E569.70268
G1 X98.031 Y113.958 E569.72303
G1 X97.853 Y115.145 E569.74398
G1 X97.75 Y116.305 E569.76432
G1 X97.715 Y117.5 E569.7852
G0 F9000 X97.715 Y117.507
G0 X97.72 Y117.699
G1 F1500 E568.7852
G0 F9000 X98.43 Y117.679
G0 X113.074 Y117.5
;TYPE:SKIN
G1 F1500 E569.7852
G1 F1800 X113.121 Y118.177 E569.79705
G1 X113.273 Y118.84 E569.80892
G1 X113.522 Y119.434 E569.82017
G1 X113.871 Y120.038 E569.83235
G1 X114.331 Y120.589 E569.84488
G1 X114.816 Y121.021 E569.85623
G1 X115.363 Y121.379 E569.86764
G1 X115.976 Y121.66 E569.87942
G1 X116.651 Y121.847 E569.89165
G1 X117.321 Y121.922 E569.90342
G1 X118.004 Y121.893 E569.91536
G1 X118.654 Y121.78 E569.92688
G1 X119.314 Y121.544 E569.93911
G1 X119.883 Y121.231 E569.95045
G1 X120.411 Y120.841 E569.96192
G1 X120.899 Y120.343 E569.97409
G1 X121.301 Y119.781 E569.98616
G1 X121.619 Y119.149 E569.99851
G1 X121.815 Y118.513 E570.01013
G1 X121.92 Y117.858 E570.02172
G1 X121.922 Y117.179 E570.03357
G1 X121.817 Y116.49 E570.04574
G1 X121.625 Y115.878 E570.05694
G1 X121.305 Y115.231 E570.06955
G1 X120.923 Y114.681 E570.08124
G1 X120.45 Y114.185 E570.09321
G1 X119.96 Y113.812 E570.10396
G1 X119.344 Y113.464 E570.11631
G1 X118.65 Y113.216 E570.12918
G1 X118.048 Y113.103 E570.13988
G1 X117.315 Y113.066 E570.15269
G1 X116.697 Y113.144 E570.16357
G1 X116.019 Y113.32 E570.1758
G1 X115.353 Y113.622 E570.18857
G1 X114.821 Y113.968 E570.19965
G1 X114.316 Y114.414 E570.21142
G1 X113.854 Y114.987 E570.22427
G1 X113.534 Y115.529 E570.23526
G1 X113.276 Y116.148 E570.24697
G1 X113.123 Y116.808 E570.2588
G1 X113.07 Y117.443 E570.26993
G1 X113.074 Y117.5 E570.27092
G1 F1500 E569.27092
G0 F9000 X98.931 Y117.5
G1 F1500 E570.27092
G1 F1800 X98.966 Y116.369 E570.29068
G1 X99.061 Y115.297 E570.30948
G1 X99.227 Y114.186 E570.32909
G1 X99.457 Y113.119 E570.34815
G1 X99.765 Y112.006 E570.36832
G1 X100.109 Y110.986 E570.38711
G1 X100.528 Y109.962 E570.40643
G1 X101.031 Y108.925 E570.42656
G1 X101.549 Y107.988 E570.44525
G1 X102.162 Y107.031 E570.4651
G1 X102.863 Y106.077 E570.48577
G1 X103.507 Y105.287 E570.50357
G1 X104.286 Y104.452 E570.52351
G1 X105.061 Y103.713 E570.54221
G1 X105.94 Y102.969 E570.56231
G1 X106.814 Y102.312 E570.58141
G1 X107.739 Y101.699 E570.60078
G1 X108.684 Y101.154 E570.61983
G1 X109.713 Y100.639 E570.63993
G1 X110.737 Y100.204 E570.65935
G1 X111.781 Y99.824 E570.67875
G1 X112.813 Y99.528 E570.6975
G1 X113.909 Y99.279 E570.71712
G1 X115.029 Y99.093 E570.73695
G1 X116.096 Y98.982 E570.75568
G1 X117.232 Y98.927 E570.77554
G1 X118.313 Y98.946 E570.79442
G1 X119.441 Y99.033 E570.81418
G1 X120.561 Y99.184 E570.83391
G1 X121.617 Y99.389 E570.85269
G1 X122.721 Y99.678 E570.87262
G1 X123.749 Y100.01 E570.89148
G1 X124.817 Y100.43 E570.91152
G1 X125.83 Y100.896 E570.93099
G1 X126.766 Y101.402 E570.94957
G1 X127.724 Y101.992 E570.96922
G1 X128.653 Y102.644 E570.98904
G1 X129.523 Y103.344 E571.00854
G1 X130.33 Y104.072 E571.02751
G1 X131.118 Y104.868 E571.04707
G1 X131.845 Y105.702 E571.06639
G1 X132.525 Y106.584 E571.08584
G1 X133.138 Y107.486 E571.10488
G1 X133.72 Y108.455 E571.12462
G1 X134.234 Y109.448 E571.14414
G1 X134.681 Y110.452 E571.16333
G1 X135.065 Y111.477 E571.18245
G1 X135.409 Y112.581 E571.20264
G1 X135.662 Y113.616 E571.22124
G1 X135.86 Y114.712 E571.24069
G1 X135.994 Y115.816 E571.26011
G1 X136.066 Y116.967 E571.28025
G1 X136.066 Y118.033 E571.29886
G1 X135.998 Y119.136 E571.31816
G1 X135.86 Y120.28 E571.33828
G1 X135.67 Y121.34 E571.35708
G1 X135.405 Y122.416 E571.37643
G1 X135.143 Y123.283 E571.39225
G1 X135.153 Y123.296 E571.39253
G1 X134.681 Y124.54 E571.41577
G1 X134.234 Y125.545 E571.43497
G1 X133.72 Y126.541 E571.45455
G1 X133.15 Y127.49 E571.47388
G1 X132.529 Y128.404 E571.49317
G1 X131.841 Y129.298 E571.51287
G1 X131.114 Y130.132 E571.53219
G1 X130.334 Y130.92 E571.55155
G1 X129.524 Y131.651 E571.5706
G1 X128.649 Y132.347 E571.59012
G1 X127.72 Y133.004 E571.60999
G1 X126.775 Y133.586 E571.62937
G1 X125.83 Y134.096 E571.64812
G1 X124.817 Y134.562 E571.66759
G1 X123.749 Y134.986 E571.68766
G1 X122.725 Y135.314 E571.70643
G1 X121.613 Y135.607 E571.72651
G1 X120.561 Y135.812 E571.74523
G1 X119.441 Y135.963 E571.76496
G1 X118.314 Y136.05 E571.7847
G1 X117.236 Y136.065 E571.80353
G1 X116.092 Y136.01 E571.82353
G1 X115.032 Y135.903 E571.84213
G1 X113.913 Y135.717 E571.86194
G1 X112.813 Y135.464 E571.88165
G1 X111.781 Y135.164 E571.90041
G1 X110.733 Y134.792 E571.91983
G1 X109.697 Y134.349 E571.9395
G1 X108.692 Y133.843 E571.95915
G1 X107.755 Y133.305 E571.97802
G1 X106.798 Y132.672 E571.99805
G1 X105.923 Y132.015 E572.01716
G1 X105.069 Y131.295 E572.03667
G1 X104.27 Y130.528 E572.05601
G1 X103.515 Y129.713 E572.0754
G1 X102.811 Y128.855 E572.09478
G1 X102.154 Y127.949 E572.11433
G1 X101.549 Y127.004 E572.13392
G1 X101.031 Y126.067 E572.15261
G1 X100.528 Y125.03 E572.17274
G1 X100.109 Y124.006 E572.19206
G1 X99.757 Y122.966 E572.21123
G1 X99.457 Y121.877 E572.23096
G1 X99.227 Y120.81 E572.25002
G1 X99.061 Y119.695 E572.2697
G1 X98.966 Y118.627 E572.28842
G1 X98.931 Y117.515 E572.30785
G1 X98.931 Y117.5 E572.30811
G1 F1500 E571.30811
G0 F9000 X102.428 Y127.969
G1 F1500 E572.30811
G1 F1800 X107.037 Y132.578 E572.42193
G1 X107.111 Y132.652
G0 F9000 X108.602 Y133.549
G1 F1800 X101.458 Y126.405 E572.59834
G1 X101.384 Y126.331
G0 F9000 X100.841 Y125.194
G1 F1800 X109.82 Y134.173 E572.82008
G1 X109.894 Y134.247
G0 F9000 X110.852 Y134.611
G1 F1800 X100.397 Y124.156 E573.07825
G1 X100.323 Y124.082
G0 F9000 X100.07 Y123.235
G1 F1800 X111.773 Y134.938 E573.36725
G1 X111.847 Y135.012
G0 F9000 X112.618 Y135.189
G1 F1800 X99.815 Y122.386 E573.68342
G0 F9000 X99.609 Y121.586
G1 F1800 X113.409 Y135.385 E574.02419
G0 F9000 X114.162 Y135.545
G1 F1800 X99.446 Y120.829 E574.38759
G0 F9000 X99.338 Y120.127
G1 F1800 X114.875 Y135.664 E574.77127
G0 F9000 X115.549 Y135.744
G1 F1800 X99.25 Y119.444 E575.17377
G0 F9000 X99.192 Y118.793
G1 F1800 X116.203 Y135.804 E575.59385
G0 F9000 X116.827 Y135.835
G1 F1800 X99.162 Y118.169 E576.03009
G0 F9000 X99.142 Y117.555
G1 F1800 X117.439 Y135.852 E576.48192
G0 F9000 X118.025 Y135.844
G1 F1800 X99.158 Y116.977 E576.94783
G0 F9000 X99.176 Y116.401
G1 F1800 X118.592 Y135.818 E577.42731
G0 F9000 X119.144 Y135.775
G1 F1800 X99.223 Y115.854 E577.91924
G0 F9000 X99.271 Y115.309
G1 F1800 X119.681 Y135.719 E578.42326
G0 F9000 X120.205 Y135.649
G1 F1800 X99.349 Y114.792 E578.9383
G0 F9000 X99.426 Y114.275
G1 F1800 X120.719 Y135.568 E579.46411
G0 F9000 X121.215 Y135.47
G1 F1800 X99.528 Y113.783 E579.99966
G0 F9000 X99.633 Y113.295
G1 F1800 X121.704 Y135.366 E580.54469
G0 F9000 X122.175 Y135.242
G1 F1800 X99.757 Y112.824 E581.09829
G0 F9000 X99.885 Y112.359
G1 F1800 X122.644 Y135.117 E581.6603
G0 F9000 X123.095 Y134.975
G1 F1800 X100.022 Y111.902 E582.23007
G0 F9000 X100.172 Y111.457
G1 F1800 X123.545 Y134.83 E582.80725
G0 F9000 X123.977 Y134.668
G1 F1800 X100.324 Y111.015 E583.39135
G0 F9000 X100.496 Y110.594
G1 F1800 X124.402 Y134.499 E583.98168
G0 F9000 X124.823 Y134.327
G1 F1800 X100.669 Y110.172 E584.57816
G0 F9000 X100.856 Y109.766
G1 F1800 X125.23 Y134.14 E585.18006
G0 F9000 X125.637 Y133.953
G1 F1800 X101.051 Y109.366 E585.78721
G0 F9000 X101.247 Y108.969
G1 F1800 X126.028 Y133.75 E586.39916
G0 F9000 X126.414 Y133.541
G1 F1800 X101.459 Y108.586 E587.01541
G0 F9000 X101.67 Y108.204
G1 F1800 X114.07 Y120.603 E587.32161
G0 F9000 X114.372 Y120.905
G1 F1800 X126.793 Y133.327 E587.62835
G0 F9000 X127.161 Y133.101
G1 F1800 X115.925 Y121.865 E587.90582
G0 F9000 X116.72 Y122.066
G1 F1800 X127.529 Y132.875 E588.17274
G0 F9000 X127.881 Y132.633
G1 F1800 X117.378 Y122.129 E588.43212
G0 F9000 X117.948 Y122.105
G1 F1800 X128.229 Y132.387 E588.68601
G0 F9000 X128.575 Y132.138
G1 F1800 X118.462 Y122.026 E588.93573
G0 F9000 X118.933 Y121.902
G1 F1800 X128.905 Y131.875 E589.182
G0 F9000 X129.236 Y131.612
G1 F1800 X119.37 Y121.745 E589.42565
G0 F9000 X119.757 Y121.539
G1 F1800 X129.556 Y131.338 E589.66763
G0 F9000 X129.869 Y131.057
G1 F1800 X120.126 Y121.314 E589.90822
G0 F9000 X120.467 Y121.061
G1 F1800 X130.18 Y130.774 E590.14808
G0 F9000 X130.477 Y130.477
G1 F1800 X120.772 Y120.772 E590.38774
G0 F9000 X121.064 Y120.47
G1 F1800 X130.773 Y130.179 E590.6275
G0 F9000 X131.062 Y129.874
G1 F1800 X121.312 Y120.124 E590.86827
G0 F9000 X121.544 Y119.762
G1 F1800 X131.339 Y129.557 E591.11015
G0 F9000 X131.615 Y129.239
G1 F1800 X121.743 Y119.367 E591.35393
G0 F9000 X121.903 Y118.933
G1 F1800 X131.878 Y128.908 E591.60026
G0 F9000 X132.136 Y128.572
G1 F1800 X122.034 Y118.47 E591.84972
G0 F9000 X122.116 Y117.958
G1 F1800 X132.392 Y128.234 E592.10348
G0 F9000 X132.632 Y127.88
G1 F1800 X122.131 Y117.379 E592.3628
G0 F9000 X122.062 Y116.716
G1 F1800 X132.872 Y127.526 E592.62974
G0 F9000 X133.102 Y127.163
G1 F1800 X121.856 Y115.916 E592.90747
G1 X121.782 Y115.842
G0 F9000 X121.089 Y114.556
G1 F1800 X133.325 Y126.791 E593.20962
G0 F9000 X133.547 Y126.419
G1 F1800 X108.583 Y101.455 E593.82609
G0 F9000 X108.206 Y101.673
G1 F1800 X120.47 Y113.937 E594.12894
G1 X120.544 Y114.011
G0 F9000 X119.088 Y113.148
G1 F1800 X107.831 Y101.891 E594.40692
G0 F9000 X107.474 Y102.128
G1 F1800 X118.279 Y112.933 E594.67375
G0 F9000 X117.624 Y112.872
G1 F1800 X107.117 Y102.365 E594.93321
G0 F9000 X106.768 Y102.61
G1 F1800 X117.046 Y112.888 E595.18702
G0 F9000 X116.533 Y112.97
G1 F1800 X106.429 Y102.865 E595.43654
G0 F9000 X106.09 Y103.12
G1 F1800 X116.064 Y113.094 E595.68285
G0 F9000 X115.637 Y113.261
G1 F1800 X105.767 Y103.391 E595.92658
G0 F9000 X105.445 Y103.663
G1 F1800 X115.232 Y113.45 E596.16826
G0 F9000 X114.873 Y113.685
G1 F1800 X105.128 Y103.94 E596.40891
G0 F9000 X104.824 Y104.23
G1 F1800 X114.535 Y113.941 E596.64872
G0 F9000 X114.222 Y114.222
G1 F1800 X104.52 Y104.52 E596.8883
G0 F9000 X104.228 Y104.822
G1 F1800 X113.945 Y114.539 E597.12826
G0 F9000 X113.682 Y114.869
G1 F1800 X103.94 Y105.128 E597.36882
G0 F9000 X103.655 Y105.437
G1 F1800 X113.461 Y115.243 E597.61097
G0 F9000 X113.262 Y115.637
G1 F1800 X103.388 Y105.764 E597.85479
G0 F9000 X103.122 Y106.091
G1 F1800 X113.088 Y116.057 E598.1009
G0 F9000 X112.972 Y116.536
G1 F1800 X102.864 Y106.428 E598.35051
G0 F9000 X102.613 Y106.77
G1 F1800 X112.892 Y117.05 E598.60435
G0 F9000 X112.872 Y117.624
G1 F1800 X102.361 Y107.113 E598.86392
G0 F9000 X102.127 Y107.473
G1 F1800 X112.928 Y118.274 E599.13064
G1 X113.002 Y118.348
G0 F9000 X113.157 Y119.097
G1 F1800 X101.896 Y107.836 E599.40872
G1 X101.822 Y107.762
G1 F1500 E598.40872
G0 F9000 X108.969 Y101.247
G1 F1500 E599.40872
G1 F1800 X133.749 Y126.028 E600.02066
G0 F9000 X133.951 Y125.636
G1 F1800 X109.365 Y101.049 E600.62781
G0 F9000 X109.761 Y100.851
G1 F1800 X134.144 Y125.234 E601.22993
G0 F9000 X134.326 Y124.823
G1 F1800 X110.175 Y100.671 E601.82634
G0 F9000 X110.592 Y100.494
G1 F1800 X134.507 Y124.409 E602.41691
G0 F9000 X134.67 Y123.978
G1 F1800 X111.017 Y100.326 E603.00099
G0 F9000 X111.453 Y100.167
G1 F1800 X134.833 Y123.547 E603.57835
G0 F9000 X134.98 Y123.1
G1 F1800 X111.891 Y100.012 E604.1485
G0 F9000 X112.352 Y99.879
G1 F1800 X135.117 Y122.644 E604.71067
G0 F9000 X135.247 Y122.18
G1 F1800 X112.814 Y99.747 E605.26464
G0 F9000 X113.295 Y99.634
G1 F1800 X135.364 Y121.703 E605.80962
G0 F9000 X135.477 Y121.222
G1 F1800 X113.779 Y99.524 E606.34544
G0 F9000 X114.28 Y99.431
G1 F1800 X135.568 Y120.719 E606.87113
G0 F9000 X135.657 Y120.214
G1 F1800 X114.789 Y99.346 E607.38646
G0 F9000 X115.312 Y99.275
G1 F1800 X135.721 Y119.683 E607.89043
G0 F9000 X135.785 Y119.154
G1 F1800 X115.85 Y99.218 E608.38273
G0 F9000 X116.403 Y99.177
G1 F1800 X135.821 Y118.596 E608.86225
G0 F9000 X135.856 Y118.037
G1 F1800 X116.97 Y99.151 E609.32863
G0 F9000 X117.556 Y99.143
G1 F1800 X135.856 Y117.443 E609.78054
G0 F9000 X135.848 Y116.841
G1 F1800 X118.161 Y99.154 E610.21731
G0 F9000 X118.795 Y99.194
G1 F1800 X135.808 Y116.207 E610.63743
G0 F9000 X135.75 Y115.555
G1 F1800 X119.441 Y99.246 E611.04018
G0 F9000 X120.127 Y99.338
G1 F1800 X135.669 Y114.88 E611.42398
G0 F9000 X135.548 Y114.165
G1 F1800 X120.835 Y99.452 E611.7873
G0 F9000 X121.572 Y99.595
G1 F1800 X135.399 Y113.422 E612.12875
G0 F9000 X135.207 Y112.636
G1 F1800 X122.376 Y99.805 E612.44561
G1 X122.302 Y99.731
G0 F9000 X123.227 Y100.063
G1 F1800 X134.936 Y111.772 E612.73475
G1 X135.01 Y111.846
G0 F9000 X134.605 Y110.846
G1 F1800 X124.153 Y100.394 E612.99286
G1 X124.079 Y100.32
G0 F9000 X125.181 Y100.828
G1 F1800 X134.168 Y109.815 E613.21479
G1 X134.242 Y109.889
G0 F9000 X133.574 Y108.627
G1 F1800 X126.378 Y101.432 E613.39248
G1 X126.304 Y101.358
G0 F9000 X127.942 Y102.401
G1 F1800 X132.583 Y107.043 E613.5071
G1 X132.657 Y107.117
G1 F1500 E612.5071
;MESH:NONMESH
G0 F600 X132.657 Y107.117 Z1.22
G0 F9000 X98.555 Y117.5
;TIME_ELAPSED:1338.806001
;LAYER:11
;TYPE:WALL-INNER
;MESH:ranella v1.stl
G1 F1500 E613.5071
G1 F1800 X98.555 Y117.507 E613.50722
G1 X98.589 Y118.641 E613.52703
G1 X98.688 Y119.751 E613.54649
G1 X98.858 Y120.891 E613.56661
G1 X99.092 Y121.981 E613.58608
G1 X99.4 Y123.09 E613.60618
G1 X99.761 Y124.148 E613.6257
G1 X100.188 Y125.197 E613.64548
G1 X100.689 Y126.236 E613.66562
G1 X101.23 Y127.208 E613.68504
G1 X101.848 Y128.172 E613.70504
G1 X102.512 Y129.09 E613.72482
G1 X103.232 Y129.965 E613.74461
G1 X104.005 Y130.799 E613.76446
G1 X104.815 Y131.575 E613.78405
G1 X105.695 Y132.318 E613.80416
G1 X106.589 Y132.989 E613.82368
G1 X107.549 Y133.622 E613.84376
G1 X108.515 Y134.179 E613.86323
G1 X109.543 Y134.695 E613.88331
G1 X110.588 Y135.142 E613.90316
G1 X111.656 Y135.524 E613.92297
G1 X112.728 Y135.834 E613.94245
G1 X113.84 Y136.089 E613.96237
G1 X114.973 Y136.278 E613.98243
G1 X116.075 Y136.392 E614.00178
G1 X117.226 Y136.445 E614.0219
G1 X118.344 Y136.43 E614.04142
G1 X119.482 Y136.343 E614.06135
G1 X120.616 Y136.191 E614.08133
G1 X121.709 Y135.976 E614.10078
G1 X122.825 Y135.683 E614.12093
G1 X123.889 Y135.339 E614.14045
G1 X124.958 Y134.918 E614.16051
G1 X125.99 Y134.44 E614.18037
G1 X126.971 Y133.913 E614.19982
G1 X127.937 Y133.319 E614.21962
G1 X128.876 Y132.656 E614.23969
G1 X129.763 Y131.947 E614.25952
G1 X130.59 Y131.2 E614.27898
G1 X131.402 Y130.381 E614.29912
G1 X132.139 Y129.533 E614.31874
G1 X132.833 Y128.634 E614.33857
G1 X133.467 Y127.705 E614.35821
G1 X134.058 Y126.72 E614.37827
G1 X134.573 Y125.721 E614.39789
G1 X135.032 Y124.693 E614.41755
G1 X135.437 Y123.612 E614.43771
G1 X135.771 Y122.528 E614.45751
G1 X136.04 Y121.43 E614.47725
G1 X136.237 Y120.331 E614.49675
G1 X136.377 Y119.184 E614.51693
G1 X136.446 Y118.056 E614.53666
G1 X136.446 Y116.945 E614.55606
G1 X136.374 Y115.793 E614.57621
G1 X136.237 Y114.665 E614.59606
G1 X136.036 Y113.551 E614.61582
G1 X135.771 Y112.469 E614.63527
G1 X135.429 Y111.364 E614.65547
G1 X135.036 Y110.311 E614.6751
G1 X134.573 Y109.276 E614.6949
G1 X134.058 Y108.279 E614.71449
G1 X133.466 Y107.29 E614.73462
G1 X132.829 Y106.353 E614.7544
G1 X132.148 Y105.472 E614.77385
G1 X131.402 Y104.62 E614.79362
G1 X130.589 Y103.795 E614.81385
G1 X129.763 Y103.049 E614.83328
G1 X128.877 Y102.341 E614.85308
G1 X127.934 Y101.678 E614.87321
G1 X126.967 Y101.082 E614.89305
G1 X125.989 Y100.556 E614.91244
G1 X124.959 Y100.079 E614.93226
G1 X123.886 Y99.658 E614.95239
G1 X122.821 Y99.313 E614.97193
G1 X121.714 Y99.025 E614.99191
G1 X120.616 Y98.809 E615.01145
G1 X119.482 Y98.657 E615.03143
G1 X118.342 Y98.57 E615.05139
G1 X117.224 Y98.551 E615.07092
G1 X116.076 Y98.604 E615.09098
G1 X114.969 Y98.721 E615.11042
G1 X113.839 Y98.907 E615.13042
G1 X112.728 Y99.162 E615.15032
G1 X111.657 Y99.471 E615.16979
G1 X110.589 Y99.858 E615.18962
G1 X109.545 Y100.302 E615.20943
G1 X108.514 Y100.818 E615.22956
G1 X107.55 Y101.374 E615.24899
G1 X106.589 Y102.011 E615.26913
G1 X105.695 Y102.678 E615.2886
G1 X104.816 Y103.425 E615.30875
G1 X104.012 Y104.194 E615.32817
G1 X103.232 Y105.032 E615.34816
G1 X102.516 Y105.906 E615.36789
G1 X101.848 Y106.825 E615.38773
G1 X101.23 Y107.788 E615.40771
G1 X100.689 Y108.76 E615.42714
G1 X100.188 Y109.799 E615.44728
G1 X99.761 Y110.848 E615.46705
G1 X99.4 Y111.906 E615.48657
G1 X99.093 Y113.019 E615.50674
G1 X98.858 Y114.109 E615.52621
G1 X98.688 Y115.245 E615.54626
G1 X98.589 Y116.355 E615.56572
G1 X98.555 Y117.5 E615.58572
G0 F9000 X98.135 Y117.5
G1 F1800 X98.135 Y117.507 E615.58585
G1 X98.17 Y118.666 E615.60609
G1 X98.27 Y119.801 E615.62599
G1 X98.445 Y120.967 E615.64658
G1 X98.684 Y122.081 E615.66647
G1 X98.999 Y123.214 E615.68701
G1 X99.367 Y124.295 E615.70695
G1 X99.804 Y125.368 E615.72718
G1 X100.316 Y126.429 E615.74775
G1 X100.869 Y127.424 E615.76763
G1 X101.501 Y128.409 E615.78806
G1 X102.179 Y129.346 E615.80826
G1 X102.915 Y130.241 E615.82849
G1 X103.706 Y131.093 E615.84879
G1 X104.534 Y131.887 E615.86882
G1 X105.433 Y132.646 E615.88937
G1 X106.347 Y133.332 E615.90932
G1 X107.328 Y133.979 E615.92984
G1 X108.315 Y134.549 E615.94974
G1 X109.366 Y135.076 E615.97027
G1 X110.435 Y135.533 E615.99057
G1 X111.527 Y135.924 E616.01083
G1 X112.623 Y136.241 E616.03075
G1 X113.759 Y136.501 E616.0511
G1 X114.917 Y136.695 E616.0716
G1 X116.043 Y136.811 E616.09137
G1 X117.219 Y136.865 E616.11192
G1 X118.363 Y136.85 E616.1319
G1 X119.526 Y136.761 E616.15227
G1 X120.685 Y136.606 E616.17269
G1 X121.803 Y136.385 E616.19259
G1 X122.943 Y136.087 E616.21316
G1 X124.031 Y135.734 E616.23314
G1 X125.123 Y135.304 E616.25363
G1 X126.178 Y134.816 E616.27393
G1 X127.181 Y134.277 E616.29381
G1 X128.168 Y133.669 E616.31405
G1 X129.129 Y132.992 E616.33458
G1 X130.035 Y132.267 E616.35484
G1 X130.88 Y131.504 E616.37472
G1 X131.71 Y130.667 E616.3953
G1 X132.464 Y129.8 E616.41537
G1 X133.173 Y128.881 E616.43563
G1 X133.821 Y127.932 E616.4557
G1 X134.425 Y126.925 E616.4762
G1 X134.951 Y125.903 E616.49627
G1 X135.42 Y124.852 E616.51637
G1 X135.835 Y123.748 E616.53696
G1 X136.176 Y122.64 E616.55721
G1 X136.451 Y121.517 E616.5774
G1 X136.652 Y120.394 E616.59732
G1 X136.796 Y119.222 E616.61794
G1 X136.866 Y118.069 E616.63811
G1 X136.866 Y116.932 E616.65796
G1 X136.792 Y115.754 E616.67857
G1 X136.652 Y114.602 E616.69883
G1 X136.447 Y113.463 E616.71904
G1 X136.176 Y112.357 E616.73893
G1 X135.827 Y111.228 E616.75956
G1 X135.424 Y110.152 E616.77962
G1 X134.952 Y109.094 E616.79985
G1 X134.425 Y108.075 E616.81989
G1 X133.82 Y107.064 E616.84046
G1 X133.169 Y106.107 E616.86067
G1 X132.473 Y105.205 E616.88056
G1 X131.71 Y104.334 E616.90078
G1 X130.88 Y103.492 E616.92143
G1 X130.035 Y102.729 E616.94131
G1 X129.129 Y102.005 E616.96156
G1 X128.165 Y101.327 E616.98214
G1 X127.177 Y100.718 E617.0024
G1 X126.177 Y100.18 E617.02223
G1 X125.124 Y99.692 E617.0425
G1 X124.027 Y99.262 E617.06307
G1 X122.939 Y98.91 E617.08304
G1 X121.807 Y98.615 E617.10347
G1 X120.685 Y98.394 E617.12344
G1 X119.526 Y98.239 E617.14385
G1 X118.362 Y98.15 E617.16424
G1 X117.218 Y98.131 E617.18422
G1 X116.044 Y98.185 E617.20474
G1 X114.913 Y98.305 E617.2246
G1 X113.758 Y98.495 E617.24504
G1 X112.623 Y98.755 E617.26537
G1 X111.527 Y99.072 E617.28529
G1 X110.435 Y99.467 E617.30557
G1 X109.369 Y99.921 E617.3258
G1 X108.315 Y100.448 E617.34638
G1 X107.328 Y101.016 E617.36626
G1 X106.347 Y101.668 E617.38683
G1 X105.433 Y102.35 E617.40674
G1 X104.535 Y103.113 E617.42732
G1 X103.713 Y103.899 E617.44718
G1 X102.915 Y104.755 E617.46761
G1 X102.183 Y105.649 E617.48779
G1 X101.501 Y106.588 E617.50805
G1 X100.869 Y107.572 E617.52848
G1 X100.316 Y108.567 E617.54835
G1 X99.804 Y109.628 E617.56892
G1 X99.367 Y110.701 E617.58915
G1 X98.999 Y111.782 E617.60909
G1 X98.685 Y112.919 E617.62969
G1 X98.444 Y114.034 E617.64961
G1 X98.27 Y115.195 E617.67011
G1 X98.17 Y116.33 E617.69001
G1 X98.135 Y117.5 E617.71044
G1 F1500 E616.71044
G0 F9000 X98.425 Y117.5
G0 X113.453 Y117.5
G1 F1500 E617.71044
G1 F1800 X113.45 Y117.468 E617.71101
G1 X113.497 Y116.884 E617.72124
G1 X113.645 Y116.257 E617.73249
G1 X113.873 Y115.698 E617.74303
G1 X114.202 Y115.154 E617.75413
G1 X114.617 Y114.657 E617.76543
G1 X115.026 Y114.296 E617.77496
G1 X115.555 Y113.943 E617.78607
G1 X116.141 Y113.68 E617.79728
G1 X116.757 Y113.519 E617.8084
G1 X117.277 Y113.455 E617.81755
G1 X117.933 Y113.472 E617.82901
G1 X118.598 Y113.597 E617.84082
G1 X119.174 Y113.806 E617.85152
G1 X119.683 Y114.085 E617.86166
G1 X120.172 Y114.452 E617.87233
G1 X120.633 Y114.926 E617.88388
G1 X120.982 Y115.429 E617.89457
G1 X121.272 Y116.011 E617.90592
G1 X121.451 Y116.575 E617.91626
G1 X121.545 Y117.202 E617.92733
G1 X121.545 Y117.796 E617.9377
G1 X121.445 Y118.434 E617.94897
G1 X121.248 Y119.045 E617.96018
G1 X120.981 Y119.577 E617.97058
G1 X120.613 Y120.098 E617.98172
G1 X120.205 Y120.52 E617.99197
G1 X119.683 Y120.911 E618.00335
G1 X119.14 Y121.204 E618.01413
G1 X118.598 Y121.398 E618.02418
G1 X117.958 Y121.521 E618.03556
G1 X117.353 Y121.55 E618.04614
G1 X116.724 Y121.475 E618.0572
G1 X116.129 Y121.315 E618.06796
G1 X115.571 Y121.058 E618.07868
G1 X115.048 Y120.725 E618.08951
G1 X114.574 Y120.295 E618.10069
G1 X114.193 Y119.833 E618.11114
G1 X113.869 Y119.291 E618.12217
G1 X113.636 Y118.709 E618.13312
G1 X113.504 Y118.158 E618.14301
G1 X113.453 Y117.5 E618.15453
G0 F9000 X113.871 Y117.5
G1 F1800 X113.87 Y117.481 E618.15487
G1 X113.912 Y116.946 E618.16424
G1 X114.037 Y116.41 E618.17385
G1 X114.236 Y115.92 E618.18308
G1 X114.521 Y115.431 E618.19296
G1 X114.908 Y114.96 E618.20361
G1 X115.291 Y114.622 E618.21253
G1 X115.766 Y114.307 E618.22248
G1 X116.312 Y114.07 E618.23287
G1 X116.787 Y113.941 E618.24147
G1 X117.332 Y113.872 E618.25106
G1 X117.901 Y113.891 E618.261
G1 X118.427 Y113.987 E618.27034
G1 X118.977 Y114.179 E618.28051
G1 X119.463 Y114.443 E618.29017
G1 X119.904 Y114.775 E618.29981
G1 X120.308 Y115.192 E618.30995
G1 X120.607 Y115.621 E618.31908
G1 X120.864 Y116.122 E618.32891
G1 X121.03 Y116.637 E618.33836
G1 X121.124 Y117.209 E618.34848
G1 X121.124 Y117.79 E618.35862
G1 X121.042 Y118.311 E618.36783
G1 X120.864 Y118.873 E618.37813
G1 X120.634 Y119.334 E618.38712
G1 X120.296 Y119.822 E618.39749
G1 X119.894 Y120.233 E618.40753
G1 X119.481 Y120.541 E618.41652
G1 X119.024 Y120.795 E618.42565
G1 X118.477 Y120.996 E618.43583
G1 X117.936 Y121.101 E618.44545
G1 X117.358 Y121.126 E618.45556
G1 X116.787 Y121.059 E618.46559
G1 X116.299 Y120.926 E618.47443
G1 X115.769 Y120.688 E618.48457
G1 X115.331 Y120.408 E618.49365
G1 X114.923 Y120.05 E618.50313
G1 X114.541 Y119.594 E618.51351
G1 X114.259 Y119.123 E618.5231
G1 X114.043 Y118.604 E618.53292
G1 X113.912 Y118.054 E618.54279
G1 X113.871 Y117.5 E618.55249
G0 F9000 X114.291 Y117.5
;TYPE:WALL-OUTER
G1 F1800 X114.29 Y117.483 E618.55279
G1 X114.331 Y116.992 E618.56139
G1 X114.445 Y116.516 E618.56994
G1 X114.626 Y116.076 E618.57824
G1 X114.877 Y115.654 E618.58682
G1 X115.204 Y115.258 E618.59579
G1 X115.573 Y114.936 E618.60434
G1 X115.982 Y114.672 E618.61284
G1 X116.432 Y114.473 E618.62143
G1 X116.893 Y114.348 E618.62977
G1 X117.369 Y114.29 E618.63814
G1 X117.88 Y114.311 E618.64707
G1 X118.357 Y114.402 E618.65555
G1 X118.821 Y114.569 E618.66416
G1 X119.26 Y114.812 E618.67293
G1 X119.635 Y115.098 E618.68116
G1 X119.987 Y115.463 E618.69001
G1 X120.268 Y115.873 E618.69869
G1 X120.483 Y116.299 E618.70703
G1 X120.632 Y116.779 E618.7158
G1 X120.706 Y117.254 E618.7242
G1 X120.704 Y117.766 E618.73314
G1 X120.629 Y118.234 E618.74141
G1 X120.483 Y118.697 E618.74989
G1 X120.261 Y119.141 E618.75856
G1 X119.979 Y119.546 E618.76718
G1 X119.632 Y119.905 E618.77589
G1 X119.243 Y120.195 E618.78437
G1 X118.809 Y120.432 E618.793
G1 X118.35 Y120.596 E618.80151
G1 X117.88 Y120.685 E618.80987
G1 X117.369 Y120.706 E618.8188
G1 X116.887 Y120.651 E618.82727
G1 X116.405 Y120.518 E618.836
G1 X115.968 Y120.318 E618.84439
G1 X115.547 Y120.045 E618.85315
G1 X115.181 Y119.714 E618.86177
G1 X114.871 Y119.332 E618.87036
G1 X114.626 Y118.92 E618.87873
G1 X114.435 Y118.449 E618.8876
G1 X114.328 Y117.992 E618.8958
G1 X114.291 Y117.5 E618.90441
G0 F9000 X114.29 Y117.483
G0 X114.305 Y117.301
G1 F1500 E617.90441
G0 F9000 X113.602 Y117.246
G0 X98.425 Y117.5
G0 X97.715 Y117.5
G1 F1500 E618.90441
G1 F1800 X97.715 Y117.507 E618.90454
G1 X97.75 Y118.691 E618.92522
G1 X97.853 Y119.851 E618.94556
G1 X98.031 Y121.042 E618.96658
G1 X98.276 Y122.181 E618.98693
G1 X98.597 Y123.338 E619.00789
G1 X98.973 Y124.442 E619.02826
G1 X99.42 Y125.538 E619.04893
G1 X99.943 Y126.623 E619.06996
G1 X100.509 Y127.64 E619.09028
G1 X101.154 Y128.645 E619.11113
G1 X101.847 Y129.603 E619.13178
G1 X102.599 Y130.517 E619.15245
G1 X103.406 Y131.388 E619.17318
G1 X104.253 Y132.199 E619.19366
G1 X105.171 Y132.975 E619.21465
G1 X106.105 Y133.676 E619.23504
G1 X107.107 Y134.337 E619.256
G1 X108.116 Y134.919 E619.27634
G1 X109.189 Y135.457 E619.2973
G1 X110.281 Y135.924 E619.31804
G1 X111.397 Y136.324 E619.33874
G1 X112.517 Y136.648 E619.3591
G1 X113.677 Y136.913 E619.37987
G1 X114.861 Y137.111 E619.40084
G1 X116.012 Y137.23 E619.42104
G1 X117.212 Y137.285 E619.44202
G1 X118.382 Y137.27 E619.46245
G1 X119.57 Y137.179 E619.48325
G1 X120.753 Y137.02 E619.5041
G1 X121.897 Y136.795 E619.52446
G1 X123.061 Y136.49 E619.54547
G1 X124.173 Y136.13 E619.56588
G1 X125.289 Y135.69 E619.58682
G1 X126.366 Y135.192 E619.60754
G1 X127.391 Y134.641 E619.62786
G1 X128.4 Y134.02 E619.64855
G1 X129.381 Y133.328 E619.66951
G1 X130.307 Y132.587 E619.69022
G1 X131.17 Y131.808 E619.71052
G1 X132.018 Y130.953 E619.73155
G1 X132.789 Y130.066 E619.75207
G1 X133.513 Y129.128 E619.77276
G1 X134.175 Y128.158 E619.79327
G1 X134.792 Y127.129 E619.81422
G1 X135.33 Y126.085 E619.83473
G1 X135.809 Y125.012 E619.85525
G1 X136.233 Y123.884 E619.87629
G1 X136.581 Y122.752 E619.89697
G1 X136.862 Y121.604 E619.91761
G1 X137.068 Y120.456 E619.93797
G1 X137.214 Y119.26 E619.95901
G1 X137.286 Y118.081 E619.97964
G1 X137.286 Y116.919 E619.99993
G1 X137.21 Y115.716 E620.02098
G1 X137.068 Y114.54 E620.04166
G1 X136.858 Y113.376 E620.06231
G1 X136.581 Y112.245 E620.08265
G1 X136.225 Y111.092 E620.10372
G1 X135.813 Y109.992 E620.12423
G1 X135.33 Y108.912 E620.14489
G1 X134.792 Y107.871 E620.16535
G1 X134.174 Y106.838 E620.18637
G1 X133.509 Y105.86 E620.20702
G1 X132.797 Y104.938 E620.22736
G1 X132.018 Y104.048 E620.24801
G1 X131.17 Y103.188 E620.2691
G1 X130.307 Y102.409 E620.2894
G1 X129.381 Y101.669 E620.3101
G1 X128.396 Y100.976 E620.33113
G1 X127.387 Y100.354 E620.35183
G1 X126.365 Y99.804 E620.37209
G1 X125.289 Y99.306 E620.3928
G1 X124.169 Y98.866 E620.41381
G1 X123.057 Y98.506 E620.43422
G1 X121.901 Y98.205 E620.45508
G1 X120.753 Y97.98 E620.4755
G1 X119.57 Y97.821 E620.49635
G1 X118.382 Y97.73 E620.51715
G1 X117.212 Y97.711 E620.53758
G1 X116.012 Y97.766 E620.55856
G1 X114.857 Y97.889 E620.57884
G1 X113.677 Y98.083 E620.59972
G1 X112.517 Y98.348 E620.6205
G1 X111.397 Y98.672 E620.64086
G1 X110.281 Y99.076 E620.66158
G1 X109.193 Y99.539 E620.68223
G1 X108.116 Y100.078 E620.70326
G1 X107.107 Y100.659 E620.72359
G1 X106.105 Y101.324 E620.74459
G1 X105.171 Y102.021 E620.76494
G1 X104.253 Y102.801 E620.78598
G1 X103.414 Y103.604 E620.80626
G1 X102.599 Y104.479 E620.82713
G1 X101.851 Y105.393 E620.84776
G1 X101.154 Y106.351 E620.86845
G1 X100.509 Y107.356 E620.8893
G1 X99.943 Y108.373 E620.90962
G1 X99.42 Y109.458 E620.93065
G1 X98.973 Y110.554 E620.95132
G1 X98.597 Y111.658 E620.97169
G1 X98.277 Y112.819 E620.99271
G1 X98.031 Y113.958 E621.01306
G1 X97.853 Y115.145 E621.03402
G1 X97.75 Y116.305 E621.05436
G1 X97.715 Y117.5 E621.07523
G0 F9000 X97.715 Y117.507
G0 X97.72 Y117.699
G1 F1500 E620.07523
G0 F9000 X98.43 Y117.679
G0 X113.074 Y117.5
;TYPE:SKIN
G1 F1500 E621.07523
G1 F1800 X113.121 Y118.177 E621.08708
G1 X113.273 Y118.84 E621.09896
G1 X113.522 Y119.434 E621.11021
G1 X113.871 Y120.038 E621.12239
G1 X114.331 Y120.589 E621.13492
G1 X114.816 Y121.021 E621.14626
G1 X115.363 Y121.379 E621.15768
G1 X115.976 Y121.66 E621.16945
G1 X116.651 Y121.847 E621.18168
G1 X117.336 Y121.922 E621.19371
G1 X118.004 Y121.893 E621.20539
G1 X118.654 Y121.78 E621.21691
G1 X119.314 Y121.544 E621.22915
G1 X119.883 Y121.231 E621.24049
G1 X120.411 Y120.841 E621.25195
G1 X120.899 Y120.343 E621.26413
G1 X121.301 Y119.781 E621.27619
G1 X121.619 Y119.149 E621.28855
G1 X121.815 Y118.513 E621.30017
G1 X121.92 Y117.858 E621.31175
G1 X121.922 Y117.179 E621.32361
G1 X121.817 Y116.49 E621.33578
G1 X121.625 Y115.878 E621.34698
G1 X121.305 Y115.231 E621.35958
G1 X120.923 Y114.681 E621.37127
G1 X120.45 Y114.185 E621.38324
G1 X119.96 Y113.812 E621.39399
G1 X119.344 Y113.464 E621.40635
G1 X118.65 Y113.216 E621.41922
G1 X118.048 Y113.103 E621.42991
G1 X117.315 Y113.066 E621.44273
G1 X116.697 Y113.144 E621.45361
G1 X116.019 Y113.32 E621.46584
G1 X115.353 Y113.622 E621.47861
G1 X114.821 Y113.968 E621.48969
G1 X114.316 Y114.414 E621.50145
G1 X113.854 Y114.987 E621.5143
G1 X113.534 Y115.529 E621.52529
G1 X113.276 Y116.148 E621.537
G1 X113.123 Y116.808 E621.54884
G1 X113.07 Y117.443 E621.55996
G1 X113.074 Y117.5 E621.56096
G1 F1500 E620.56096
G0 F9000 X98.931 Y117.5
G1 F1500 E621.56096
G1 F1800 X98.966 Y116.369 E621.58072
G1 X99.061 Y115.297 E621.59951
G1 X99.227 Y114.186 E621.61913
G1 X99.457 Y113.119 E621.63818
G1 X99.765 Y112.006 E621.65835
G1 X100.109 Y110.986 E621.67715
G1 X100.528 Y109.962 E621.69647
G1 X101.031 Y108.925 E621.71659
G1 X101.549 Y107.988 E621.73529
G1 X102.162 Y107.031 E621.75513
G1 X102.863 Y106.077 E621.7758
G1 X103.507 Y105.287 E621.7936
G1 X104.286 Y104.452 E621.81354
G1 X105.061 Y103.713 E621.83224
G1 X105.94 Y102.969 E621.85235
G1 X106.814 Y102.312 E621.87144
G1 X107.739 Y101.699 E621.89082
G1 X108.684 Y101.154 E621.90987
G1 X109.713 Y100.639 E621.92996
G1 X110.737 Y100.204 E621.94939
G1 X111.781 Y99.824 E621.96879
G1 X112.813 Y99.528 E621.98753
G1 X113.909 Y99.279 E622.00716
G1 X115.029 Y99.093 E622.02698
G1 X116.096 Y98.982 E622.04572
G1 X117.232 Y98.927 E622.06558
G1 X118.313 Y98.946 E622.08445
G1 X119.441 Y99.033 E622.10421
G1 X120.561 Y99.184 E622.12394
G1 X121.617 Y99.389 E622.14273
G1 X122.721 Y99.678 E622.16265
G1 X123.749 Y100.01 E622.18152
G1 X124.817 Y100.43 E622.20156
G1 X125.83 Y100.896 E622.22103
G1 X126.766 Y101.402 E622.23961
G1 X127.724 Y101.992 E622.25925
G1 X128.653 Y102.644 E622.27907
G1 X129.523 Y103.344 E622.29857
G1 X130.33 Y104.072 E622.31755
G1 X131.118 Y104.868 E622.33711
G1 X131.845 Y105.702 E622.35643
G1 X132.525 Y106.584 E622.37587
G1 X133.138 Y107.486 E622.39492
G1 X133.72 Y108.455 E622.41465
G1 X134.234 Y109.448 E622.43418
G1 X134.681 Y110.452 E622.45337
G1 X135.065 Y111.477 E622.47248
G1 X135.409 Y112.581 E622.49267
G1 X135.662 Y113.616 E622.51128
G1 X135.86 Y114.712 E622.53073
G1 X135.994 Y115.816 E622.55014
G1 X136.066 Y116.967 E622.57028
G1 X136.066 Y118.033 E622.5889
G1 X135.998 Y119.136 E622.60819
G1 X135.86 Y120.28 E622.62831
G1 X135.67 Y121.34 E622.64712
G1 X135.405 Y122.416 E622.66647
G1 X135.143 Y123.283 E622.68228
G1 X135.153 Y123.296 E622.68257
G1 X134.681 Y124.54 E622.7058
G1 X134.234 Y125.545 E622.72501
G1 X133.72 Y126.541 E622.74458
G1 X133.15 Y127.49 E622.76391
G1 X132.529 Y128.404 E622.78321
G1 X131.841 Y129.298 E622.8029
G1 X131.114 Y130.132 E622.82222
G1 X130.334 Y130.92 E622.84158
G1 X129.524 Y131.651 E622.86064
G1 X128.649 Y132.347 E622.88016
G1 X127.72 Y133.004 E622.90003
G1 X126.775 Y133.586 E622.91941
G1 X125.83 Y134.096 E622.93816
G1 X124.817 Y134.562 E622.95763
G1 X123.749 Y134.986 E622.97769
G1 X122.725 Y135.314 E622.99647
G1 X121.613 Y135.607 E623.01655
G1 X120.561 Y135.812 E623.03526
G1 X119.441 Y135.963 E623.055
G1 X118.314 Y136.05 E623.07474
G1 X117.236 Y136.065 E623.09356
G1 X116.092 Y136.01 E623.11356
G1 X115.032 Y135.903 E623.13216
G1 X113.913 Y135.717 E623.15197
G1 X112.813 Y135.464 E623.17168
G1 X111.781 Y135.164 E623.19045
G1 X110.733 Y134.792 E623.20986
G1 X109.697 Y134.349 E623.22954
G1 X108.692 Y133.843 E623.24919
G1 X107.755 Y133.305 E623.26805
G1 X106.798 Y132.672 E623.28809
G1 X105.923 Y132.015 E623.3072
G1 X105.069 Y131.295 E623.3267
G1 X104.27 Y130.528 E623.34604
G1 X103.515 Y129.713 E623.36544
G1 X102.811 Y128.855 E623.38482
G1 X102.154 Y127.949 E623.40436
G1 X101.549 Y127.004 E623.42395
G1 X101.031 Y126.067 E623.44265
G1 X100.528 Y125.03 E623.46277
G1 X100.109 Y124.006 E623.48209
G1 X99.757 Y122.966 E623.50127
G1 X99.457 Y121.877 E623.52099
G1 X99.227 Y120.81 E623.54005
G1 X99.061 Y119.695 E623.55973
G1 X98.966 Y118.627 E623.57846
G1 X98.931 Y117.515 E623.59788
G1 X98.931 Y117.5 E623.59815
G1 F1500 E622.59815
G0 F9000 X103.843 Y105.234
G1 F1500 E623.59815
G1 F1800 X105.247 Y103.83 E623.63282
G1 X105.321 Y103.756
G0 F9000 X107.682 Y101.989
G1 F1800 X102.006 Y107.665 E623.77298
G1 X101.932 Y107.739
G0 F9000 X101.194 Y109.071
G1 F1800 X109.069 Y101.196 E623.96745
G1 X109.143 Y101.122
G0 F9000 X110.198 Y100.661
G1 F1800 X100.657 Y110.203 E624.20307
G1 X100.583 Y110.277
G0 F9000 X100.262 Y111.191
G1 F1800 X111.192 Y100.261 E624.47298
G1 X111.266 Y100.187
G0 F9000 X112.095 Y99.952
G1 F1800 X99.962 Y112.085 E624.7726
G1 X99.888 Y112.159
G0 F9000 X99.735 Y112.907
G1 F1800 X112.924 Y99.718 E625.09829
G0 F9000 X113.692 Y99.543
G1 F1800 X99.551 Y113.684 E625.4475
G0 F9000 X99.404 Y114.425
G1 F1800 X114.423 Y99.406 E625.81838
G0 F9000 X115.13 Y99.293
G1 F1800 X99.3 Y115.123 E626.20929
G0 F9000 X99.229 Y115.788
G1 F1800 X115.793 Y99.224 E626.61833
G0 F9000 X116.436 Y99.175
G1 F1800 X99.175 Y116.436 E627.04458
G0 F9000 X99.156 Y117.049
G1 F1800 X117.059 Y99.146 E627.48668
G0 F9000 X117.655 Y99.144
G1 F1800 X99.146 Y117.653 E627.94375
G0 F9000 X99.164 Y118.229
G1 F1800 X118.238 Y99.155 E628.41477
G0 F9000 X118.793 Y99.194
G1 F1800 X99.192 Y118.795 E628.89881
G0 F9000 X99.241 Y119.34
G1 F1800 X119.345 Y99.236 E629.39526
G0 F9000 X119.872 Y99.303
G1 F1800 X99.301 Y119.874 E629.90325
G0 F9000 X99.378 Y120.391
G1 F1800 X120.396 Y99.373 E630.42228
G0 F9000 X120.899 Y99.464
G1 F1800 X99.462 Y120.9 E630.95164
G0 F9000 X99.567 Y121.39
G1 F1800 X121.396 Y99.561 E631.49069
G0 F9000 X121.877 Y99.674
G1 F1800 X99.675 Y121.876 E632.03896
G0 F9000 X99.803 Y122.341
G1 F1800 X122.348 Y99.797 E632.59568
G0 F9000 X122.811 Y99.928
G1 F1800 X99.932 Y122.807 E633.16067
G0 F9000 X100.078 Y123.255
G1 F1800 X123.26 Y100.073 E633.73313
G0 F9000 X123.708 Y100.219
G1 F1800 X100.227 Y123.699 E634.31297
G0 F9000 X100.388 Y124.133
G1 F1800 X124.134 Y100.387 E634.89936
G0 F9000 X124.56 Y100.554
G1 F1800 X100.561 Y124.553 E635.492
G0 F9000 X100.735 Y124.973
G1 F1800 X124.975 Y100.733 E636.09059
G0 F9000 X125.382 Y100.92
G1 F1800 X100.929 Y125.374 E636.69446
G0 F9000 X101.123 Y125.774
G1 F1800 X125.787 Y101.11 E637.30352
G0 F9000 X126.172 Y101.319
G1 F1800 X101.326 Y126.165 E637.91708
G0 F9000 X101.538 Y126.547
G1 F1800 X126.557 Y101.528 E638.53491
G0 F9000 X126.928 Y101.75
G1 F1800 X115.22 Y113.458 E638.82403
G1 X115.146 Y113.532
G0 F9000 X116.219 Y113.054
G1 F1800 X127.296 Y101.976 E639.09758
G0 F9000 X127.662 Y102.204
G1 F1800 X116.967 Y112.899 E639.36169
G0 F9000 X117.589 Y112.871
G1 F1800 X128.011 Y102.449 E639.61905
G0 F9000 X128.36 Y102.695
G1 F1800 X118.146 Y112.909 E639.87128
G0 F9000 X118.645 Y113.003
G1 F1800 X128.698 Y102.95 E640.11953
G0 F9000 X129.028 Y103.214
G1 F1800 X119.092 Y113.151 E640.36491
G0 F9000 X119.513 Y113.323
G1 F1800 X129.357 Y103.479 E640.608
G0 F9000 X129.671 Y103.759
G1 F1800 X119.894 Y113.536 E640.84944
G0 F9000 X120.253 Y113.771
G1 F1800 X129.983 Y104.041 E641.08971
G0 F9000 X130.289 Y104.329
G1 F1800 X120.589 Y114.029 E641.32925
G0 F9000 X120.88 Y114.332
G1 F1800 X130.584 Y104.628 E641.56888
G0 F9000 X130.88 Y104.926
G1 F1800 X121.156 Y114.65 E641.80901
G0 F9000 X121.4 Y115
G1 F1800 X131.162 Y105.238 E642.05008
G0 F9000 X131.438 Y105.555
G1 F1800 X121.614 Y115.38 E642.29269
G0 F9000 X121.811 Y115.777
G1 F1800 X131.713 Y105.875 E642.53721
G0 F9000 X131.972 Y106.21
G1 F1800 X121.954 Y116.228 E642.7846
G0 F9000 X122.063 Y116.713
G1 F1800 X132.23 Y106.545 E643.03568
G0 F9000 X132.479 Y106.891
G1 F1800 X122.131 Y117.238 E643.29121
G0 F9000 X122.131 Y117.833
G1 F1800 X132.72 Y107.244 E643.55269
G0 F9000 X132.96 Y107.598
G1 F1800 X122.025 Y118.533 E643.82273
G1 X121.951 Y118.607
G0 F9000 X121.702 Y119.45
G1 F1800 X133.183 Y107.969 E644.10624
G0 F9000 X133.406 Y108.339
G1 F1800 X108.344 Y133.402 E644.72515
G0 F9000 X108.721 Y133.618
G1 F1800 X133.621 Y108.719 E645.34003
G0 F9000 X133.823 Y109.111
G1 F1800 X109.113 Y133.821 E645.95022
G0 F9000 X109.508 Y134.019
G1 F1800 X134.025 Y109.503 E646.55564
G0 F9000 X134.21 Y109.911
G1 F1800 X109.91 Y134.212 E647.15573
G0 F9000 X110.326 Y134.39
G1 F1800 X134.393 Y110.322 E647.75006
G0 F9000 X134.566 Y110.744
G1 F1800 X110.741 Y134.568 E648.33839
G0 F9000 X111.176 Y134.727
G1 F1800 X134.727 Y111.176 E648.91997
G0 F9000 X134.886 Y111.611
G1 F1800 X111.615 Y134.883 E649.49465
G0 F9000 X112.064 Y135.028
G1 F1800 X135.027 Y112.064 E650.06172
G0 F9000 X135.168 Y112.517
G1 F1800 X112.523 Y135.162 E650.62092
G0 F9000 X112.989 Y135.29
G1 F1800 X135.292 Y112.987 E651.17168
G0 F9000 X135.409 Y113.464
G1 F1800 X113.472 Y135.401 E651.7134
G0 F9000 X113.956 Y135.511
G1 F1800 X135.51 Y113.957 E652.24566
G0 F9000 X135.6 Y114.461
G1 F1800 X114.465 Y135.596 E652.76758
G0 F9000 X114.974 Y135.681
G1 F1800 X135.68 Y114.976 E653.27889
G0 F9000 X135.744 Y115.505
G1 F1800 X115.509 Y135.74 E653.77858
G0 F9000 X116.049 Y135.794
G1 F1800 X135.798 Y116.045 E654.26627
G0 F9000 X135.832 Y116.605
G1 F1800 X116.613 Y135.824 E654.74087
G0 F9000 X117.18 Y135.851
G1 F1800 X135.856 Y117.175 E655.20206
G0 F9000 X135.856 Y117.769
G1 F1800 X117.777 Y135.848 E655.64851
G0 F9000 X118.385 Y135.835
G1 F1800 X135.834 Y118.385 E656.07942
G0 F9000 X135.795 Y119.018
G1 F1800 X119.028 Y135.785 E656.49347
G0 F9000 X119.688 Y135.719
G1 F1800 X135.72 Y119.687 E656.88937
G0 F9000 X135.629 Y120.371
G1 F1800 X120.375 Y135.626 E657.26607
G0 F9000 X121.101 Y135.494
G1 F1800 X135.5 Y121.095 E657.62164
G0 F9000 X135.324 Y121.865
G1 F1800 X121.865 Y135.324 E657.95401
G0 F9000 X122.672 Y135.111
G1 F1800 X135.107 Y122.676 E658.26108
G1 X135.181 Y122.602
G0 F9000 X134.834 Y123.543
G1 F1800 X123.546 Y134.83 E658.53982
G1 X123.472 Y134.904
G0 F9000 X124.515 Y134.456
G1 F1800 X134.467 Y124.504 E658.78558
G1 X134.541 Y124.43
G0 F9000 X133.976 Y125.589
G1 F1800 X125.589 Y133.976 E658.99269
G1 X125.515 Y134.05
G0 F9000 X126.89 Y133.268
G1 F1800 X133.259 Y126.9 E659.14996
G1 X133.333 Y126.826
G0 F9000 X131.984 Y128.769
G1 F1800 X128.768 Y131.984 E659.22936
G1 X128.694 Y132.058
G1 F1500 E658.22936
G0 F9000 X119.435 Y121.717
G1 F1500 E659.22936
G1 F1800 X107.966 Y133.186 E659.51258
G0 F9000 X107.604 Y132.954
G1 F1800 X118.547 Y122.011 E659.78281
G0 F9000 X117.856 Y122.108
G1 F1800 X107.247 Y132.717 E660.04479
G0 F9000 X106.891 Y132.479
G1 F1800 X117.245 Y122.124 E660.30049
G0 F9000 X116.712 Y122.064
G1 F1800 X106.552 Y132.224 E660.55139
G0 F9000 X106.212 Y131.969
G1 F1800 X116.233 Y121.949 E660.79884
G0 F9000 X115.787 Y121.801
G1 F1800 X105.881 Y131.706 E661.04345
G0 F9000 X105.559 Y131.435
G1 F1800 X115.379 Y121.615 E661.28595
G0 F9000 X115.005 Y121.395
G1 F1800 X105.237 Y131.163 E661.52716
G0 F9000 X104.933 Y130.873
G1 F1800 X114.652 Y121.154 E661.76717
G0 F9000 X114.338 Y120.874
G1 F1800 X104.629 Y130.583 E662.00692
G0 F9000 X104.332 Y130.286
G1 F1800 X114.044 Y120.574 E662.24676
G0 F9000 X113.773 Y120.251
G1 F1800 X104.047 Y129.978 E662.48695
G0 F9000 X103.762 Y129.669
G1 F1800 X113.543 Y119.887 E662.72849
G0 F9000 X113.328 Y119.508
G1 F1800 X103.488 Y129.348 E662.97149
G0 F9000 X103.22 Y129.022
G1 F1800 X113.153 Y119.089 E663.21678
G0 F9000 X113.011 Y118.638
G1 F1800 X102.954 Y128.694 E663.46512
G0 F9000 X102.704 Y128.35
G1 F1800 X112.909 Y118.145 E663.71712
G0 F9000 X112.869 Y117.591
G1 F1800 X102.455 Y128.005 E663.97429
G0 F9000 X102.214 Y127.652
G1 F1800 X112.898 Y116.968 E664.23812
G0 F9000 X113.042 Y116.23
G1 F1800 X101.982 Y127.29 E664.51124
G0 F9000 X101.751 Y126.928
G1 F1800 X113.496 Y115.182 E664.80129
G1 X113.57 Y115.108
G1 F1500 E663.80129
;MESH:NONMESH
G0 F600 X113.57 Y115.108 Z1.32
G0 F9000 X98.555 Y117.5
;TIME_ELAPSED:1446.254065
;LAYER:12
;TYPE:WALL-INNER
;MESH:ranella v1.stl
G1 F1500 E664.80129
G1 F1800 X98.555 Y117.507 E664.80141
G1 X98.589 Y118.641 E664.82122
G1 X98.688 Y119.751 E664.84068
G1 X98.858 Y120.891 E664.86081
G1 X99.092 Y121.981 E664.88028
G1 X99.4 Y123.09 E664.90037
G1 X99.761 Y124.148 E664.91989
G1 X100.188 Y125.197 E664.93967
G1 X100.689 Y126.236 E664.95981
G1 X101.23 Y127.208 E664.97924
G1 X101.848 Y128.172 E664.99923
G1 X102.512 Y129.09 E665.01902
G1 X103.232 Y129.965 E665.0388
G1 X104.005 Y130.799 E665.05866
G1 X104.815 Y131.575 E665.07825
G1 X105.695 Y132.318 E665.09836
G1 X106.589 Y132.989 E665.11787
G1 X107.549 Y133.622 E665.13795
G1 X108.515 Y134.179 E665.15743
G1 X109.543 Y134.695 E665.17751
G1 X110.588 Y135.142 E665.19736
G1 X111.656 Y135.524 E665.21716
G1 X112.728 Y135.834 E665.23665
G1 X113.84 Y136.089 E665.25657
G1 X114.973 Y136.278 E665.27663
G1 X116.075 Y136.392 E665.29597
G1 X117.226 Y136.445 E665.31609
G1 X118.344 Y136.43 E665.33562
G1 X119.482 Y136.343 E665.35554
G1 X120.616 Y136.191 E665.37552
G1 X121.709 Y135.976 E665.39497
G1 X122.825 Y135.683 E665.41512
G1 X123.889 Y135.339 E665.43465
G1 X124.958 Y134.918 E665.45471
G1 X125.99 Y134.44 E665.47457
G1 X126.971 Y133.913 E665.49401
G1 X127.937 Y133.319 E665.51382
G1 X128.876 Y132.656 E665.53389
G1 X129.763 Y131.947 E665.55372
G1 X130.59 Y131.2 E665.57318
G1 X131.402 Y130.381 E665.59331
G1 X132.139 Y129.533 E665.61293
G1 X132.833 Y128.634 E665.63276
G1 X133.467 Y127.705 E665.6524
G1 X134.058 Y126.72 E665.67246
G1 X134.573 Y125.721 E665.69209
G1 X135.032 Y124.693 E665.71175
G1 X135.437 Y123.612 E665.7319
G1 X135.771 Y122.528 E665.75171
G1 X136.04 Y121.43 E665.77145
G1 X136.237 Y120.331 E665.79095
G1 X136.377 Y119.184 E665.81112
G1 X136.446 Y118.056 E665.83086
G1 X136.446 Y116.945 E665.85026
G1 X136.374 Y115.793 E665.87041
G1 X136.237 Y114.665 E665.89025
G1 X136.036 Y113.551 E665.91002
G1 X135.771 Y112.469 E665.92947
G1 X135.429 Y111.364 E665.94967
G1 X135.036 Y110.311 E665.96929
G1 X134.573 Y109.276 E665.98909
G1 X134.058 Y108.279 E666.00869
G1 X133.466 Y107.29 E666.02881
G1 X132.829 Y106.353 E666.0486
G1 X132.148 Y105.472 E666.06804
G1 X131.402 Y104.62 E666.08782
G1 X130.589 Y103.795 E666.10804
G1 X129.763 Y103.049 E666.12748
G1 X128.877 Y102.341 E666.14728
G1 X127.934 Y101.678 E666.16741
G1 X126.967 Y101.082 E666.18724
G1 X125.989 Y100.556 E666.20663
G1 X124.959 Y100.079 E666.22645
G1 X123.886 Y99.658 E666.24658
G1 X122.821 Y99.313 E666.26613
G1 X121.714 Y99.025 E666.2861
G1 X120.616 Y98.809 E666.30564
G1 X119.482 Y98.657 E666.32562
G1 X118.342 Y98.57 E666.34559
G1 X117.224 Y98.551 E666.36511
G1 X116.076 Y98.604 E666.38518
G1 X114.969 Y98.721 E666.40462
G1 X113.839 Y98.907 E666.42461
G1 X112.728 Y99.162 E666.44452
G1 X111.657 Y99.471 E666.46398
G1 X110.589 Y99.858 E666.48382
G1 X109.545 Y100.302 E666.50363
G1 X108.514 Y100.818 E666.52376
G1 X107.55 Y101.374 E666.54319
G1 X106.589 Y102.011 E666.56332
G1 X105.695 Y102.678 E666.5828
G1 X104.816 Y103.425 E666.60294
G1 X104.012 Y104.194 E666.62237
G1 X103.232 Y105.032 E666.64236
G1 X102.516 Y105.906 E666.66209
G1 X101.848 Y106.825 E666.68193
G1 X101.23 Y107.788 E666.70191
G1 X100.689 Y108.76 E666.72133
G1 X100.188 Y109.799 E666.74147
G1 X99.761 Y110.848 E666.76125
G1 X99.4 Y111.906 E666.78077
G1 X99.093 Y113.019 E666.80093
G1 X98.858 Y114.109 E666.8204
G1 X98.688 Y115.245 E666.84046
G1 X98.589 Y116.355 E666.85992
G1 X98.555 Y117.5 E666.87992
G0 F9000 X98.135 Y117.5
G1 F1800 X98.135 Y117.507 E666.88004
G1 X98.17 Y118.666 E666.90029
G1 X98.27 Y119.801 E666.92018
G1 X98.445 Y120.967 E666.94077
G1 X98.684 Y122.081 E666.96067
G1 X98.999 Y123.214 E666.9812
G1 X99.367 Y124.295 E667.00114
G1 X99.804 Y125.368 E667.02137
G1 X100.316 Y126.429 E667.04194
G1 X100.869 Y127.424 E667.06182
G1 X101.501 Y128.409 E667.08226
G1 X102.179 Y129.346 E667.10245
G1 X102.915 Y130.241 E667.12269
G1 X103.706 Y131.093 E667.14299
G1 X104.534 Y131.887 E667.16302
G1 X105.433 Y132.646 E667.18356
G1 X106.347 Y133.332 E667.20352
G1 X107.328 Y133.979 E667.22404
G1 X108.315 Y134.549 E667.24394
G1 X109.366 Y135.076 E667.26447
G1 X110.435 Y135.533 E667.28477
G1 X111.527 Y135.924 E667.30502
G1 X112.623 Y136.241 E667.32495
G1 X113.759 Y136.501 E667.3453
G1 X114.917 Y136.695 E667.3658
G1 X116.043 Y136.811 E667.38556
G1 X117.219 Y136.865 E667.40612
G1 X118.363 Y136.85 E667.4261
G1 X119.526 Y136.761 E667.44646
G1 X120.685 Y136.606 E667.46688
G1 X121.803 Y136.385 E667.48678
G1 X122.943 Y136.087 E667.50736
G1 X124.031 Y135.734 E667.52733
G1 X125.123 Y135.304 E667.54782
G1 X126.178 Y134.816 E667.56812
G1 X127.181 Y134.277 E667.588
G1 X128.168 Y133.669 E667.60825
G1 X129.129 Y132.992 E667.62877
G1 X130.035 Y132.267 E667.64903
G1 X130.88 Y131.504 E667.66891
G1 X131.71 Y130.667 E667.6895
G1 X132.464 Y129.8 E667.70956
G1 X133.173 Y128.881 E667.72983
G1 X133.821 Y127.932 E667.74989
G1 X134.425 Y126.925 E667.7704
G1 X134.951 Y125.903 E667.79047
G1 X135.42 Y124.852 E667.81057
G1 X135.835 Y123.748 E667.83116
G1 X136.176 Y122.64 E667.8514
G1 X136.451 Y121.517 E667.87159
G1 X136.652 Y120.394 E667.89151
G1 X136.796 Y119.222 E667.91213
G1 X136.866 Y118.069 E667.9323
G1 X136.866 Y116.932 E667.95216
G1 X136.792 Y115.754 E667.97277
G1 X136.652 Y114.602 E667.99303
G1 X136.447 Y113.463 E668.01324
G1 X136.176 Y112.357 E668.03312
G1 X135.827 Y111.228 E668.05376
G1 X135.424 Y110.152 E668.07382
G1 X134.952 Y109.094 E668.09405
G1 X134.425 Y108.075 E668.11408
G1 X133.82 Y107.064 E668.13465
G1 X133.169 Y106.107 E668.15486
G1 X132.473 Y105.205 E668.17476
G1 X131.71 Y104.334 E668.19498
G1 X130.88 Y103.492 E668.21562
G1 X130.035 Y102.729 E668.2355
G1 X129.129 Y102.005 E668.25575
G1 X128.165 Y101.327 E668.27633
G1 X127.177 Y100.718 E668.2966
G1 X126.177 Y100.18 E668.31643
G1 X125.124 Y99.692 E668.33669
G1 X124.027 Y99.262 E668.35727
G1 X122.939 Y98.91 E668.37724
G1 X121.807 Y98.615 E668.39766
G1 X120.685 Y98.394 E668.41763
G1 X119.526 Y98.239 E668.43805
G1 X118.362 Y98.15 E668.45843
G1 X117.218 Y98.131 E668.47841
G1 X116.044 Y98.185 E668.49893
G1 X114.913 Y98.305 E668.51879
G1 X113.758 Y98.495 E668.53923
G1 X112.623 Y98.755 E668.55957
G1 X111.527 Y99.072 E668.57949
G1 X110.435 Y99.467 E668.59976
G1 X109.369 Y99.921 E668.62
G1 X108.315 Y100.448 E668.64057
G1 X107.328 Y101.016 E668.66046
G1 X106.347 Y101.668 E668.68103
G1 X105.433 Y102.35 E668.70094
G1 X104.535 Y103.113 E668.72152
G1 X103.713 Y103.899 E668.74137
G1 X102.915 Y104.755 E668.76181
G1 X102.183 Y105.649 E668.78199
G1 X101.501 Y106.588 E668.80225
G1 X100.869 Y107.572 E668.82267
G1 X100.316 Y108.567 E668.84255
G1 X99.804 Y109.628 E668.86312
G1 X99.367 Y110.701 E668.88335
G1 X98.999 Y111.782 E668.90329
G1 X98.685 Y112.919 E668.92389
G1 X98.444 Y114.034 E668.94381
G1 X98.27 Y115.195 E668.96431
G1 X98.17 Y116.33 E668.9842
G1 X98.135 Y117.5 E669.00464
G1 F1500 E668.00464
G0 F9000 X98.425 Y117.5
G0 X113.453 Y117.5
G1 F1500 E669.00464
G1 F1800 X113.45 Y117.468 E669.0052
G1 X113.497 Y116.884 E669.01543
G1 X113.645 Y116.257 E669.02668
G1 X113.873 Y115.698 E669.03722
G1 X114.202 Y115.154 E669.04832
G1 X114.617 Y114.657 E669.05963
G1 X115.026 Y114.296 E669.06916
G1 X115.555 Y113.943 E669.08026
G1 X116.141 Y113.68 E669.09148
G1 X116.757 Y113.519 E669.10259
G1 X117.277 Y113.455 E669.11174
G1 X117.933 Y113.472 E669.1232
G1 X118.598 Y113.597 E669.13502
G1 X119.174 Y113.806 E669.14572
G1 X119.683 Y114.085 E669.15585
G1 X120.172 Y114.452 E669.16653
G1 X120.633 Y114.926 E669.17807
G1 X120.982 Y115.429 E669.18876
G1 X121.272 Y116.011 E669.20012
G1 X121.451 Y116.575 E669.21045
G1 X121.545 Y117.202 E669.22152
G1 X121.545 Y117.796 E669.23189
G1 X121.445 Y118.434 E669.24317
G1 X121.248 Y119.045 E669.25438
G1 X120.981 Y119.577 E669.26477
G1 X120.613 Y120.098 E669.27591
G1 X120.205 Y120.52 E669.28616
G1 X119.683 Y120.911 E669.29755
G1 X119.14 Y121.204 E669.30832
G1 X118.598 Y121.398 E669.31838
G1 X117.958 Y121.521 E669.32976
G1 X117.353 Y121.55 E669.34033
G1 X116.724 Y121.475 E669.35139
G1 X116.129 Y121.315 E669.36215
G1 X115.571 Y121.058 E669.37288
G1 X115.048 Y120.725 E669.38371
G1 X114.574 Y120.295 E669.39488
G1 X114.193 Y119.833 E669.40534
G1 X113.869 Y119.291 E669.41636
G1 X113.636 Y118.709 E669.42731
G1 X113.504 Y118.158 E669.4372
G1 X113.453 Y117.5 E669.44873
G0 F9000 X113.871 Y117.5
G1 F1800 X113.87 Y117.481 E669.44906
G1 X113.912 Y116.946 E669.45843
G1 X114.037 Y116.41 E669.46804
G1 X114.236 Y115.92 E669.47728
G1 X114.521 Y115.431 E669.48716
G1 X114.908 Y114.96 E669.4978
G1 X115.291 Y114.622 E669.50672
G1 X115.766 Y114.307 E669.51668
G1 X116.312 Y114.07 E669.52707
G1 X116.787 Y113.941 E669.53566
G1 X117.332 Y113.872 E669.54526
G1 X117.901 Y113.891 E669.5552
G1 X118.427 Y113.987 E669.56454
G1 X118.977 Y114.179 E669.57471
G1 X119.463 Y114.443 E669.58436
G1 X119.904 Y114.775 E669.594
G1 X120.308 Y115.192 E669.60414
G1 X120.607 Y115.621 E669.61327
G1 X120.864 Y116.122 E669.62311
G1 X121.03 Y116.637 E669.63255
G1 X121.124 Y117.209 E669.64268
G1 X121.124 Y117.79 E669.65282
G1 X121.042 Y118.311 E669.66203
G1 X120.864 Y118.873 E669.67232
G1 X120.634 Y119.334 E669.68132
G1 X120.296 Y119.822 E669.69169
G1 X119.894 Y120.233 E669.70172
G1 X119.481 Y120.541 E669.71072
G1 X119.024 Y120.795 E669.71985
G1 X118.477 Y120.996 E669.73003
G1 X117.936 Y121.101 E669.73965
G1 X117.358 Y121.126 E669.74975
G1 X116.787 Y121.059 E669.75979
G1 X116.299 Y120.926 E669.76862
G1 X115.769 Y120.688 E669.77877
G1 X115.331 Y120.408 E669.78784
G1 X114.923 Y120.05 E669.79732
G1 X114.541 Y119.594 E669.80771
G1 X114.259 Y119.123 E669.8173
G1 X114.043 Y118.604 E669.82711
G1 X113.912 Y118.054 E669.83698
G1 X113.871 Y117.5 E669.84668
G0 F9000 X114.291 Y117.5
;TYPE:WALL-OUTER
G1 F1800 X114.29 Y117.483 E669.84698
G1 X114.331 Y116.992 E669.85559
G1 X114.445 Y116.516 E669.86413
G1 X114.626 Y116.076 E669.87244
G1 X114.877 Y115.654 E669.88101
G1 X115.204 Y115.258 E669.88998
G1 X115.573 Y114.936 E669.89853
G1 X115.982 Y114.672 E669.90703
G1 X116.432 Y114.473 E669.91562
G1 X116.893 Y114.348 E669.92397
G1 X117.369 Y114.29 E669.93234
G1 X117.88 Y114.311 E669.94127
G1 X118.357 Y114.402 E669.94975
G1 X118.821 Y114.569 E669.95836
G1 X119.26 Y114.812 E669.96712
G1 X119.635 Y115.098 E669.97536
G1 X119.987 Y115.463 E669.98421
G1 X120.268 Y115.873 E669.99289
G1 X120.483 Y116.299 E670.00122
G1 X120.632 Y116.779 E670.01
G1 X120.706 Y117.254 E670.01839
G1 X120.704 Y117.766 E670.02733
G1 X120.629 Y118.234 E670.03561
G1 X120.483 Y118.697 E670.04409
G1 X120.261 Y119.141 E670.05275
G1 X119.979 Y119.546 E670.06137
G1 X119.632 Y119.905 E670.07009
G1 X119.243 Y120.195 E670.07856
G1 X118.809 Y120.432 E670.0872
G1 X118.35 Y120.596 E670.09571
G1 X117.88 Y120.685 E670.10406
G1 X117.369 Y120.706 E670.11299
G1 X116.887 Y120.651 E670.12146
G1 X116.405 Y120.518 E670.13019
G1 X115.968 Y120.318 E670.13859
G1 X115.547 Y120.045 E670.14735
G1 X115.181 Y119.714 E670.15596
G1 X114.871 Y119.332 E670.16455
G1 X114.626 Y118.92 E670.17292
G1 X114.435 Y118.449 E670.1818
G1 X114.328 Y117.992 E670.19
G1 X114.291 Y117.5 E670.19861
G0 F9000 X114.29 Y117.483
G0 X114.305 Y117.301
G1 F1500 E669.19861
G0 F9000 X113.602 Y117.246
G0 X98.425 Y117.5
G0 X97.715 Y117.5
G1 F1500 E670.19861
G1 F1800 X97.715 Y117.507 E670.19873
G1 X97.75 Y118.691 E670.21942
G1 X97.853 Y119.851 E670.23975
G1 X98.031 Y121.042 E670.26078
G1 X98.276 Y122.181 E670.28112
G1 X98.597 Y123.338 E670.30209
G1 X98.973 Y124.442 E670.32245
G1 X99.42 Y125.538 E670.34312
G1 X99.943 Y126.623 E670.36415
G1 X100.509 Y127.64 E670.38448
G1 X101.154 Y128.645 E670.40533
G1 X101.847 Y129.603 E670.42598
G1 X102.599 Y130.517 E670.44664
G1 X103.406 Y131.388 E670.46738
G1 X104.253 Y132.199 E670.48785
G1 X105.171 Y132.975 E670.50884
G1 X106.105 Y133.676 E670.52923
G1 X107.107 Y134.337 E670.5502
G1 X108.116 Y134.919 E670.57053
G1 X109.189 Y135.457 E670.59149
G1 X110.281 Y135.924 E670.61223
G1 X111.397 Y136.324 E670.63293
G1 X112.517 Y136.648 E670.65329
G1 X113.677 Y136.913 E670.67407
G1 X114.861 Y137.111 E670.69503
G1 X116.012 Y137.23 E670.71524
G1 X117.212 Y137.285 E670.73621
G1 X118.382 Y137.27 E670.75664
G1 X119.57 Y137.179 E670.77745
G1 X120.753 Y137.02 E670.79829
G1 X121.897 Y136.795 E670.81865
G1 X123.061 Y136.49 E670.83966
G1 X124.173 Y136.13 E670.86007
G1 X125.289 Y135.69 E670.88102
G1 X126.366 Y135.192 E670.90174
G1 X127.391 Y134.641 E670.92206
G1 X128.4 Y134.02 E670.94275
G1 X129.381 Y133.328 E670.96371
G1 X130.307 Y132.587 E670.98442
G1 X131.17 Y131.808 E671.00472
G1 X132.018 Y130.953 E671.02575
G1 X132.789 Y130.066 E671.04627
G1 X133.513 Y129.128 E671.06696
G1 X134.175 Y128.158 E671.08747
G1 X134.792 Y127.129 E671.10842
G1 X135.33 Y126.085 E671.12892
G1 X135.809 Y125.012 E671.14944
G1 X136.233 Y123.884 E671.17048
G1 X136.581 Y122.752 E671.19116
G1 X136.862 Y121.604 E671.2118
G1 X137.068 Y120.456 E671.23217
G1 X137.214 Y119.26 E671.25321
G1 X137.286 Y118.081 E671.27383
G1 X137.286 Y116.919 E671.29412
G1 X137.21 Y115.716 E671.31517
G1 X137.068 Y114.54 E671.33585
G1 X136.858 Y113.376 E671.35651
G1 X136.581 Y112.245 E671.37684
G1 X136.225 Y111.092 E671.39791
G1 X135.813 Y109.992 E671.41842
G1 X135.33 Y108.912 E671.43908
G1 X134.792 Y107.871 E671.45954
G1 X134.174 Y106.838 E671.48056
G1 X133.509 Y105.86 E671.50121
G1 X132.797 Y104.938 E671.52155
G1 X132.018 Y104.048 E671.54221
G1 X131.17 Y103.188 E671.5633
G1 X130.307 Y102.409 E671.5836
G1 X129.381 Y101.669 E671.6043
G1 X128.396 Y100.976 E671.62533
G1 X127.387 Y100.354 E671.64602
G1 X126.365 Y99.804 E671.66629
G1 X125.289 Y99.306 E671.68699
G1 X124.169 Y98.866 E671.708
G1 X123.057 Y98.506 E671.72841
G1 X121.901 Y98.205 E671.74927
G1 X120.753 Y97.98 E671.7697
G1 X119.57 Y97.821 E671.79054
G1 X118.382 Y97.73 E671.81135
G1 X117.212 Y97.711 E671.83178
G1 X116.012 Y97.766 E671.85276
G1 X114.857 Y97.889 E671.87304
G1 X113.677 Y98.083 E671.89392
G1 X112.517 Y98.348 E671.9147
G1 X111.397 Y98.672 E671.93506
G1 X110.281 Y99.076 E671.95578
G1 X109.193 Y99.539 E671.97643
G1 X108.116 Y100.078 E671.99746
G1 X107.107 Y100.659 E672.01779
G1 X106.105 Y101.324 E672.03879
G1 X105.171 Y102.021 E672.05914
G1 X104.253 Y102.801 E672.08017
G1 X103.414 Y103.604 E672.10045
G1 X102.599 Y104.479 E672.12133
G1 X101.851 Y105.393 E672.14195
G1 X101.154 Y106.351 E672.16264
G1 X100.509 Y107.356 E672.18349
G1 X99.943 Y108.373 E672.20382
G1 X99.42 Y109.458 E672.22485
G1 X98.973 Y110.554 E672.24552
G1 X98.597 Y111.658 E672.26588
G1 X98.277 Y112.819 E672.28691
G1 X98.031 Y113.958 E672.30726
G1 X97.853 Y115.145 E672.32822
G1 X97.75 Y116.305 E672.34855
G1 X97.715 Y117.5 E672.36943
G0 F9000 X97.715 Y117.507
G0 X97.72 Y117.699
G1 F1500 E671.36943
G0 F9000 X98.43 Y117.679
G0 X113.074 Y117.5
;TYPE:SKIN
G1 F1500 E672.36943
G1 F1800 X113.121 Y118.177 E672.38128
G1 X113.273 Y118.84 E672.39315
G1 X113.522 Y119.434 E672.4044
G1 X113.871 Y120.038 E672.41658
G1 X114.331 Y120.589 E672.42912
G1 X114.816 Y121.021 E672.44046
G1 X115.363 Y121.379 E672.45187
G1 X115.976 Y121.66 E672.46365
G1 X116.651 Y121.847 E672.47588
G1 X117.321 Y121.922 E672.48765
G1 X118.004 Y121.893 E672.49959
G1 X118.654 Y121.78 E672.51111
G1 X119.314 Y121.544 E672.52335
G1 X119.883 Y121.231 E672.53469
G1 X120.411 Y120.841 E672.54615
G1 X120.899 Y120.343 E672.55832
G1 X121.301 Y119.781 E672.57039
G1 X121.619 Y119.149 E672.58274
G1 X121.815 Y118.513 E672.59436
G1 X121.92 Y117.858 E672.60595
G1 X121.922 Y117.179 E672.6178
G1 X121.817 Y116.49 E672.62997
G1 X121.625 Y115.878 E672.64117
G1 X121.305 Y115.231 E672.65378
G1 X120.923 Y114.681 E672.66547
G1 X120.45 Y114.185 E672.67744
G1 X119.96 Y113.812 E672.68819
G1 X119.344 Y113.464 E672.70055
G1 X118.65 Y113.216 E672.71341
G1 X118.048 Y113.103 E672.72411
G1 X117.315 Y113.066 E672.73693
G1 X116.697 Y113.144 E672.7478
G1 X116.019 Y113.32 E672.76003
G1 X115.353 Y113.622 E672.7728
G1 X114.821 Y113.968 E672.78388
G1 X114.316 Y114.414 E672.79565
G1 X113.854 Y114.987 E672.8085
G1 X113.534 Y115.529 E672.81949
G1 X113.276 Y116.148 E672.8312
G1 X113.123 Y116.808 E672.84303
G1 X113.07 Y117.443 E672.85416
G1 X113.074 Y117.5 E672.85516
G1 F1500 E671.85516
G0 F9000 X98.931 Y117.5
G1 F1500 E672.85516
G1 F1800 X98.966 Y116.369 E672.87492
G1 X99.061 Y115.297 E672.89371
G1 X99.227 Y114.186 E672.91332
G1 X99.457 Y113.119 E672.93238
G1 X99.765 Y112.006 E672.95255
G1 X100.109 Y110.986 E672.97134
G1 X100.528 Y109.962 E672.99066
G1 X101.031 Y108.925 E673.01079
G1 X101.549 Y107.988 E673.02948
G1 X102.162 Y107.031 E673.04933
G1 X102.863 Y106.077 E673.07
G1 X103.507 Y105.287 E673.0878
G1 X104.286 Y104.452 E673.10774
G1 X105.061 Y103.713 E673.12644
G1 X105.94 Y102.969 E673.14655
G1 X106.814 Y102.312 E673.16564
G1 X107.739 Y101.699 E673.18502
G1 X108.684 Y101.154 E673.20406
G1 X109.713 Y100.639 E673.22416
G1 X110.737 Y100.204 E673.24358
G1 X111.781 Y99.824 E673.26298
G1 X112.813 Y99.528 E673.28173
G1 X113.909 Y99.279 E673.30136
G1 X115.029 Y99.093 E673.32118
G1 X116.096 Y98.982 E673.33991
G1 X117.232 Y98.927 E673.35977
G1 X118.313 Y98.946 E673.37865
G1 X119.441 Y99.033 E673.39841
G1 X120.561 Y99.184 E673.41814
G1 X121.617 Y99.389 E673.43692
G1 X122.721 Y99.678 E673.45685
G1 X123.749 Y100.01 E673.47571
G1 X124.817 Y100.43 E673.49575
G1 X125.83 Y100.896 E673.51522
G1 X126.766 Y101.402 E673.5338
G1 X127.724 Y101.992 E673.55345
G1 X128.653 Y102.644 E673.57327
G1 X129.523 Y103.344 E673.59277
G1 X130.33 Y104.072 E673.61174
G1 X131.118 Y104.868 E673.6313
G1 X131.845 Y105.702 E673.65062
G1 X132.525 Y106.584 E673.67007
G1 X133.138 Y107.486 E673.68911
G1 X133.72 Y108.455 E673.70885
G1 X134.234 Y109.448 E673.72837
G1 X134.681 Y110.452 E673.74756
G1 X135.065 Y111.477 E673.76668
G1 X135.409 Y112.581 E673.78687
G1 X135.662 Y113.616 E673.80547
G1 X135.86 Y114.712 E673.82492
G1 X135.994 Y115.816 E673.84434
G1 X136.066 Y116.967 E673.86448
G1 X136.066 Y118.033 E673.88309
G1 X135.998 Y119.136 E673.90239
G1 X135.86 Y120.28 E673.92251
G1 X135.67 Y121.34 E673.94131
G1 X135.405 Y122.416 E673.96066
G1 X135.143 Y123.283 E673.97648
G1 X135.153 Y123.296 E673.97677
G1 X134.681 Y124.54 E674
G1 X134.234 Y125.545 E674.01921
G1 X133.72 Y126.541 E674.03878
G1 X133.15 Y127.49 E674.05811
G1 X132.529 Y128.404 E674.0774
G1 X131.841 Y129.298 E674.0971
G1 X131.114 Y130.132 E674.11642
G1 X130.334 Y130.92 E674.13578
G1 X129.524 Y131.651 E674.15483
G1 X128.649 Y132.347 E674.17436
G1 X127.72 Y133.004 E674.19422
G1 X126.775 Y133.586 E674.2136
G1 X125.83 Y134.096 E674.23235
G1 X124.817 Y134.562 E674.25182
G1 X123.749 Y134.986 E674.27189
G1 X122.725 Y135.314 E674.29067
G1 X121.613 Y135.607 E674.31075
G1 X120.561 Y135.812 E674.32946
G1 X119.441 Y135.963 E674.34919
G1 X118.314 Y136.05 E674.36893
G1 X117.236 Y136.065 E674.38776
G1 X116.092 Y136.01 E674.40776
G1 X115.032 Y135.903 E674.42636
G1 X113.913 Y135.717 E674.44617
G1 X112.813 Y135.464 E674.46588
G1 X111.781 Y135.164 E674.48464
G1 X110.733 Y134.792 E674.50406
G1 X109.697 Y134.349 E674.52374
G1 X108.692 Y133.843 E674.54338
G1 X107.755 Y133.305 E674.56225
G1 X106.798 Y132.672 E674.58229
G1 X105.923 Y132.015 E674.60139
G1 X105.069 Y131.295 E674.6209
G1 X104.27 Y130.528 E674.64024
G1 X103.515 Y129.713 E674.65964
G1 X102.811 Y128.855 E674.67902
G1 X102.154 Y127.949 E674.69856
G1 X101.549 Y127.004 E674.71815
G1 X101.031 Y126.067 E674.73685
G1 X100.528 Y125.03 E674.75697
G1 X100.109 Y124.006 E674.77629
G1 X99.757 Y122.966 E674.79546
G1 X99.457 Y121.877 E674.81519
G1 X99.227 Y120.81 E674.83425
G1 X99.061 Y119.695 E674.85393
G1 X98.966 Y118.627 E674.87265
G1 X98.931 Y117.515 E674.89208
G1 X98.931 Y117.5 E674.89234
G1 F1500 E673.89234
G0 F9000 X102.428 Y127.969
G1 F1500 E674.89234
G1 F1800 X107.037 Y132.578 E675.00616
G1 X107.111 Y132.652
G0 F9000 X108.602 Y133.549
G1 F1800 X101.458 Y126.405 E675.18258
G1 X101.384 Y126.331
G0 F9000 X100.841 Y125.194
G1 F1800 X109.82 Y134.173 E675.40431
G1 X109.894 Y134.247
G0 F9000 X110.852 Y134.611
G1 F1800 X100.397 Y124.156 E675.66249
G1 X100.323 Y124.082
G0 F9000 X100.07 Y123.235
G1 F1800 X111.773 Y134.938 E675.95148
G1 X111.847 Y135.012
G0 F9000 X112.618 Y135.189
G1 F1800 X99.815 Y122.386 E676.26765
G0 F9000 X99.609 Y121.586
G1 F1800 X113.409 Y135.385 E676.60842
G0 F9000 X114.162 Y135.545
G1 F1800 X99.446 Y120.829 E676.97182
G0 F9000 X99.338 Y120.127
G1 F1800 X114.875 Y135.664 E677.3555
G0 F9000 X115.549 Y135.744
G1 F1800 X99.25 Y119.444 E677.758
G0 F9000 X99.192 Y118.793
G1 F1800 X116.203 Y135.804 E678.17808
G0 F9000 X116.827 Y135.835
G1 F1800 X99.162 Y118.169 E678.61432
G0 F9000 X99.142 Y117.555
G1 F1800 X117.439 Y135.852 E679.06615
G0 F9000 X118.025 Y135.844
G1 F1800 X99.158 Y116.977 E679.53206
G0 F9000 X99.176 Y116.401
G1 F1800 X118.592 Y135.818 E680.01154
G0 F9000 X119.144 Y135.775
G1 F1800 X99.223 Y115.854 E680.50348
G0 F9000 X99.271 Y115.309
G1 F1800 X119.681 Y135.719 E681.00749
G0 F9000 X120.205 Y135.649
G1 F1800 X99.349 Y114.792 E681.52253
G0 F9000 X99.426 Y114.275
G1 F1800 X120.719 Y135.568 E682.04834
G0 F9000 X121.215 Y135.47
G1 F1800 X99.528 Y113.783 E682.58389
G0 F9000 X99.633 Y113.295
G1 F1800 X121.704 Y135.366 E683.12892
G0 F9000 X122.175 Y135.242
G1 F1800 X99.757 Y112.824 E683.68252
G0 F9000 X99.885 Y112.359
G1 F1800 X122.644 Y135.117 E684.24453
G0 F9000 X123.095 Y134.975
G1 F1800 X100.022 Y111.902 E684.8143
G0 F9000 X100.172 Y111.457
G1 F1800 X123.545 Y134.83 E685.39148
G0 F9000 X123.977 Y134.668
G1 F1800 X100.324 Y111.015 E685.97558
G0 F9000 X100.496 Y110.594
G1 F1800 X124.402 Y134.499 E686.56591
G0 F9000 X124.823 Y134.327
G1 F1800 X100.669 Y110.172 E687.16239
G0 F9000 X100.856 Y109.766
G1 F1800 X125.23 Y134.14 E687.76429
G0 F9000 X125.637 Y133.953
G1 F1800 X101.051 Y109.366 E688.37144
G0 F9000 X101.247 Y108.969
G1 F1800 X126.028 Y133.75 E688.98339
G0 F9000 X126.414 Y133.541
G1 F1800 X101.459 Y108.586 E689.59964
G0 F9000 X101.67 Y108.204
G1 F1800 X114.07 Y120.603 E689.90584
G0 F9000 X114.372 Y120.905
G1 F1800 X126.793 Y133.327 E690.21258
G0 F9000 X127.161 Y133.101
G1 F1800 X115.925 Y121.865 E690.49005
G0 F9000 X116.72 Y122.066
G1 F1800 X127.529 Y132.875 E690.75697
G0 F9000 X127.881 Y132.633
G1 F1800 X117.378 Y122.129 E691.01635
G0 F9000 X117.948 Y122.105
G1 F1800 X128.229 Y132.387 E691.27024
G0 F9000 X128.575 Y132.138
G1 F1800 X118.462 Y122.026 E691.51996
G0 F9000 X118.933 Y121.902
G1 F1800 X128.905 Y131.875 E691.76623
G0 F9000 X129.236 Y131.612
G1 F1800 X119.37 Y121.745 E692.00988
G0 F9000 X119.757 Y121.539
G1 F1800 X129.556 Y131.338 E692.25186
G0 F9000 X129.869 Y131.057
G1 F1800 X120.126 Y121.314 E692.49245
G0 F9000 X120.467 Y121.061
G1 F1800 X130.18 Y130.774 E692.73231
G0 F9000 X130.477 Y130.477
G1 F1800 X120.772 Y120.772 E692.97197
G0 F9000 X121.064 Y120.47
G1 F1800 X130.773 Y130.179 E693.21173
G0 F9000 X131.062 Y129.874
G1 F1800 X121.312 Y120.124 E693.4525
G0 F9000 X121.544 Y119.762
G1 F1800 X131.339 Y129.557 E693.69438
G0 F9000 X131.615 Y129.239
G1 F1800 X121.743 Y119.367 E693.93816
G0 F9000 X121.903 Y118.933
G1 F1800 X131.878 Y128.908 E694.18449
G0 F9000 X132.136 Y128.572
G1 F1800 X122.034 Y118.47 E694.43395
G0 F9000 X122.116 Y117.958
G1 F1800 X132.392 Y128.234 E694.68771
G0 F9000 X132.632 Y127.88
G1 F1800 X122.131 Y117.379 E694.94703
G0 F9000 X122.062 Y116.716
G1 F1800 X132.872 Y127.526 E695.21397
G0 F9000 X133.102 Y127.163
G1 F1800 X121.856 Y115.916 E695.4917
G1 X121.782 Y115.842
G0 F9000 X121.089 Y114.556
G1 F1800 X133.325 Y126.791 E695.79385
G0 F9000 X133.547 Y126.419
G1 F1800 X108.583 Y101.455 E696.41032
G0 F9000 X108.206 Y101.673
G1 F1800 X120.47 Y113.937 E696.71317
G1 X120.544 Y114.011
G0 F9000 X119.088 Y113.148
G1 F1800 X107.831 Y101.891 E696.99115
G0 F9000 X107.474 Y102.128
G1 F1800 X118.279 Y112.933 E697.25798
G0 F9000 X117.624 Y112.872
G1 F1800 X107.117 Y102.365 E697.51744
G0 F9000 X106.768 Y102.61
G1 F1800 X117.046 Y112.888 E697.77125
G0 F9000 X116.533 Y112.97
G1 F1800 X106.429 Y102.865 E698.02078
G0 F9000 X106.09 Y103.12
G1 F1800 X116.064 Y113.094 E698.26708
G0 F9000 X115.637 Y113.261
G1 F1800 X105.767 Y103.391 E698.51081
G0 F9000 X105.445 Y103.663
G1 F1800 X115.232 Y113.45 E698.75249
G0 F9000 X114.873 Y113.685
G1 F1800 X105.128 Y103.94 E698.99314
G0 F9000 X104.824 Y104.23
G1 F1800 X114.535 Y113.941 E699.23295
G0 F9000 X114.222 Y114.222
G1 F1800 X104.52 Y104.52 E699.47253
G0 F9000 X104.228 Y104.822
G1 F1800 X113.945 Y114.539 E699.71249
G0 F9000 X113.682 Y114.87
G1 F1800 X103.94 Y105.128 E699.95306
G0 F9000 X103.655 Y105.437
G1 F1800 X113.462 Y115.244 E700.19524
G0 F9000 X113.262 Y115.637
G1 F1800 X103.388 Y105.764 E700.43906
G0 F9000 X103.122 Y106.091
G1 F1800 X113.088 Y116.057 E700.68516
G0 F9000 X112.972 Y116.536
G1 F1800 X102.864 Y106.428 E700.93478
G0 F9000 X102.613 Y106.77
G1 F1800 X112.892 Y117.05 E701.18862
G0 F9000 X112.872 Y117.624
G1 F1800 X102.361 Y107.113 E701.44818
G0 F9000 X102.127 Y107.473
G1 F1800 X112.928 Y118.274 E701.71491
G1 X113.002 Y118.348
G0 F9000 X113.157 Y119.097
G1 F1800 X101.896 Y107.836 E701.99299
G1 X101.822 Y107.762
G1 F1500 E700.99299
G0 F9000 X108.969 Y101.247
G1 F1500 E701.99299
G1 F1800 X133.749 Y126.028 E702.60493
G0 F9000 X133.951 Y125.636
G1 F1800 X109.365 Y101.049 E703.21208
G0 F9000 X109.761 Y100.851
G1 F1800 X134.144 Y125.234 E703.8142
G0 F9000 X134.326 Y124.823
G1 F1800 X110.175 Y100.671 E704.41061
G0 F9000 X110.592 Y100.494
G1 F1800 X134.507 Y124.409 E705.00118
G0 F9000 X134.67 Y123.978
G1 F1800 X111.017 Y100.326 E705.58526
G0 F9000 X111.453 Y100.167
G1 F1800 X134.833 Y123.547 E706.16261
G0 F9000 X134.98 Y123.1
G1 F1800 X111.891 Y100.012 E706.73277
G0 F9000 X112.352 Y99.879
G1 F1800 X135.117 Y122.644 E707.29494
G0 F9000 X135.247 Y122.18
G1 F1800 X112.814 Y99.747 E707.84891
G0 F9000 X113.295 Y99.634
G1 F1800 X135.364 Y121.703 E708.39389
G0 F9000 X135.477 Y121.222
G1 F1800 X113.779 Y99.524 E708.92971
G0 F9000 X114.28 Y99.431
G1 F1800 X135.568 Y120.719 E709.4554
G0 F9000 X135.657 Y120.214
G1 F1800 X114.789 Y99.346 E709.97072
G0 F9000 X115.312 Y99.275
G1 F1800 X135.721 Y119.683 E710.4747
G0 F9000 X135.785 Y119.154
G1 F1800 X115.85 Y99.218 E710.96699
G0 F9000 X116.403 Y99.177
G1 F1800 X135.821 Y118.596 E711.44652
G0 F9000 X135.856 Y118.037
G1 F1800 X116.97 Y99.151 E711.9129
G0 F9000 X117.556 Y99.143
G1 F1800 X135.856 Y117.443 E712.36481
G0 F9000 X135.848 Y116.841
G1 F1800 X118.161 Y99.154 E712.80158
G0 F9000 X118.795 Y99.194
G1 F1800 X135.808 Y116.207 E713.2217
G0 F9000 X135.75 Y115.555
G1 F1800 X119.441 Y99.246 E713.62444
G0 F9000 X120.127 Y99.338
G1 F1800 X135.669 Y114.88 E714.00824
G0 F9000 X135.548 Y114.165
G1 F1800 X120.835 Y99.452 E714.37157
G0 F9000 X121.572 Y99.595
G1 F1800 X135.399 Y113.422 E714.71302
G0 F9000 X135.207 Y112.636
G1 F1800 X122.376 Y99.805 E715.02988
G1 X122.302 Y99.731
G0 F9000 X123.227 Y100.063
G1 F1800 X134.936 Y111.772 E715.31902
G1 X135.01 Y111.846
G0 F9000 X134.605 Y110.846
G1 F1800 X124.153 Y100.394 E715.57713
G1 X124.079 Y100.32
G0 F9000 X125.181 Y100.828
G1 F1800 X134.168 Y109.815 E715.79906
G1 X134.242 Y109.889
G0 F9000 X133.574 Y108.627
G1 F1800 X126.378 Y101.432 E715.97675
G1 X126.304 Y101.358
G0 F9000 X127.942 Y102.401
G1 F1800 X132.583 Y107.043 E716.09136
G1 X132.657 Y107.117
G1 F1500 E715.09136
;MESH:NONMESH
G0 F600 X132.657 Y107.117 Z1.42
G0 F9000 X108.969 Y101.084
;TIME_ELAPSED:1553.673363
;LAYER:13
;TYPE:FILL
;MESH:ranella v1.stl
G1 F1500 E716.09136
G1 F1800 X101.075 Y108.979 E716.28631
G1 X101.612 Y108.009 E716.30567
G1 X102.215 Y107.069 E716.32518
G1 X102.868 Y106.17 E716.34458
G1 X103.654 Y105.211 E716.36623
G1 X105.116 Y103.749 E716.40233
G1 X105.97 Y103.024 E716.42189
G1 X106.845 Y102.371 E716.44096
G1 X107.775 Y101.752 E716.46047
G1 X108.72 Y101.208 E716.47951
G1 X109.736 Y100.7 E716.49934
G1 X110.755 Y100.266 E716.51868
G1 X111.101 Y100.14 E716.52511
G1 X100.142 Y111.099 E716.79574
G1 X99.82 Y112.043 E716.81315
G1 X99.604 Y112.825 E716.82732
G1 X112.842 Y99.588 E717.15421
G1 X113.918 Y99.342 E717.17348
G1 X114.346 Y99.271 E717.18106
G1 X99.269 Y114.348 E717.55338
G1 X99.125 Y115.304 E717.57026
G1 X99.088 Y115.717 E717.5775
G1 X115.743 Y99.061 E717.9888
G1 X116.99 Y99.003 E718.01059
G1 X99.012 Y116.981 E718.45455
G1 X98.996 Y117.514 E718.46386
G1 X99.016 Y118.165 E718.47523
G1 X118.18 Y99 E718.94849
G1 X119.285 Y99.084 E718.96784
G1 X99.066 Y119.303 E719.46714
G1 X99.222 Y120.335 E719.48536
G1 X120.351 Y99.206 E720.00713
G1 X121.343 Y99.402 E720.02479
G1 X99.406 Y121.339 E720.56651
G1 X99.519 Y121.87 E720.57599
G1 X99.637 Y122.296 E720.58371
G1 X122.318 Y99.615 E721.1438
G1 X123.216 Y99.904 E721.16027
G1 X99.909 Y123.212 E721.73584
G1 X100.215 Y124.094 E721.75214
G1 X124.095 Y100.213 E722.34185
G1 X124.947 Y100.549 E722.35784
G1 X100.558 Y124.938 E722.96012
G1 X100.942 Y125.743 E722.97569
G1 X125.752 Y100.932 E723.58837
G1 X126.527 Y101.345 E723.6037
G1 X101.353 Y126.519 E724.22536
G1 X101.777 Y127.283 E724.24062
G1 X113.423 Y115.637 E724.52821
G1 X113.473 Y115.518 E724.53046
G1 X113.8 Y114.96 E724.54176
G1 X114.257 Y114.387 E724.55455
G1 X114.786 Y113.918 E724.5669
G1 X115.327 Y113.57 E724.57813
G1 X115.981 Y113.268 E724.59071
G1 X116.679 Y113.084 E724.60331
G1 X117.232 Y113.016 E724.61304
G1 X127.991 Y102.257 E724.87873
G1 X127.272 Y101.788 E724.89372
G1 X115.629 Y113.431 E725.18124
G1 X115.555 Y113.505
G0 F9000 X117.329 Y113.004
G1 F1800 X118.048 Y113.04 E725.19381
G1 X118.339 Y113.097 E725.19899
G1 X128.685 Y102.751 E725.45447
G1 X129.345 Y103.279 E725.46923
G1 X119.273 Y113.351 E725.71795
G1 X120.032 Y113.78 E725.73318
G1 X129.976 Y103.836 E725.97874
G1 X130.582 Y104.418 E725.99341
G1 X120.673 Y114.327 E726.23811
G1 X120.974 Y114.647 E726.24578
G1 X121.207 Y114.981 E726.25289
G1 X131.166 Y105.022 E726.49882
G1 X131.721 Y105.654 E726.51351
G1 X121.646 Y115.73 E726.76232
G1 X121.882 Y116.477 E726.776
G1 X121.985 Y117.171 E726.78825
G1 X121.987 Y117.764 E726.7986
G1 X132.742 Y107.01 E727.06418
G1 X132.245 Y106.319 E727.07904
G1 X121.909 Y116.655 E727.33428
G1 X121.835 Y116.729
G1 F1500 E726.33428
G0 F9000 X121.087 Y118.943
G0 X120.484 Y119.957
G0 X119.603 Y120.741
G0 X118.526 Y121.224
G0 X117.358 Y121.359
G0 X116.199 Y121.134
G0 X115.163 Y120.571
G0 X113.096 Y118.34
G1 F1500 E727.33428
G1 F1800 X102.758 Y128.678 E727.58957
G1 X102.26 Y127.988 E727.60443
G1 X113.027 Y117.221 E727.87032
G1 X113.008 Y117.461 E727.87452
G1 X113.06 Y118.181 E727.88712
G1 X113.217 Y118.865 E727.89938
G1 X113.376 Y119.248 E727.90662
G1 X103.286 Y129.338 E728.15579
G1 X103.84 Y129.972 E728.17049
G1 X113.782 Y120.029 E728.41601
G1 X114.323 Y120.677 E728.43075
G1 X104.417 Y130.583 E728.67537
G1 X105.024 Y131.164 E728.69005
G1 X114.983 Y121.205 E728.93598
G1 X115.339 Y121.438 E728.94341
G1 X115.75 Y121.626 E728.9513
G1 X105.662 Y131.713 E729.2004
G1 X106.325 Y132.239 E729.21518
G1 X116.654 Y121.91 E729.47025
G1 X117.32 Y121.986 E729.48196
G1 X117.784 Y121.967 E729.49006
G1 X107.012 Y132.739 E729.75607
G1 X107.728 Y133.211 E729.77105
G1 X119.336 Y121.603 E730.0577
G1 X119.918 Y121.285 E730.06928
G1 X120.459 Y120.884 E730.08104
G1 X120.949 Y120.385 E730.09325
G1 X121.358 Y119.808 E730.1056
G1 X121.588 Y119.351 E730.11453
G1 X133.213 Y107.727 E730.40159
G1 X133.657 Y108.471 E730.41672
G1 X108.467 Y133.661 E731.03877
G1 X109.257 Y134.058 E731.05421
G1 X134.074 Y109.242 E731.66704
G1 X134.441 Y110.063 E731.68274
G1 X110.065 Y134.439 E732.28469
G1 X110.898 Y134.794 E732.30051
G1 X134.786 Y110.905 E732.89042
G1 X135.11 Y111.769 E732.90653
G1 X111.779 Y135.1 E733.48268
G1 X112.7 Y135.367 E733.49942
G1 X135.373 Y112.694 E734.05932
G1 X135.605 Y113.65 E734.07649
G1 X113.646 Y135.609 E734.61876
G1 X114.664 Y135.779 E734.63678
G1 X135.786 Y114.657 E735.15837
G1 X135.919 Y115.712 E735.17694
G1 X115.719 Y135.912 E735.67577
G1 X116.106 Y135.951 E735.68256
G1 X116.834 Y135.985 E735.69529
G1 X136.005 Y116.814 E736.1687
G1 X136.005 Y118.002 E736.18945
G1 X118.013 Y135.994 E736.63375
G1 X118.33 Y135.989 E736.63928
G1 X119.278 Y135.917 E736.65589
G1 X135.921 Y119.273 E737.06689
G1 X135.756 Y120.627 E737.09071
G1 X120.647 Y135.736 E737.46381
G1 X121.624 Y135.543 E737.4812
G1 X122.171 Y135.4 E737.49107
G1 X135.405 Y122.165 E737.81789
G1 X135.347 Y122.404 E737.82219
G1 X135.021 Y123.463 E737.84154
G1 X134.856 Y123.903 E737.84974
G1 X123.898 Y134.861 E738.12034
G1 X124.779 Y134.514 E738.13688
G1 X125.798 Y134.042 E738.15649
G1 X126.748 Y133.532 E738.17531
G1 X127.692 Y132.951 E738.19467
G1 X128.617 Y132.299 E738.21443
G1 X129.472 Y131.615 E738.23355
G1 X129.968 Y131.166 E738.24523
G1 X131.244 Y129.891 E738.27673
G1 X131.803 Y129.248 E738.29161
G1 X132.48 Y128.37 E738.31097
G1 X133.093 Y127.472 E738.32995
G1 X133.67 Y126.509 E738.34955
G1 X133.916 Y126.03 E738.35896
G1 X126.027 Y133.92 E738.55378
G1 X125.953 Y133.994
G1 F1500 E737.55378
G0 F9000 X114.346 Y119.722
G0 X113.453 Y117.5
;TYPE:WALL-INNER
G1 F1500 E738.55378
G1 F1800 X113.45 Y117.468 E738.55435
G1 X113.497 Y116.884 E738.56458
G1 X113.645 Y116.257 E738.57582
G1 X113.873 Y115.698 E738.58637
G1 X114.202 Y115.154 E738.59747
G1 X114.617 Y114.657 E738.60877
G1 X115.026 Y114.296 E738.6183
G1 X115.555 Y113.943 E738.6294
G1 X116.141 Y113.68 E738.64062
G1 X116.757 Y113.519 E738.65174
G1 X117.277 Y113.455 E738.66089
G1 X117.933 Y113.472 E738.67235
G1 X118.598 Y113.597 E738.68416
G1 X119.174 Y113.806 E738.69486
G1 X119.683 Y114.085 E738.705
G1 X120.172 Y114.452 E738.71567
G1 X120.633 Y114.926 E738.72722
G1 X120.982 Y115.429 E738.73791
G1 X121.272 Y116.011 E738.74926
G1 X121.451 Y116.575 E738.75959
G1 X121.545 Y117.202 E738.77067
G1 X121.545 Y117.796 E738.78104
G1 X121.445 Y118.434 E738.79231
G1 X121.248 Y119.045 E738.80352
G1 X120.981 Y119.577 E738.81392
G1 X120.613 Y120.098 E738.82506
G1 X120.205 Y120.52 E738.83531
G1 X119.683 Y120.911 E738.84669
G1 X119.14 Y121.204 E738.85747
G1 X118.598 Y121.398 E738.86752
G1 X117.958 Y121.521 E738.8789
G1 X117.353 Y121.55 E738.88948
G1 X116.724 Y121.475 E738.90054
G1 X116.133 Y121.313 E738.91124
G1 X115.571 Y121.058 E738.92201
G1 X115.048 Y120.725 E738.93284
G1 X114.574 Y120.295 E738.94402
G1 X114.193 Y119.833 E738.95447
G1 X113.869 Y119.291 E738.9655
G1 X113.636 Y118.709 E738.97645
G1 X113.504 Y118.158 E738.98634
G1 X113.453 Y117.5 E738.99786
G0 F9000 X113.871 Y117.5
G1 F1800 X113.87 Y117.481 E738.9982
G1 X113.912 Y116.946 E739.00757
G1 X114.037 Y116.41 E739.01718
G1 X114.236 Y115.92 E739.02641
G1 X114.521 Y115.431 E739.03629
G1 X114.908 Y114.96 E739.04694
G1 X115.291 Y114.622 E739.05586
G1 X115.766 Y114.307 E739.06581
G1 X116.312 Y114.07 E739.0762
G1 X116.787 Y113.941 E739.0848
G1 X117.332 Y113.872 E739.09439
G1 X117.901 Y113.891 E739.10433
G1 X118.427 Y113.987 E739.11367
G1 X118.977 Y114.179 E739.12384
G1 X119.463 Y114.443 E739.1335
G1 X119.904 Y114.775 E739.14314
G1 X120.308 Y115.192 E739.15328
G1 X120.607 Y115.621 E739.16241
G1 X120.864 Y116.122 E739.17224
G1 X121.03 Y116.637 E739.18169
G1 X121.124 Y117.209 E739.19181
G1 X121.124 Y117.79 E739.20195
G1 X121.042 Y118.311 E739.21116
G1 X120.864 Y118.873 E739.22146
G1 X120.634 Y119.334 E739.23045
G1 X120.296 Y119.822 E739.24082
G1 X119.894 Y120.233 E739.25086
G1 X119.481 Y120.541 E739.25985
G1 X119.024 Y120.795 E739.26898
G1 X118.477 Y120.996 E739.27916
G1 X117.936 Y121.101 E739.28878
G1 X117.358 Y121.126 E739.29889
G1 X116.787 Y121.059 E739.30892
G1 X116.275 Y120.918 E739.3182
G1 X115.769 Y120.688 E739.3279
G1 X115.331 Y120.408 E739.33698
G1 X114.923 Y120.05 E739.34646
G1 X114.541 Y119.594 E739.35685
G1 X114.259 Y119.123 E739.36643
G1 X114.043 Y118.604 E739.37625
G1 X113.912 Y118.054 E739.38612
G1 X113.871 Y117.5 E739.39582
G1 F1500 E738.39582
G0 F9000 X113.584 Y117.478
G0 X98.555 Y117.5
G1 F1500 E739.39582
G1 F1800 X98.555 Y117.507 E739.39594
G1 X98.589 Y118.641 E739.41575
G1 X98.688 Y119.751 E739.43521
G1 X98.858 Y120.891 E739.45534
G1 X99.092 Y121.981 E739.47481
G1 X99.4 Y123.09 E739.4949
G1 X99.761 Y124.148 E739.51442
G1 X100.188 Y125.197 E739.5342
G1 X100.689 Y126.236 E739.55434
G1 X101.23 Y127.208 E739.57377
G1 X101.848 Y128.172 E739.59376
G1 X102.512 Y129.09 E739.61354
G1 X103.232 Y129.965 E739.63333
G1 X104.005 Y130.799 E739.65319
G1 X104.815 Y131.575 E739.67277
G1 X105.695 Y132.318 E739.69289
G1 X106.589 Y132.989 E739.7124
G1 X107.549 Y133.622 E739.73248
G1 X108.515 Y134.179 E739.75195
G1 X109.543 Y134.695 E739.77204
G1 X110.588 Y135.142 E739.79189
G1 X111.656 Y135.524 E739.81169
G1 X112.728 Y135.834 E739.83118
G1 X113.84 Y136.089 E739.8511
G1 X114.973 Y136.278 E739.87116
G1 X116.075 Y136.392 E739.8905
G1 X117.226 Y136.445 E739.91062
G1 X118.344 Y136.43 E739.93014
G1 X119.482 Y136.343 E739.95007
G1 X120.616 Y136.191 E739.97005
G1 X121.709 Y135.976 E739.9895
G1 X122.825 Y135.683 E740.00965
G1 X123.889 Y135.339 E740.02918
G1 X124.958 Y134.918 E740.04924
G1 X125.99 Y134.44 E740.0691
G1 X126.971 Y133.913 E740.08854
G1 X127.937 Y133.319 E740.10835
G1 X128.876 Y132.656 E740.12842
G1 X129.763 Y131.947 E740.14824
G1 X130.59 Y131.2 E740.1677
G1 X131.402 Y130.381 E740.18784
G1 X132.139 Y129.533 E740.20746
G1 X132.833 Y128.634 E740.22729
G1 X133.467 Y127.705 E740.24693
G1 X134.058 Y126.72 E740.26699
G1 X134.573 Y125.721 E740.28662
G1 X135.032 Y124.693 E740.30627
G1 X135.437 Y123.612 E740.32643
G1 X135.771 Y122.528 E740.34624
G1 X136.04 Y121.43 E740.36598
G1 X136.237 Y120.331 E740.38547
G1 X136.377 Y119.184 E740.40565
G1 X136.446 Y118.056 E740.42538
G1 X136.446 Y116.945 E740.44478
G1 X136.374 Y115.793 E740.46494
G1 X136.237 Y114.665 E740.48478
G1 X136.036 Y113.551 E740.50455
G1 X135.771 Y112.469 E740.524
G1 X135.429 Y111.364 E740.5442
G1 X135.036 Y110.311 E740.56382
G1 X134.573 Y109.276 E740.58362
G1 X134.058 Y108.279 E740.60322
G1 X133.466 Y107.29 E740.62334
G1 X132.829 Y106.353 E740.64313
G1 X132.148 Y105.472 E740.66257
G1 X131.402 Y104.62 E740.68235
G1 X130.589 Y103.795 E740.70257
G1 X129.763 Y103.049 E740.72201
G1 X128.877 Y102.341 E740.74181
G1 X127.934 Y101.678 E740.76194
G1 X126.967 Y101.082 E740.78177
G1 X125.989 Y100.556 E740.80116
G1 X124.959 Y100.079 E740.82098
G1 X123.886 Y99.658 E740.84111
G1 X122.821 Y99.313 E740.86066
G1 X121.714 Y99.025 E740.88063
G1 X120.616 Y98.809 E740.90017
G1 X119.482 Y98.657 E740.92015
G1 X118.342 Y98.57 E740.94011
G1 X117.224 Y98.551 E740.95964
G1 X116.076 Y98.604 E740.97971
G1 X114.969 Y98.721 E740.99914
G1 X113.839 Y98.907 E741.01914
G1 X112.728 Y99.162 E741.03905
G1 X111.657 Y99.471 E741.05851
G1 X110.589 Y99.858 E741.07835
G1 X109.545 Y100.302 E741.09816
G1 X108.514 Y100.818 E741.11829
G1 X107.55 Y101.374 E741.13772
G1 X106.589 Y102.011 E741.15785
G1 X105.695 Y102.678 E741.17733
G1 X104.816 Y103.425 E741.19747
G1 X104.012 Y104.194 E741.2169
G1 X103.232 Y105.032 E741.23689
G1 X102.516 Y105.906 E741.25662
G1 X101.848 Y106.825 E741.27646
G1 X101.23 Y107.788 E741.29644
G1 X100.689 Y108.76 E741.31586
G1 X100.188 Y109.799 E741.336
G1 X99.761 Y110.848 E741.35578
G1 X99.4 Y111.906 E741.3753
G1 X99.093 Y113.019 E741.39546
G1 X98.858 Y114.109 E741.41493
G1 X98.688 Y115.245 E741.43499
G1 X98.589 Y116.355 E741.45445
G1 X98.555 Y117.5 E741.47445
G0 F9000 X98.135 Y117.5
G1 F1800 X98.135 Y117.507 E741.47457
G1 X98.17 Y118.666 E741.49482
G1 X98.27 Y119.801 E741.51471
G1 X98.445 Y120.967 E741.5353
G1 X98.684 Y122.081 E741.5552
G1 X98.999 Y123.214 E741.57573
G1 X99.367 Y124.295 E741.59567
G1 X99.804 Y125.368 E741.6159
G1 X100.316 Y126.429 E741.63647
G1 X100.869 Y127.424 E741.65635
G1 X101.501 Y128.409 E741.67679
G1 X102.179 Y129.346 E741.69698
G1 X102.915 Y130.241 E741.71721
G1 X103.706 Y131.093 E741.73752
G1 X104.534 Y131.887 E741.75755
G1 X105.433 Y132.646 E741.77809
G1 X106.347 Y133.332 E741.79805
G1 X107.328 Y133.979 E741.81857
G1 X108.315 Y134.549 E741.83847
G1 X109.366 Y135.076 E741.859
G1 X110.435 Y135.533 E741.8793
G1 X111.527 Y135.924 E741.89955
G1 X112.623 Y136.241 E741.91947
G1 X113.759 Y136.501 E741.93982
G1 X114.917 Y136.695 E741.96033
G1 X116.043 Y136.811 E741.98009
G1 X117.219 Y136.865 E742.00065
G1 X118.363 Y136.85 E742.02063
G1 X119.526 Y136.761 E742.04099
G1 X120.685 Y136.606 E742.06141
G1 X121.803 Y136.385 E742.08131
G1 X122.943 Y136.087 E742.10189
G1 X124.031 Y135.734 E742.12186
G1 X125.123 Y135.304 E742.14235
G1 X126.178 Y134.816 E742.16265
G1 X127.181 Y134.277 E742.18253
G1 X128.168 Y133.669 E742.20277
G1 X129.129 Y132.992 E742.2233
G1 X130.035 Y132.267 E742.24356
G1 X130.88 Y131.504 E742.26344
G1 X131.71 Y130.667 E742.28403
G1 X132.464 Y129.8 E742.30409
G1 X133.173 Y128.881 E742.32436
G1 X133.821 Y127.932 E742.34442
G1 X134.425 Y126.925 E742.36493
G1 X134.951 Y125.903 E742.385
G1 X135.42 Y124.852 E742.40509
G1 X135.835 Y123.748 E742.42569
G1 X136.176 Y122.64 E742.44593
G1 X136.451 Y121.517 E742.46612
G1 X136.652 Y120.394 E742.48604
G1 X136.796 Y119.222 E742.50666
G1 X136.866 Y118.069 E742.52683
G1 X136.866 Y116.932 E742.54668
G1 X136.792 Y115.754 E742.56729
G1 X136.652 Y114.602 E742.58756
G1 X136.447 Y113.463 E742.60777
G1 X136.176 Y112.357 E742.62765
G1 X135.827 Y111.228 E742.64829
G1 X135.424 Y110.152 E742.66835
G1 X134.952 Y109.094 E742.68858
G1 X134.425 Y108.075 E742.70861
G1 X133.82 Y107.064 E742.72918
G1 X133.169 Y106.107 E742.74939
G1 X132.473 Y105.205 E742.76929
G1 X131.71 Y104.334 E742.78951
G1 X130.88 Y103.492 E742.81015
G1 X130.035 Y102.729 E742.83003
G1 X129.129 Y102.005 E742.85028
G1 X128.165 Y101.327 E742.87086
G1 X127.177 Y100.718 E742.89113
G1 X126.177 Y100.18 E742.91096
G1 X125.124 Y99.692 E742.93122
G1 X124.027 Y99.262 E742.9518
G1 X122.939 Y98.91 E742.97176
G1 X121.807 Y98.615 E742.99219
G1 X120.685 Y98.394 E743.01216
G1 X119.526 Y98.239 E743.03258
G1 X118.362 Y98.15 E743.05296
G1 X117.218 Y98.131 E743.07294
G1 X116.044 Y98.185 E743.09346
G1 X114.913 Y98.305 E743.11332
G1 X113.758 Y98.495 E743.13376
G1 X112.623 Y98.755 E743.15409
G1 X111.527 Y99.072 E743.17402
G1 X110.435 Y99.467 E743.19429
G1 X109.369 Y99.921 E743.21453
G1 X108.315 Y100.448 E743.2351
G1 X107.328 Y101.016 E743.25499
G1 X106.347 Y101.668 E743.27555
G1 X105.433 Y102.35 E743.29547
G1 X104.535 Y103.113 E743.31604
G1 X103.713 Y103.899 E743.3359
G1 X102.915 Y104.755 E743.35634
G1 X102.183 Y105.649 E743.37651
G1 X101.501 Y106.588 E743.39678
G1 X100.869 Y107.572 E743.4172
G1 X100.316 Y108.567 E743.43708
G1 X99.804 Y109.628 E743.45765
G1 X99.367 Y110.701 E743.47788
G1 X98.999 Y111.782 E743.49782
G1 X98.685 Y112.919 E743.51842
G1 X98.444 Y114.034 E743.53834
G1 X98.27 Y115.195 E743.55883
G1 X98.17 Y116.33 E743.57873
G1 X98.135 Y117.5 E743.59917
G0 F9000 X97.715 Y117.5
;TYPE:WALL-OUTER
G1 F1800 X97.715 Y117.507 E743.59929
G1 X97.75 Y118.691 E743.61998
G1 X97.853 Y119.851 E743.64031
G1 X98.031 Y121.042 E743.66134
G1 X98.276 Y122.181 E743.68168
G1 X98.597 Y123.338 E743.70265
G1 X98.973 Y124.442 E743.72301
G1 X99.42 Y125.538 E743.74368
G1 X99.943 Y126.623 E743.76471
G1 X100.509 Y127.64 E743.78504
G1 X101.154 Y128.645 E743.80589
G1 X101.847 Y129.603 E743.82653
G1 X102.599 Y130.517 E743.8472
G1 X103.406 Y131.388 E743.86794
G1 X104.253 Y132.199 E743.88841
G1 X105.171 Y132.975 E743.9094
G1 X106.105 Y133.676 E743.92979
G1 X107.107 Y134.337 E743.95075
G1 X108.116 Y134.919 E743.97109
G1 X109.189 Y135.457 E743.99205
G1 X110.281 Y135.924 E744.01279
G1 X111.397 Y136.324 E744.03349
G1 X112.517 Y136.648 E744.05385
G1 X113.677 Y136.913 E744.07463
G1 X114.861 Y137.111 E744.09559
G1 X116.012 Y137.23 E744.1158
G1 X117.212 Y137.285 E744.13677
G1 X118.382 Y137.27 E744.1572
G1 X119.57 Y137.179 E744.17801
G1 X120.753 Y137.02 E744.19885
G1 X121.897 Y136.795 E744.21921
G1 X123.061 Y136.49 E744.24022
G1 X124.173 Y136.13 E744.26063
G1 X125.289 Y135.69 E744.28158
G1 X126.366 Y135.192 E744.3023
G1 X127.391 Y134.641 E744.32262
G1 X128.4 Y134.02 E744.34331
G1 X129.381 Y133.328 E744.36427
G1 X130.307 Y132.587 E744.38498
G1 X131.17 Y131.808 E744.40528
G1 X132.018 Y130.953 E744.42631
G1 X132.789 Y130.066 E744.44683
G1 X133.513 Y129.128 E744.46752
G1 X134.175 Y128.158 E744.48802
G1 X134.792 Y127.129 E744.50897
G1 X135.33 Y126.085 E744.52948
G1 X135.809 Y125.012 E744.55
G1 X136.233 Y123.884 E744.57104
G1 X136.581 Y122.752 E744.59172
G1 X136.862 Y121.604 E744.61236
G1 X137.068 Y120.456 E744.63273
G1 X137.214 Y119.26 E744.65377
G1 X137.286 Y118.081 E744.67439
G1 X137.286 Y116.919 E744.69468
G1 X137.21 Y115.716 E744.71573
G1 X137.068 Y114.54 E744.73641
G1 X136.858 Y113.376 E744.75707
G1 X136.581 Y112.245 E744.7774
G1 X136.225 Y111.092 E744.79847
G1 X135.813 Y109.992 E744.81898
G1 X135.33 Y108.912 E744.83964
G1 X134.792 Y107.871 E744.8601
G1 X134.174 Y106.838 E744.88112
G1 X133.509 Y105.86 E744.90177
G1 X132.797 Y104.938 E744.92211
G1 X132.018 Y104.048 E744.94277
G1 X131.17 Y103.188 E744.96386
G1 X130.307 Y102.409 E744.98416
G1 X129.381 Y101.669 E745.00485
G1 X128.396 Y100.976 E745.02588
G1 X127.387 Y100.354 E745.04658
G1 X126.365 Y99.804 E745.06685
G1 X125.289 Y99.306 E745.08755
G1 X124.169 Y98.866 E745.10856
G1 X123.057 Y98.506 E745.12897
G1 X121.901 Y98.205 E745.14983
G1 X120.753 Y97.98 E745.17026
G1 X119.57 Y97.821 E745.1911
G1 X118.382 Y97.73 E745.21191
G1 X117.212 Y97.711 E745.23234
G1 X116.012 Y97.766 E745.25332
G1 X114.857 Y97.889 E745.2736
G1 X113.677 Y98.083 E745.29448
G1 X112.517 Y98.348 E745.31526
G1 X111.397 Y98.672 E745.33561
G1 X110.281 Y99.076 E745.35634
G1 X109.193 Y99.539 E745.37699
G1 X108.116 Y100.078 E745.39802
G1 X107.107 Y100.659 E745.41835
G1 X106.105 Y101.324 E745.43935
G1 X105.171 Y102.021 E745.4597
G1 X104.253 Y102.801 E745.48073
G1 X103.414 Y103.604 E745.50101
G1 X102.599 Y104.479 E745.52189
G1 X101.851 Y105.393 E745.54251
G1 X101.154 Y106.351 E745.5632
G1 X100.509 Y107.356 E745.58405
G1 X99.943 Y108.373 E745.60438
G1 X99.42 Y109.458 E745.62541
G1 X98.973 Y110.554 E745.64608
G1 X98.597 Y111.658 E745.66644
G1 X98.277 Y112.819 E745.68747
G1 X98.031 Y113.958 E745.70782
G1 X97.853 Y115.145 E745.72878
G1 X97.75 Y116.305 E745.74911
G1 X97.715 Y117.5 E745.76999
G0 F9000 X97.715 Y117.507
G0 X97.72 Y117.699
G1 F1500 E744.76999
G0 F9000 X98.43 Y117.679
G0 X113.586 Y117.445
G0 X114.291 Y117.5
G1 F1500 E745.76999
G1 F1800 X114.29 Y117.483 E745.77028
G1 X114.331 Y116.992 E745.77889
G1 X114.445 Y116.516 E745.78743
G1 X114.626 Y116.076 E745.79574
G1 X114.877 Y115.654 E745.80432
G1 X115.204 Y115.258 E745.81328
G1 X115.573 Y114.936 E745.82183
G1 X115.982 Y114.672 E745.83033
G1 X116.432 Y114.473 E745.83893
G1 X116.893 Y114.348 E745.84727
G1 X117.369 Y114.29 E745.85564
G1 X117.88 Y114.311 E745.86457
G1 X118.357 Y114.402 E745.87305
G1 X118.821 Y114.569 E745.88166
G1 X119.26 Y114.812 E745.89042
G1 X119.635 Y115.098 E745.89866
G1 X119.987 Y115.463 E745.90751
G1 X120.268 Y115.873 E745.91619
G1 X120.483 Y116.299 E745.92452
G1 X120.632 Y116.779 E745.9333
G1 X120.706 Y117.254 E745.94169
G1 X120.704 Y117.766 E745.95063
G1 X120.629 Y118.234 E745.95891
G1 X120.483 Y118.697 E745.96739
G1 X120.261 Y119.141 E745.97606
G1 X119.979 Y119.546 E745.98467
G1 X119.632 Y119.905 E745.99339
G1 X119.243 Y120.195 E746.00186
G1 X118.809 Y120.432 E746.0105
G1 X118.35 Y120.596 E746.01901
G1 X117.88 Y120.685 E746.02736
G1 X117.369 Y120.706 E746.03629
G1 X116.887 Y120.651 E746.04476
G1 X116.405 Y120.518 E746.0535
G1 X115.968 Y120.318 E746.06189
G1 X115.547 Y120.045 E746.07065
G1 X115.181 Y119.714 E746.07927
G1 X114.871 Y119.332 E746.08786
G1 X114.626 Y118.92 E746.09623
G1 X114.435 Y118.449 E746.1051
G1 X114.328 Y117.992 E746.1133
G1 X114.291 Y117.5 E746.12191
G0 F9000 X114.29 Y117.483
G0 X114.305 Y117.301
G0 X113.283 Y117.221
;MESH:NONMESH
G0 F600 X113.283 Y117.221 Z1.52
G0 F9000 X114.24 Y115.472
G0 X115.751 Y113.375
;TIME_ELAPSED:1615.156983
;LAYER:14
;TYPE:FILL
;MESH:ranella v1.stl
G1 F1800 X105.662 Y103.286 E746.37105
G1 X106.324 Y102.76 E746.38582
G1 X116.654 Y113.09 E746.64091
G1 X115.981 Y113.268 E746.65307
G1 X115.327 Y113.57 E746.66565
G1 X114.981 Y113.793 E746.67283
G1 X105.025 Y103.837 E746.91869
G1 X104.418 Y104.418 E746.93336
G1 X114.314 Y114.314 E747.17774
G1 X113.79 Y114.978 E747.19251
G1 X103.839 Y105.027 E747.43824
G1 X103.285 Y105.661 E747.45294
G1 X113.376 Y115.752 E747.70213
G1 X113.218 Y116.13 E747.70929
G1 X113.097 Y116.661 E747.7188
G1 X102.757 Y106.321 E747.97414
G1 X102.258 Y107.009 E747.98898
G1 X113.032 Y117.783 E748.25504
G1 X113.06 Y118.181 E748.262
G1 X113.217 Y118.865 E748.27426
G1 X113.426 Y119.366 E748.28374
G1 X101.776 Y107.716 E748.57143
G1 X101.35 Y108.478 E748.58667
G1 X126.524 Y133.652 E749.20833
G1 X125.749 Y134.065 E749.22366
G1 X100.94 Y109.256 E749.8363
G1 X100.556 Y110.06 E749.85186
G1 X124.945 Y134.449 E750.45413
G1 X124.092 Y134.784 E750.47014
G1 X100.213 Y110.904 E751.05983
G1 X99.907 Y111.787 E751.07614
G1 X123.214 Y135.093 E751.65168
G1 X122.317 Y135.385 E751.66816
G1 X99.637 Y112.704 E752.22824
G1 X99.52 Y113.129 E752.23593
G1 X99.405 Y113.66 E752.24542
G1 X121.343 Y135.598 E752.78717
G1 X120.351 Y135.794 E752.80482
G1 X99.221 Y114.664 E753.32662
G1 X99.066 Y115.697 E753.34486
G1 X119.285 Y135.916 E753.84415
G1 X118.181 Y136 E753.86348
G1 X99.016 Y116.835 E754.33675
G1 X98.996 Y117.514 E754.34861
G1 X99.011 Y118.018 E754.35742
G1 X116.984 Y135.991 E754.80125
G1 X115.739 Y135.934 E754.82301
G1 X99.088 Y119.283 E755.2342
G1 X99.125 Y119.692 E755.24137
G1 X99.269 Y120.652 E755.25832
G1 X114.343 Y135.726 E755.63056
G1 X113.913 Y135.654 E755.63818
G1 X112.835 Y135.406 E755.65749
G1 X99.603 Y122.174 E755.98425
G1 X99.82 Y122.953 E755.99837
G1 X100.143 Y123.902 E756.01587
G1 X111.095 Y134.854 E756.28633
G1 X110.743 Y134.728 E756.29286
G1 X109.73 Y134.295 E756.31209
G1 X108.963 Y133.91 E756.32708
G1 X101.076 Y126.023 E756.52184
G1 X101.612 Y126.986 E756.54109
G1 X102.214 Y127.926 E756.56058
G1 X102.862 Y128.823 E756.5799
G1 X103.559 Y129.669 E756.59904
G1 X104.321 Y130.49 E756.6186
G1 X105.118 Y131.253 E756.63787
G1 X103.874 Y130.009 E756.66859
G1 X103.8 Y129.935
G1 F1500 E755.66859
G0 F9000 X117.223 Y121.975
G1 F1500 E756.66859
G1 F1800 X127.989 Y132.741 E756.93445
G1 X127.27 Y133.21 E756.94944
G1 X115.633 Y121.573 E757.23681
G1 X115.978 Y121.73 E757.24342
G1 X116.641 Y121.909 E757.25542
G1 X117.32 Y121.986 E757.26735
G1 X118.004 Y121.96 E757.2793
G1 X118.336 Y121.9 E757.28519
G1 X128.682 Y132.246 E757.54068
G1 X129.342 Y131.718 E757.55544
G1 X119.268 Y121.644 E757.80421
G1 X120.033 Y121.221 E757.81947
G1 X129.973 Y131.161 E758.06494
G1 X130.582 Y130.582 E758.07961
G1 X120.669 Y120.669 E758.3244
G1 X120.949 Y120.385 E758.33137
G1 X121.207 Y120.019 E758.33919
G1 X131.168 Y129.98 E758.58517
G1 X131.72 Y129.344 E758.59987
G1 X121.644 Y119.269 E758.84868
G1 X121.874 Y118.538 E758.86206
G1 X121.906 Y118.342 E758.86553
G1 X132.242 Y128.679 E759.12078
G1 X132.741 Y127.989 E759.13565
G1 X121.996 Y117.244 E759.40099
G1 X121.882 Y116.477 E759.41453
G1 X121.684 Y115.851 E759.426
G1 X121.579 Y115.639 E759.43013
G1 X133.213 Y127.273 E759.71743
G1 X133.658 Y126.53 E759.73255
G1 X108.464 Y101.336 E760.3547
G1 X109.256 Y100.941 E760.37015
G1 X134.072 Y125.757 E760.98297
G1 X134.439 Y124.936 E760.99867
G1 X110.064 Y100.56 E761.60061
G1 X110.897 Y100.206 E761.61641
G1 X134.785 Y124.094 E762.20631
G1 X135.108 Y123.229 E762.22244
G1 X111.777 Y99.897 E762.79859
G1 X112.697 Y99.63 E762.81532
G1 X135.371 Y122.304 E763.37524
G1 X135.606 Y121.351 E763.39238
G1 X113.643 Y99.387 E763.93476
G1 X114.663 Y99.22 E763.9528
G1 X135.786 Y120.343 E764.47442
G1 X135.92 Y119.289 E764.49298
G1 X115.717 Y99.086 E764.99188
G1 X116.109 Y99.044 E764.99876
G1 X116.83 Y99.011 E765.01136
G1 X136.005 Y118.186 E765.48488
G1 X136.005 Y116.998 E765.50562
G1 X118.013 Y99.006 E765.94993
G1 X118.327 Y99.011 E765.95541
G1 X119.279 Y99.084 E765.97208
G1 X135.921 Y115.726 E766.38305
G1 X135.757 Y114.374 E766.40683
G1 X120.648 Y99.265 E766.77993
G1 X121.629 Y99.458 E766.79739
G1 X122.17 Y99.6 E766.80716
G1 X135.409 Y112.838 E767.13408
G1 X135.348 Y112.592 E767.1385
G1 X134.899 Y111.141 E767.16502
G1 X123.894 Y100.136 E767.43679
G1 X124.78 Y100.483 E767.4534
G1 X125.988 Y101.042 E767.47664
G1 X133.92 Y108.974 E767.67252
G1 X133.675 Y108.5 E767.68184
G1 X133.097 Y107.532 E767.70152
G1 X132.468 Y106.608 E767.72104
G1 X131.811 Y105.756 E767.73983
G1 X131.082 Y104.924 E767.75914
G1 X130.288 Y104.118 E767.7789
G1 X129.924 Y103.789 E767.78747
G1 X131.244 Y105.109 E767.82006
G1 X131.318 Y105.183
G1 F1500 E766.82006
G0 F9000 X117.778 Y113.026
G1 F1500 E767.82006
G1 F1800 X107.012 Y102.26 E768.08592
G1 X107.726 Y101.786 E768.10089
G1 X119.329 Y113.389 E768.38742
G1 X118.674 Y113.161 E768.39953
G1 X118.048 Y113.04 E768.41066
G1 X117.329 Y113.004 E768.42323
G1 X117.225 Y112.999
G0 F9000 X115.163 Y114.429
G0 X114.346 Y115.278
G0 X113.453 Y117.5
;TYPE:WALL-INNER
G1 F1800 X113.45 Y117.468 E768.42379
G1 X113.497 Y116.884 E768.43402
G1 X113.645 Y116.257 E768.44527
G1 X113.873 Y115.698 E768.45581
G1 X114.202 Y115.154 E768.46692
G1 X114.617 Y114.657 E768.47822
G1 X115.026 Y114.296 E768.48775
G1 X115.555 Y113.943 E768.49885
G1 X116.141 Y113.68 E768.51007
G1 X116.757 Y113.519 E768.52119
G1 X117.277 Y113.455 E768.53033
G1 X117.933 Y113.472 E768.54179
G1 X118.598 Y113.597 E768.55361
G1 X119.174 Y113.806 E768.56431
G1 X119.683 Y114.085 E768.57444
G1 X120.172 Y114.452 E768.58512
G1 X120.633 Y114.926 E768.59666
G1 X120.982 Y115.429 E768.60736
G1 X121.272 Y116.011 E768.61871
G1 X121.451 Y116.575 E768.62904
G1 X121.545 Y117.202 E768.64011
G1 X121.545 Y117.796 E768.65048
G1 X121.445 Y118.434 E768.66176
G1 X121.272 Y118.985 E768.67185
G1 X120.983 Y119.575 E768.68332
G1 X120.613 Y120.098 E768.6945
G1 X120.205 Y120.52 E768.70475
G1 X119.683 Y120.911 E768.71614
G1 X119.14 Y121.204 E768.72692
G1 X118.598 Y121.398 E768.73697
G1 X117.958 Y121.521 E768.74835
G1 X117.353 Y121.55 E768.75892
G1 X116.724 Y121.475 E768.76999
G1 X116.129 Y121.315 E768.78074
G1 X115.571 Y121.058 E768.79147
G1 X115.048 Y120.725 E768.8023
G1 X114.574 Y120.295 E768.81347
G1 X114.193 Y119.833 E768.82393
G1 X113.869 Y119.291 E768.83496
G1 X113.636 Y118.709 E768.8459
G1 X113.504 Y118.158 E768.8558
G1 X113.453 Y117.5 E768.86732
G0 F9000 X113.871 Y117.5
G1 F1800 X113.87 Y117.481 E768.86765
G1 X113.912 Y116.946 E768.87702
G1 X114.037 Y116.41 E768.88663
G1 X114.236 Y115.92 E768.89587
G1 X114.521 Y115.431 E768.90575
G1 X114.908 Y114.96 E768.9164
G1 X115.291 Y114.622 E768.92532
G1 X115.766 Y114.307 E768.93527
G1 X116.312 Y114.07 E768.94566
G1 X116.787 Y113.941 E768.95426
G1 X117.332 Y113.872 E768.96385
G1 X117.901 Y113.891 E768.97379
G1 X118.427 Y113.987 E768.98313
G1 X118.977 Y114.179 E768.9933
G1 X119.463 Y114.443 E769.00296
G1 X119.904 Y114.775 E769.0126
G1 X120.308 Y115.192 E769.02273
G1 X120.607 Y115.621 E769.03186
G1 X120.864 Y116.122 E769.0417
G1 X121.03 Y116.637 E769.05115
G1 X121.124 Y117.209 E769.06127
G1 X121.124 Y117.79 E769.07141
G1 X121.042 Y118.311 E769.08062
G1 X120.864 Y118.873 E769.09092
G1 X120.634 Y119.334 E769.09991
G1 X120.296 Y119.822 E769.11028
G1 X119.894 Y120.233 E769.12032
G1 X119.481 Y120.541 E769.12931
G1 X119.024 Y120.795 E769.13844
G1 X118.477 Y120.996 E769.14862
G1 X117.936 Y121.101 E769.15824
G1 X117.358 Y121.126 E769.16834
G1 X116.787 Y121.059 E769.17838
G1 X116.299 Y120.926 E769.18721
G1 X115.769 Y120.688 E769.19736
G1 X115.331 Y120.408 E769.20644
G1 X114.923 Y120.05 E769.21591
G1 X114.541 Y119.594 E769.2263
G1 X114.259 Y119.123 E769.23589
G1 X114.043 Y118.604 E769.2457
G1 X113.912 Y118.054 E769.25558
G1 X113.871 Y117.5 E769.26528
G1 F1500 E768.26528
G0 F9000 X113.584 Y117.478
G0 X98.555 Y117.5
G1 F1500 E769.26528
G1 F1800 X98.555 Y117.507 E769.2654
G1 X98.589 Y118.641 E769.28521
G1 X98.688 Y119.751 E769.30467
G1 X98.858 Y120.891 E769.32479
G1 X99.092 Y121.981 E769.34426
G1 X99.4 Y123.09 E769.36436
G1 X99.761 Y124.148 E769.38388
G1 X100.188 Y125.197 E769.40366
G1 X100.689 Y126.236 E769.4238
G1 X101.23 Y127.208 E769.44322
G1 X101.848 Y128.172 E769.46322
G1 X102.512 Y129.09 E769.483
G1 X103.232 Y129.965 E769.50279
G1 X104.005 Y130.799 E769.52264
G1 X104.815 Y131.575 E769.54223
G1 X105.695 Y132.318 E769.56234
G1 X106.589 Y132.989 E769.58186
G1 X107.549 Y133.622 E769.60194
G1 X108.515 Y134.179 E769.62141
G1 X109.543 Y134.695 E769.6415
G1 X110.588 Y135.142 E769.66134
G1 X111.656 Y135.524 E769.68115
G1 X112.728 Y135.834 E769.70063
G1 X113.84 Y136.089 E769.72055
G1 X114.973 Y136.278 E769.74061
G1 X116.075 Y136.392 E769.75996
G1 X117.226 Y136.445 E769.78008
G1 X118.344 Y136.43 E769.7996
G1 X119.482 Y136.343 E769.81953
G1 X120.616 Y136.191 E769.83951
G1 X121.709 Y135.976 E769.85896
G1 X122.825 Y135.683 E769.87911
G1 X123.889 Y135.339 E769.89863
G1 X124.958 Y134.918 E769.9187
G1 X125.99 Y134.44 E769.93855
G1 X126.971 Y133.913 E769.958
G1 X127.937 Y133.319 E769.9778
G1 X128.876 Y132.656 E769.99787
G1 X129.763 Y131.947 E770.0177
G1 X130.59 Y131.2 E770.03716
G1 X131.402 Y130.381 E770.0573
G1 X132.139 Y129.533 E770.07692
G1 X132.833 Y128.634 E770.09675
G1 X133.467 Y127.705 E770.11639
G1 X134.058 Y126.72 E770.13645
G1 X134.573 Y125.721 E770.15607
G1 X135.032 Y124.693 E770.17573
G1 X135.437 Y123.612 E770.19589
G1 X135.771 Y122.528 E770.21569
G1 X136.04 Y121.43 E770.23543
G1 X136.237 Y120.331 E770.25493
G1 X136.377 Y119.184 E770.27511
G1 X136.446 Y118.056 E770.29484
G1 X136.446 Y116.945 E770.31424
G1 X136.374 Y115.793 E770.3344
G1 X136.237 Y114.665 E770.35424
G1 X136.036 Y113.551 E770.374
G1 X135.771 Y112.469 E770.39345
G1 X135.429 Y111.364 E770.41365
G1 X135.036 Y110.311 E770.43328
G1 X134.573 Y109.276 E770.45308
G1 X134.058 Y108.279 E770.47267
G1 X133.466 Y107.29 E770.4928
G1 X132.829 Y106.353 E770.51258
G1 X132.148 Y105.472 E770.53203
G1 X131.402 Y104.62 E770.5518
G1 X130.589 Y103.795 E770.57203
G1 X129.763 Y103.049 E770.59146
G1 X128.877 Y102.341 E770.61127
G1 X127.934 Y101.678 E770.63139
G1 X126.967 Y101.082 E770.65123
G1 X125.989 Y100.556 E770.67062
G1 X124.959 Y100.079 E770.69044
G1 X123.886 Y99.658 E770.71057
G1 X122.821 Y99.313 E770.73011
G1 X121.714 Y99.025 E770.75009
G1 X120.616 Y98.809 E770.76963
G1 X119.482 Y98.657 E770.78961
G1 X118.342 Y98.57 E770.80957
G1 X117.224 Y98.551 E770.8291
G1 X116.076 Y98.604 E770.84916
G1 X114.969 Y98.721 E770.8686
G1 X113.839 Y98.907 E770.8886
G1 X112.728 Y99.162 E770.9085
G1 X111.657 Y99.471 E770.92797
G1 X110.589 Y99.858 E770.9478
G1 X109.545 Y100.302 E770.96761
G1 X108.514 Y100.818 E770.98774
G1 X107.55 Y101.374 E771.00718
G1 X106.589 Y102.011 E771.02731
G1 X105.695 Y102.678 E771.04678
G1 X104.816 Y103.425 E771.06693
G1 X104.012 Y104.194 E771.08635
G1 X103.232 Y105.032 E771.10634
G1 X102.516 Y105.906 E771.12607
G1 X101.848 Y106.825 E771.14591
G1 X101.23 Y107.788 E771.16589
G1 X100.689 Y108.76 E771.18532
G1 X100.188 Y109.799 E771.20546
G1 X99.761 Y110.848 E771.22524
G1 X99.4 Y111.906 E771.24476
G1 X99.093 Y113.019 E771.26492
G1 X98.858 Y114.109 E771.28439
G1 X98.688 Y115.245 E771.30444
G1 X98.589 Y116.355 E771.3239
G1 X98.555 Y117.5 E771.34391
G0 F9000 X98.135 Y117.5
G1 F1800 X98.135 Y117.507 E771.34403
G1 X98.17 Y118.666 E771.36427
G1 X98.27 Y119.801 E771.38417
G1 X98.445 Y120.967 E771.40476
G1 X98.684 Y122.081 E771.42465
G1 X98.999 Y123.214 E771.44519
G1 X99.367 Y124.295 E771.46513
G1 X99.804 Y125.368 E771.48536
G1 X100.316 Y126.429 E771.50593
G1 X100.869 Y127.424 E771.52581
G1 X101.501 Y128.409 E771.54624
G1 X102.179 Y129.346 E771.56644
G1 X102.915 Y130.241 E771.58667
G1 X103.706 Y131.093 E771.60697
G1 X104.534 Y131.887 E771.627
G1 X105.433 Y132.646 E771.64755
G1 X106.347 Y133.332 E771.6675
G1 X107.328 Y133.979 E771.68802
G1 X108.315 Y134.549 E771.70792
G1 X109.366 Y135.076 E771.72845
G1 X110.435 Y135.533 E771.74876
G1 X111.527 Y135.924 E771.76901
G1 X112.623 Y136.241 E771.78893
G1 X113.759 Y136.501 E771.80928
G1 X114.917 Y136.695 E771.82978
G1 X116.043 Y136.811 E771.84955
G1 X117.219 Y136.865 E771.8701
G1 X118.363 Y136.85 E771.89008
G1 X119.526 Y136.761 E771.91045
G1 X120.685 Y136.606 E771.93087
G1 X121.803 Y136.385 E771.95077
G1 X122.943 Y136.087 E771.97134
G1 X124.031 Y135.734 E771.99132
G1 X125.123 Y135.304 E772.01181
G1 X126.178 Y134.816 E772.03211
G1 X127.181 Y134.277 E772.05199
G1 X128.168 Y133.669 E772.07223
G1 X129.129 Y132.992 E772.09276
G1 X130.035 Y132.267 E772.11302
G1 X130.88 Y131.504 E772.1329
G1 X131.71 Y130.667 E772.15348
G1 X132.464 Y129.8 E772.17355
G1 X133.173 Y128.881 E772.19381
G1 X133.821 Y127.932 E772.21388
G1 X134.425 Y126.925 E772.23438
G1 X134.951 Y125.903 E772.25445
G1 X135.42 Y124.852 E772.27455
G1 X135.835 Y123.748 E772.29515
G1 X136.176 Y122.64 E772.31539
G1 X136.451 Y121.517 E772.33558
G1 X136.652 Y120.394 E772.3555
G1 X136.796 Y119.222 E772.37612
G1 X136.866 Y118.069 E772.39629
G1 X136.866 Y116.932 E772.41614
G1 X136.792 Y115.754 E772.43675
G1 X136.652 Y114.602 E772.45701
G1 X136.447 Y113.463 E772.47722
G1 X136.176 Y112.357 E772.49711
G1 X135.827 Y111.228 E772.51774
G1 X135.424 Y110.152 E772.5378
G1 X134.952 Y109.094 E772.55803
G1 X134.425 Y108.075 E772.57807
G1 X133.82 Y107.064 E772.59864
G1 X133.169 Y106.107 E772.61885
G1 X132.473 Y105.205 E772.63874
G1 X131.71 Y104.334 E772.65896
G1 X130.88 Y103.492 E772.67961
G1 X130.035 Y102.729 E772.69949
G1 X129.129 Y102.005 E772.71974
G1 X128.165 Y101.327 E772.74032
G1 X127.177 Y100.718 E772.76058
G1 X126.177 Y100.18 E772.78041
G1 X125.124 Y99.692 E772.80068
G1 X124.027 Y99.262 E772.82125
G1 X122.939 Y98.91 E772.84122
G1 X121.807 Y98.615 E772.86165
G1 X120.685 Y98.394 E772.88162
G1 X119.526 Y98.239 E772.90203
G1 X118.362 Y98.15 E772.92242
G1 X117.218 Y98.131 E772.9424
G1 X116.044 Y98.185 E772.96292
G1 X114.913 Y98.305 E772.98278
G1 X113.758 Y98.495 E773.00322
G1 X112.623 Y98.755 E773.02355
G1 X111.527 Y99.072 E773.04347
G1 X110.435 Y99.467 E773.06375
G1 X109.369 Y99.921 E773.08398
G1 X108.315 Y100.448 E773.10456
G1 X107.328 Y101.016 E773.12444
G1 X106.347 Y101.668 E773.14501
G1 X105.433 Y102.35 E773.16492
G1 X104.535 Y103.113 E773.1855
G1 X103.713 Y103.899 E773.20536
G1 X102.915 Y104.755 E773.22579
G1 X102.183 Y105.649 E773.24597
G1 X101.501 Y106.588 E773.26624
G1 X100.869 Y107.572 E773.28666
G1 X100.316 Y108.567 E773.30653
G1 X99.804 Y109.628 E773.3271
G1 X99.367 Y110.701 E773.34734
G1 X98.999 Y111.782 E773.36728
G1 X98.685 Y112.919 E773.38787
G1 X98.444 Y114.034 E773.40779
G1 X98.27 Y115.195 E773.42829
G1 X98.17 Y116.33 E773.44819
G1 X98.135 Y117.5 E773.46863
G0 F9000 X97.715 Y117.5
;TYPE:WALL-OUTER
G1 F1800 X97.715 Y117.507 E773.46875
G1 X97.75 Y118.691 E773.48943
G1 X97.853 Y119.851 E773.50977
G1 X98.031 Y121.042 E773.53079
G1 X98.276 Y122.181 E773.55114
G1 X98.597 Y123.338 E773.5721
G1 X98.973 Y124.442 E773.59247
G1 X99.42 Y125.538 E773.61314
G1 X99.943 Y126.623 E773.63417
G1 X100.509 Y127.64 E773.65449
G1 X101.154 Y128.645 E773.67534
G1 X101.847 Y129.603 E773.69599
G1 X102.599 Y130.517 E773.71666
G1 X103.406 Y131.388 E773.73739
G1 X104.253 Y132.199 E773.75787
G1 X105.171 Y132.975 E773.77886
G1 X106.105 Y133.676 E773.79925
G1 X107.107 Y134.337 E773.82021
G1 X108.116 Y134.919 E773.84055
G1 X109.189 Y135.457 E773.86151
G1 X110.281 Y135.924 E773.88225
G1 X111.397 Y136.324 E773.90295
G1 X112.517 Y136.648 E773.92331
G1 X113.677 Y136.913 E773.94409
G1 X114.861 Y137.111 E773.96505
G1 X116.012 Y137.23 E773.98525
G1 X117.212 Y137.285 E774.00623
G1 X118.382 Y137.27 E774.02666
G1 X119.57 Y137.179 E774.04746
G1 X120.753 Y137.02 E774.06831
G1 X121.897 Y136.795 E774.08867
G1 X123.061 Y136.49 E774.10968
G1 X124.173 Y136.13 E774.13009
G1 X125.289 Y135.69 E774.15103
G1 X126.366 Y135.192 E774.17175
G1 X127.391 Y134.641 E774.19207
G1 X128.4 Y134.02 E774.21276
G1 X129.381 Y133.328 E774.23372
G1 X130.307 Y132.587 E774.25443
G1 X131.17 Y131.808 E774.27473
G1 X132.018 Y130.953 E774.29576
G1 X132.789 Y130.066 E774.31628
G1 X133.513 Y129.128 E774.33697
G1 X134.175 Y128.158 E774.35748
G1 X134.792 Y127.129 E774.37843
G1 X135.33 Y126.085 E774.39894
G1 X135.809 Y125.012 E774.41946
G1 X136.233 Y123.884 E774.4405
G1 X136.581 Y122.752 E774.46118
G1 X136.862 Y121.604 E774.48182
G1 X137.068 Y120.456 E774.50218
G1 X137.214 Y119.26 E774.52322
G1 X137.286 Y118.081 E774.54385
G1 X137.286 Y116.919 E774.56414
G1 X137.21 Y115.716 E774.58519
G1 X137.068 Y114.54 E774.60587
G1 X136.858 Y113.376 E774.62652
G1 X136.581 Y112.245 E774.64686
G1 X136.225 Y111.092 E774.66793
G1 X135.813 Y109.992 E774.68844
G1 X135.33 Y108.912 E774.7091
G1 X134.792 Y107.871 E774.72956
G1 X134.174 Y106.838 E774.75058
G1 X133.509 Y105.86 E774.77123
G1 X132.797 Y104.938 E774.79157
G1 X132.018 Y104.048 E774.81222
G1 X131.17 Y103.188 E774.83331
G1 X130.307 Y102.409 E774.85361
G1 X129.381 Y101.669 E774.87431
G1 X128.396 Y100.976 E774.89534
G1 X127.387 Y100.354 E774.91604
G1 X126.365 Y99.804 E774.9363
G1 X125.289 Y99.306 E774.95701
G1 X124.169 Y98.866 E774.97802
G1 X123.057 Y98.506 E774.99843
G1 X121.901 Y98.205 E775.01929
G1 X120.753 Y97.98 E775.03972
G1 X119.57 Y97.821 E775.06056
G1 X118.382 Y97.73 E775.08136
G1 X117.212 Y97.711 E775.1018
G1 X116.012 Y97.766 E775.12277
G1 X114.857 Y97.889 E775.14305
G1 X113.677 Y98.083 E775.16394
G1 X112.517 Y98.348 E775.18471
G1 X111.397 Y98.672 E775.20507
G1 X110.281 Y99.076 E775.2258
G1 X109.193 Y99.539 E775.24644
G1 X108.116 Y100.078 E775.26747
G1 X107.107 Y100.659 E775.2878
G1 X106.105 Y101.324 E775.3088
G1 X105.171 Y102.021 E775.32915
G1 X104.253 Y102.801 E775.35019
G1 X103.414 Y103.604 E775.37047
G1 X102.599 Y104.479 E775.39135
G1 X101.851 Y105.393 E775.41197
G1 X101.154 Y106.351 E775.43266
G1 X100.509 Y107.356 E775.45351
G1 X99.943 Y108.373 E775.47383
G1 X99.42 Y109.458 E775.49486
G1 X98.973 Y110.554 E775.51553
G1 X98.597 Y111.658 E775.5359
G1 X98.277 Y112.819 E775.55693
G1 X98.031 Y113.958 E775.57727
G1 X97.853 Y115.145 E775.59823
G1 X97.75 Y116.305 E775.61857
G1 X97.715 Y117.5 E775.63944
G0 F9000 X97.715 Y117.507
G0 X97.72 Y117.699
G1 F1500 E774.63944
G0 F9000 X98.43 Y117.679
G0 X113.586 Y117.445
G0 X114.291 Y117.5
G1 F1500 E775.63944
G1 F1800 X114.29 Y117.483 E775.63974
G1 X114.331 Y116.992 E775.64834
G1 X114.445 Y116.516 E775.65689
G1 X114.626 Y116.076 E775.6652
G1 X114.877 Y115.654 E775.67377
G1 X115.204 Y115.258 E775.68274
G1 X115.573 Y114.936 E775.69129
G1 X115.982 Y114.672 E775.69979
G1 X116.432 Y114.473 E775.70838
G1 X116.893 Y114.348 E775.71672
G1 X117.369 Y114.29 E775.7251
G1 X117.88 Y114.311 E775.73403
G1 X118.357 Y114.402 E775.74251
G1 X118.821 Y114.569 E775.75112
G1 X119.26 Y114.812 E775.75988
G1 X119.635 Y115.098 E775.76811
G1 X119.987 Y115.463 E775.77697
G1 X120.268 Y115.873 E775.78565
G1 X120.483 Y116.299 E775.79398
G1 X120.632 Y116.779 E775.80276
G1 X120.706 Y117.254 E775.81115
G1 X120.704 Y117.766 E775.82009
G1 X120.629 Y118.234 E775.82837
G1 X120.485 Y118.69 E775.83672
G1 X120.261 Y119.141 E775.84551
G1 X119.979 Y119.546 E775.85413
G1 X119.632 Y119.905 E775.86285
G1 X119.243 Y120.195 E775.87132
G1 X118.809 Y120.432 E775.87995
G1 X118.35 Y120.596 E775.88846
G1 X117.88 Y120.685 E775.89682
G1 X117.369 Y120.706 E775.90575
G1 X116.887 Y120.651 E775.91422
G1 X116.405 Y120.518 E775.92295
G1 X115.968 Y120.318 E775.93134
G1 X115.547 Y120.045 E775.9401
G1 X115.181 Y119.714 E775.94872
G1 X114.871 Y119.332 E775.95731
G1 X114.626 Y118.92 E775.96568
G1 X114.435 Y118.449 E775.97456
G1 X114.328 Y117.992 E775.98275
G1 X114.291 Y117.5 E775.99137
G0 F9000 X114.29 Y117.483
G0 X114.305 Y117.301
G0 X113.283 Y117.221
G1 F1500 E774.99137
;MESH:NONMESH
G0 F600 X113.283 Y117.221 Z1.62
G0 F9000 X108.969 Y101.084
;TIME_ELAPSED:1676.481982
;LAYER:15
;TYPE:FILL
;MESH:ranella v1.stl
G1 F1500 E775.99137
G1 F1800 X101.075 Y108.979 E776.18632
G1 X101.612 Y108.009 E776.20568
G1 X102.215 Y107.069 E776.22518
G1 X102.868 Y106.17 E776.24458
G1 X103.654 Y105.211 E776.26623
G1 X105.116 Y103.749 E776.30233
G1 X105.97 Y103.024 E776.32189
G1 X106.845 Y102.371 E776.34096
G1 X107.775 Y101.752 E776.36047
G1 X108.72 Y101.208 E776.37951
G1 X109.736 Y100.7 E776.39934
G1 X110.755 Y100.266 E776.41868
G1 X111.101 Y100.14 E776.42511
G1 X100.142 Y111.099 E776.69574
G1 X99.82 Y112.043 E776.71315
G1 X99.604 Y112.825 E776.72732
G1 X112.842 Y99.588 E777.05421
G1 X113.918 Y99.342 E777.07349
G1 X114.346 Y99.271 E777.08106
G1 X99.269 Y114.348 E777.45338
G1 X99.125 Y115.304 E777.47026
G1 X99.088 Y115.717 E777.4775
G1 X115.743 Y99.061 E777.8888
G1 X116.99 Y99.003 E777.9106
G1 X99.012 Y116.981 E778.35455
G1 X98.996 Y117.514 E778.36386
G1 X99.016 Y118.165 E778.37524
G1 X118.18 Y99 E778.84849
G1 X119.285 Y99.084 E778.86784
G1 X99.066 Y119.303 E779.36714
G1 X99.222 Y120.335 E779.38536
G1 X120.351 Y99.206 E779.90713
G1 X121.343 Y99.402 E779.92479
G1 X99.406 Y121.339 E780.46651
G1 X99.519 Y121.87 E780.47599
G1 X99.637 Y122.296 E780.48371
G1 X122.318 Y99.615 E781.0438
G1 X123.216 Y99.904 E781.06027
G1 X99.909 Y123.212 E781.63584
G1 X100.215 Y124.094 E781.65214
G1 X124.095 Y100.213 E782.24185
G1 X124.947 Y100.549 E782.25785
G1 X100.558 Y124.938 E782.86012
G1 X100.942 Y125.743 E782.87569
G1 X125.752 Y100.932 E783.48837
G1 X126.527 Y101.345 E783.50371
G1 X101.353 Y126.519 E784.12536
G1 X101.777 Y127.283 E784.14062
G1 X113.423 Y115.637 E784.42821
G1 X113.473 Y115.518 E784.43046
G1 X113.8 Y114.96 E784.44176
G1 X114.257 Y114.387 E784.45456
G1 X114.786 Y113.918 E784.4669
G1 X115.327 Y113.57 E784.47813
G1 X115.981 Y113.268 E784.49071
G1 X116.679 Y113.084 E784.50332
G1 X117.232 Y113.016 E784.51305
G1 X127.991 Y102.257 E784.77873
G1 X127.272 Y101.788 E784.79372
G1 X115.629 Y113.431 E785.08124
G1 X115.555 Y113.505
G0 F9000 X117.329 Y113.004
G1 F1800 X118.048 Y113.04 E785.09381
G1 X118.339 Y113.097 E785.09899
G1 X128.685 Y102.751 E785.35448
G1 X129.345 Y103.279 E785.36923
G1 X119.273 Y113.351 E785.61796
G1 X120.032 Y113.78 E785.63318
G1 X129.976 Y103.836 E785.87874
G1 X130.582 Y104.418 E785.89341
G1 X120.673 Y114.327 E786.13811
G1 X120.974 Y114.647 E786.14578
G1 X121.207 Y114.981 E786.15289
G1 X131.166 Y105.022 E786.39882
G1 X131.721 Y105.654 E786.41351
G1 X121.646 Y115.73 E786.66232
G1 X121.882 Y116.477 E786.676
G1 X121.985 Y117.171 E786.68825
G1 X121.987 Y117.764 E786.6986
G1 X132.742 Y107.01 E786.96418
G1 X132.245 Y106.319 E786.97904
G1 X121.909 Y116.655 E787.23428
G1 X121.835 Y116.729
G1 F1500 E786.23428
G0 F9000 X121.087 Y118.943
G0 X120.484 Y119.957
G0 X119.603 Y120.741
G0 X118.526 Y121.224
G0 X117.358 Y121.359
G0 X116.199 Y121.134
G0 X115.163 Y120.571
G0 X113.096 Y118.34
G1 F1500 E787.23428
G1 F1800 X102.758 Y128.678 E787.48957
G1 X102.26 Y127.988 E787.50443
G1 X113.027 Y117.221 E787.77032
G1 X113.008 Y117.461 E787.77452
G1 X113.06 Y118.181 E787.78713
G1 X113.217 Y118.865 E787.79938
G1 X113.376 Y119.248 E787.80662
G1 X103.286 Y129.338 E788.05579
G1 X103.84 Y129.972 E788.07049
G1 X113.782 Y120.029 E788.31601
G1 X114.323 Y120.677 E788.33075
G1 X104.417 Y130.583 E788.57538
G1 X105.024 Y131.164 E788.59005
G1 X114.983 Y121.205 E788.83598
G1 X115.339 Y121.438 E788.84341
G1 X115.751 Y121.625 E788.85131
G1 X105.662 Y131.713 E789.10044
G1 X106.325 Y132.239 E789.11522
G1 X116.654 Y121.91 E789.37029
G1 X117.32 Y121.986 E789.38199
G1 X117.784 Y121.967 E789.3901
G1 X107.012 Y132.739 E789.65611
G1 X107.728 Y133.211 E789.67108
G1 X119.336 Y121.603 E789.95773
G1 X119.918 Y121.285 E789.96931
G1 X120.459 Y120.884 E789.98107
G1 X120.949 Y120.385 E789.99329
G1 X121.358 Y119.808 E790.00564
G1 X121.588 Y119.351 E790.01457
G1 X133.213 Y107.727 E790.30163
G1 X133.657 Y108.471 E790.31676
G1 X108.467 Y133.661 E790.93881
G1 X109.257 Y134.058 E790.95425
G1 X134.074 Y109.242 E791.56708
G1 X134.441 Y110.063 E791.58278
G1 X110.065 Y134.439 E792.18473
G1 X110.898 Y134.794 E792.20054
G1 X134.786 Y110.905 E792.79045
G1 X135.11 Y111.769 E792.80657
G1 X111.779 Y135.1 E793.38271
G1 X112.7 Y135.367 E793.39945
G1 X135.373 Y112.694 E793.95935
G1 X135.605 Y113.65 E793.97653
G1 X113.646 Y135.609 E794.51879
G1 X114.664 Y135.779 E794.53681
G1 X135.786 Y114.657 E795.05841
G1 X135.919 Y115.712 E795.07698
G1 X115.719 Y135.912 E795.5758
G1 X116.106 Y135.951 E795.5826
G1 X116.834 Y135.985 E795.59532
G1 X136.005 Y116.814 E796.06874
G1 X136.005 Y118.002 E796.08948
G1 X118.013 Y135.994 E796.53378
G1 X118.33 Y135.989 E796.53932
G1 X119.278 Y135.917 E796.55592
G1 X135.921 Y119.273 E796.96692
G1 X135.756 Y120.627 E796.99074
G1 X120.647 Y135.736 E797.36385
G1 X121.624 Y135.543 E797.38124
G1 X122.171 Y135.4 E797.39111
G1 X135.405 Y122.165 E797.71793
G1 X135.347 Y122.404 E797.72222
G1 X135.021 Y123.463 E797.74157
G1 X134.856 Y123.903 E797.74978
G1 X123.898 Y134.861 E798.02038
G1 X124.779 Y134.514 E798.03691
G1 X125.798 Y134.042 E798.05652
G1 X126.748 Y133.532 E798.07535
G1 X127.692 Y132.951 E798.0947
G1 X128.617 Y132.299 E798.11446
G1 X129.472 Y131.615 E798.13358
G1 X129.968 Y131.166 E798.14527
G1 X131.244 Y129.891 E798.17676
G1 X131.803 Y129.248 E798.19164
G1 X132.48 Y128.37 E798.211
G1 X133.093 Y127.472 E798.22999
G1 X133.67 Y126.509 E798.24959
G1 X133.916 Y126.03 E798.25899
G1 X126.027 Y133.92 E798.45382
G1 X125.953 Y133.994
G1 F1500 E797.45382
G0 F9000 X114.346 Y119.722
G0 X113.453 Y117.5
;TYPE:WALL-INNER
G1 F1500 E798.45382
G1 F1800 X113.45 Y117.468 E798.45438
G1 X113.497 Y116.884 E798.46461
G1 X113.645 Y116.257 E798.47586
G1 X113.873 Y115.698 E798.4864
G1 X114.202 Y115.154 E798.4975
G1 X114.617 Y114.657 E798.50881
G1 X115.026 Y114.296 E798.51833
G1 X115.555 Y113.943 E798.52944
G1 X116.141 Y113.68 E798.54066
G1 X116.757 Y113.519 E798.55177
G1 X117.277 Y113.455 E798.56092
G1 X117.933 Y113.472 E798.57238
G1 X118.598 Y113.597 E798.5842
G1 X119.174 Y113.806 E798.59489
G1 X119.683 Y114.085 E798.60503
G1 X120.172 Y114.452 E798.61571
G1 X120.633 Y114.926 E798.62725
G1 X120.982 Y115.429 E798.63794
G1 X121.272 Y116.011 E798.6493
G1 X121.451 Y116.575 E798.65963
G1 X121.545 Y117.202 E798.6707
G1 X121.545 Y117.796 E798.68107
G1 X121.445 Y118.434 E798.69235
G1 X121.248 Y119.045 E798.70356
G1 X120.981 Y119.577 E798.71395
G1 X120.613 Y120.098 E798.72509
G1 X120.205 Y120.52 E798.73534
G1 X119.683 Y120.911 E798.74673
G1 X119.14 Y121.204 E798.7575
G1 X118.598 Y121.398 E798.76755
G1 X117.958 Y121.521 E798.77893
G1 X117.353 Y121.55 E798.78951
G1 X116.724 Y121.475 E798.80057
G1 X116.129 Y121.315 E798.81133
G1 X115.571 Y121.058 E798.82206
G1 X115.048 Y120.725 E798.83288
G1 X114.574 Y120.295 E798.84406
G1 X114.193 Y119.833 E798.85452
G1 X113.869 Y119.291 E798.86554
G1 X113.636 Y118.709 E798.87649
G1 X113.504 Y118.158 E798.88638
G1 X113.453 Y117.5 E798.89791
G0 F9000 X113.871 Y117.5
G1 F1800 X113.87 Y117.481 E798.89824
G1 X113.912 Y116.946 E798.90761
G1 X114.037 Y116.41 E798.91722
G1 X114.236 Y115.92 E798.92646
G1 X114.521 Y115.431 E798.93634
G1 X114.908 Y114.96 E798.94698
G1 X115.291 Y114.622 E798.9559
G1 X115.766 Y114.307 E798.96585
G1 X116.312 Y114.07 E798.97625
G1 X116.787 Y113.941 E798.98484
G1 X117.332 Y113.872 E798.99444
G1 X117.901 Y113.891 E799.00438
G1 X118.427 Y113.987 E799.01371
G1 X118.977 Y114.179 E799.02389
G1 X119.463 Y114.443 E799.03354
G1 X119.904 Y114.775 E799.04318
G1 X120.308 Y115.192 E799.05332
G1 X120.607 Y115.621 E799.06245
G1 X120.864 Y116.122 E799.07228
G1 X121.03 Y116.637 E799.08173
G1 X121.124 Y117.209 E799.09185
G1 X121.124 Y117.79 E799.102
G1 X121.042 Y118.311 E799.11121
G1 X120.864 Y118.873 E799.1215
G1 X120.634 Y119.334 E799.1305
G1 X120.296 Y119.822 E799.14086
G1 X119.894 Y120.233 E799.1509
G1 X119.481 Y120.541 E799.1599
G1 X119.024 Y120.795 E799.16903
G1 X118.477 Y120.996 E799.1792
G1 X117.936 Y121.101 E799.18883
G1 X117.358 Y121.126 E799.19893
G1 X116.787 Y121.059 E799.20897
G1 X116.299 Y120.926 E799.2178
G1 X115.769 Y120.688 E799.22795
G1 X115.331 Y120.408 E799.23702
G1 X114.923 Y120.05 E799.2465
G1 X114.541 Y119.594 E799.25689
G1 X114.259 Y119.123 E799.26647
G1 X114.043 Y118.604 E799.27629
G1 X113.912 Y118.054 E799.28616
G1 X113.871 Y117.5 E799.29586
G1 F1500 E798.29586
G0 F9000 X113.584 Y117.478
G0 X98.555 Y117.5
G1 F1500 E799.29586
G1 F1800 X98.555 Y117.507 E799.29599
G1 X98.589 Y118.641 E799.3158
G1 X98.688 Y119.751 E799.33525
G1 X98.858 Y120.891 E799.35538
G1 X99.092 Y121.981 E799.37485
G1 X99.4 Y123.09 E799.39495
G1 X99.761 Y124.148 E799.41447
G1 X100.188 Y125.197 E799.43424
G1 X100.689 Y126.236 E799.45438
G1 X101.23 Y127.208 E799.47381
G1 X101.848 Y128.172 E799.4938
G1 X102.512 Y129.09 E799.51359
G1 X103.232 Y129.965 E799.53337
G1 X104.005 Y130.799 E799.55323
G1 X104.815 Y131.575 E799.57282
G1 X105.695 Y132.318 E799.59293
G1 X106.589 Y132.989 E799.61245
G1 X107.549 Y133.622 E799.63253
G1 X108.515 Y134.179 E799.652
G1 X109.543 Y134.695 E799.67208
G1 X110.588 Y135.142 E799.69193
G1 X111.656 Y135.524 E799.71173
G1 X112.728 Y135.834 E799.73122
G1 X113.84 Y136.089 E799.75114
G1 X114.973 Y136.278 E799.7712
G1 X116.075 Y136.392 E799.79054
G1 X117.226 Y136.445 E799.81066
G1 X118.344 Y136.43 E799.83019
G1 X119.482 Y136.343 E799.85012
G1 X120.616 Y136.191 E799.87009
G1 X121.709 Y135.976 E799.88955
G1 X122.825 Y135.683 E799.90969
G1 X123.889 Y135.339 E799.92922
G1 X124.958 Y134.918 E799.94928
G1 X125.99 Y134.44 E799.96914
G1 X126.971 Y133.913 E799.98859
G1 X127.937 Y133.319 E800.00839
G1 X128.876 Y132.656 E800.02846
G1 X129.763 Y131.947 E800.04829
G1 X130.59 Y131.2 E800.06775
G1 X131.402 Y130.381 E800.08789
G1 X132.139 Y129.533 E800.1075
G1 X132.833 Y128.634 E800.12734
G1 X133.467 Y127.705 E800.14697
G1 X134.058 Y126.72 E800.16703
G1 X134.573 Y125.721 E800.18666
G1 X135.032 Y124.693 E800.20632
G1 X135.437 Y123.612 E800.22647
G1 X135.771 Y122.528 E800.24628
G1 X136.04 Y121.43 E800.26602
G1 X136.237 Y120.331 E800.28552
G1 X136.377 Y119.184 E800.30569
G1 X136.446 Y118.056 E800.32543
G1 X136.446 Y116.945 E800.34483
G1 X136.374 Y115.793 E800.36498
G1 X136.237 Y114.665 E800.38482
G1 X136.036 Y113.551 E800.40459
G1 X135.771 Y112.469 E800.42404
G1 X135.429 Y111.364 E800.44424
G1 X135.036 Y110.311 E800.46387
G1 X134.573 Y109.276 E800.48366
G1 X134.058 Y108.279 E800.50326
G1 X133.466 Y107.29 E800.52339
G1 X132.829 Y106.353 E800.54317
G1 X132.148 Y105.472 E800.56261
G1 X131.402 Y104.62 E800.58239
G1 X130.589 Y103.795 E800.60261
G1 X129.763 Y103.049 E800.62205
G1 X128.877 Y102.341 E800.64185
G1 X127.934 Y101.678 E800.66198
G1 X126.967 Y101.082 E800.68182
G1 X125.989 Y100.556 E800.70121
G1 X124.959 Y100.079 E800.72103
G1 X123.886 Y99.658 E800.74115
G1 X122.821 Y99.313 E800.7607
G1 X121.714 Y99.025 E800.78067
G1 X120.616 Y98.809 E800.80021
G1 X119.482 Y98.657 E800.82019
G1 X118.342 Y98.57 E800.84016
G1 X117.224 Y98.551 E800.85968
G1 X116.076 Y98.604 E800.87975
G1 X114.969 Y98.721 E800.89919
G1 X113.839 Y98.907 E800.91918
G1 X112.728 Y99.162 E800.93909
G1 X111.657 Y99.471 E800.95855
G1 X110.589 Y99.858 E800.97839
G1 X109.545 Y100.302 E800.9982
G1 X108.514 Y100.818 E801.01833
G1 X107.55 Y101.374 E801.03776
G1 X106.589 Y102.011 E801.05789
G1 X105.695 Y102.678 E801.07737
G1 X104.816 Y103.425 E801.09751
G1 X104.012 Y104.194 E801.11694
G1 X103.232 Y105.032 E801.13693
G1 X102.516 Y105.906 E801.15666
G1 X101.848 Y106.825 E801.1765
G1 X101.23 Y107.788 E801.19648
G1 X100.689 Y108.76 E801.2159
G1 X100.188 Y109.799 E801.23604
G1 X99.761 Y110.848 E801.25582
G1 X99.4 Y111.906 E801.27534
G1 X99.093 Y113.019 E801.2955
G1 X98.858 Y114.109 E801.31497
G1 X98.688 Y115.245 E801.33503
G1 X98.589 Y116.355 E801.35449
G1 X98.555 Y117.5 E801.37449
G0 F9000 X98.135 Y117.5
G1 F1800 X98.135 Y117.507 E801.37461
G1 X98.17 Y118.666 E801.39486
G1 X98.27 Y119.801 E801.41476
G1 X98.445 Y120.967 E801.43534
G1 X98.684 Y122.081 E801.45524
G1 X98.999 Y123.214 E801.47577
G1 X99.367 Y124.295 E801.49571
G1 X99.804 Y125.368 E801.51594
G1 X100.316 Y126.429 E801.53652
G1 X100.869 Y127.424 E801.55639
G1 X101.501 Y128.409 E801.57683
G1 X102.179 Y129.346 E801.59702
G1 X102.915 Y130.241 E801.61726
G1 X103.706 Y131.093 E801.63756
G1 X104.534 Y131.887 E801.65759
G1 X105.433 Y132.646 E801.67813
G1 X106.347 Y133.332 E801.69809
G1 X107.328 Y133.979 E801.71861
G1 X108.315 Y134.549 E801.73851
G1 X109.366 Y135.076 E801.75904
G1 X110.435 Y135.533 E801.77934
G1 X111.527 Y135.924 E801.79959
G1 X112.623 Y136.241 E801.81952
G1 X113.759 Y136.501 E801.83987
G1 X114.917 Y136.695 E801.86037
G1 X116.043 Y136.811 E801.88013
G1 X117.219 Y136.865 E801.90069
G1 X118.363 Y136.85 E801.92067
G1 X119.526 Y136.761 E801.94104
G1 X120.685 Y136.606 E801.96145
G1 X121.803 Y136.385 E801.98135
G1 X122.943 Y136.087 E802.00193
G1 X124.031 Y135.734 E802.0219
G1 X125.123 Y135.304 E802.0424
G1 X126.178 Y134.816 E802.06269
G1 X127.181 Y134.277 E802.08258
G1 X128.168 Y133.669 E802.10282
G1 X129.129 Y132.992 E802.12334
G1 X130.035 Y132.267 E802.14361
G1 X130.88 Y131.504 E802.16349
G1 X131.71 Y130.667 E802.18407
G1 X132.464 Y129.8 E802.20413
G1 X133.173 Y128.881 E802.2244
G1 X133.821 Y127.932 E802.24447
G1 X134.425 Y126.925 E802.26497
G1 X134.951 Y125.903 E802.28504
G1 X135.42 Y124.852 E802.30514
G1 X135.835 Y123.748 E802.32573
G1 X136.176 Y122.64 E802.34597
G1 X136.451 Y121.517 E802.36616
G1 X136.652 Y120.394 E802.38608
G1 X136.796 Y119.222 E802.4067
G1 X136.866 Y118.069 E802.42687
G1 X136.866 Y116.932 E802.44673
G1 X136.792 Y115.754 E802.46734
G1 X136.652 Y114.602 E802.4876
G1 X136.447 Y113.463 E802.50781
G1 X136.176 Y112.357 E802.52769
G1 X135.827 Y111.228 E802.54833
G1 X135.424 Y110.152 E802.56839
G1 X134.952 Y109.094 E802.58862
G1 X134.425 Y108.075 E802.60865
G1 X133.82 Y107.064 E802.62923
G1 X133.169 Y106.107 E802.64944
G1 X132.473 Y105.205 E802.66933
G1 X131.71 Y104.334 E802.68955
G1 X130.88 Y103.492 E802.71019
G1 X130.035 Y102.729 E802.73007
G1 X129.129 Y102.005 E802.75033
G1 X128.165 Y101.327 E802.77091
G1 X127.177 Y100.718 E802.79117
G1 X126.177 Y100.18 E802.811
G1 X125.124 Y99.692 E802.83127
G1 X124.027 Y99.262 E802.85184
G1 X122.939 Y98.91 E802.87181
G1 X121.807 Y98.615 E802.89223
G1 X120.685 Y98.394 E802.9122
G1 X119.526 Y98.239 E802.93262
G1 X118.362 Y98.15 E802.953
G1 X117.218 Y98.131 E802.97298
G1 X116.044 Y98.185 E802.99351
G1 X114.913 Y98.305 E803.01337
G1 X113.758 Y98.495 E803.0338
G1 X112.623 Y98.755 E803.05414
G1 X111.527 Y99.072 E803.07406
G1 X110.435 Y99.467 E803.09434
G1 X109.369 Y99.921 E803.11457
G1 X108.315 Y100.448 E803.13514
G1 X107.328 Y101.016 E803.15503
G1 X106.347 Y101.668 E803.1756
G1 X105.433 Y102.35 E803.19551
G1 X104.535 Y103.113 E803.21609
G1 X103.713 Y103.899 E803.23595
G1 X102.915 Y104.755 E803.25638
G1 X102.183 Y105.649 E803.27656
G1 X101.501 Y106.588 E803.29682
G1 X100.869 Y107.572 E803.31724
G1 X100.316 Y108.567 E803.33712
G1 X99.804 Y109.628 E803.35769
G1 X99.367 Y110.701 E803.37792
G1 X98.999 Y111.782 E803.39786
G1 X98.685 Y112.919 E803.41846
G1 X98.444 Y114.034 E803.43838
G1 X98.27 Y115.195 E803.45888
G1 X98.17 Y116.33 E803.47877
G1 X98.135 Y117.5 E803.49921
G0 F9000 X97.715 Y117.5
;TYPE:WALL-OUTER
G1 F1800 X97.715 Y117.507 E803.49933
G1 X97.75 Y118.691 E803.52002
G1 X97.853 Y119.851 E803.54035
G1 X98.031 Y121.042 E803.56138
G1 X98.276 Y122.181 E803.58172
G1 X98.597 Y123.338 E803.60269
G1 X98.973 Y124.442 E803.62306
G1 X99.42 Y125.538 E803.64372
G1 X99.943 Y126.623 E803.66476
G1 X100.509 Y127.64 E803.68508
G1 X101.154 Y128.645 E803.70593
G1 X101.847 Y129.603 E803.72658
G1 X102.599 Y130.517 E803.74724
G1 X103.406 Y131.388 E803.76798
G1 X104.253 Y132.199 E803.78845
G1 X105.171 Y132.975 E803.80944
G1 X106.105 Y133.676 E803.82984
G1 X107.107 Y134.337 E803.8508
G1 X108.116 Y134.919 E803.87114
G1 X109.189 Y135.457 E803.8921
G1 X110.281 Y135.924 E803.91283
G1 X111.397 Y136.324 E803.93354
G1 X112.517 Y136.648 E803.95389
G1 X113.677 Y136.913 E803.97467
G1 X114.861 Y137.111 E803.99563
G1 X116.012 Y137.23 E804.01584
G1 X117.212 Y137.285 E804.03681
G1 X118.382 Y137.27 E804.05725
G1 X119.57 Y137.179 E804.07805
G1 X120.753 Y137.02 E804.09889
G1 X121.897 Y136.795 E804.11925
G1 X123.061 Y136.49 E804.14026
G1 X124.173 Y136.13 E804.16067
G1 X125.289 Y135.69 E804.18162
G1 X126.366 Y135.192 E804.20234
G1 X127.391 Y134.641 E804.22266
G1 X128.4 Y134.02 E804.24335
G1 X129.381 Y133.328 E804.26431
G1 X130.307 Y132.587 E804.28502
G1 X131.17 Y131.808 E804.30532
G1 X132.018 Y130.953 E804.32635
G1 X132.789 Y130.066 E804.34687
G1 X133.513 Y129.128 E804.36756
G1 X134.175 Y128.158 E804.38807
G1 X134.792 Y127.129 E804.40902
G1 X135.33 Y126.085 E804.42953
G1 X135.809 Y125.012 E804.45004
G1 X136.233 Y123.884 E804.47109
G1 X136.581 Y122.752 E804.49177
G1 X136.862 Y121.604 E804.5124
G1 X137.068 Y120.456 E804.53277
G1 X137.214 Y119.26 E804.55381
G1 X137.286 Y118.081 E804.57443
G1 X137.286 Y116.919 E804.59472
G1 X137.21 Y115.716 E804.61577
G1 X137.068 Y114.54 E804.63646
G1 X136.858 Y113.376 E804.65711
G1 X136.581 Y112.245 E804.67744
G1 X136.225 Y111.092 E804.69851
G1 X135.813 Y109.992 E804.71902
G1 X135.33 Y108.912 E804.73968
G1 X134.792 Y107.871 E804.76014
G1 X134.174 Y106.838 E804.78116
G1 X133.509 Y105.86 E804.80181
G1 X132.797 Y104.938 E804.82216
G1 X132.018 Y104.048 E804.84281
G1 X131.17 Y103.188 E804.8639
G1 X130.307 Y102.409 E804.8842
G1 X129.381 Y101.669 E804.9049
G1 X128.396 Y100.976 E804.92593
G1 X127.387 Y100.354 E804.94662
G1 X126.365 Y99.804 E804.96689
G1 X125.289 Y99.306 E804.98759
G1 X124.169 Y98.866 E805.00861
G1 X123.057 Y98.506 E805.02902
G1 X121.901 Y98.205 E805.04987
G1 X120.753 Y97.98 E805.0703
G1 X119.57 Y97.821 E805.09114
G1 X118.382 Y97.73 E805.11195
G1 X117.212 Y97.711 E805.13238
G1 X116.012 Y97.766 E805.15336
G1 X114.857 Y97.889 E805.17364
G1 X113.677 Y98.083 E805.19452
G1 X112.517 Y98.348 E805.2153
G1 X111.397 Y98.672 E805.23566
G1 X110.281 Y99.076 E805.25638
G1 X109.193 Y99.539 E805.27703
G1 X108.116 Y100.078 E805.29806
G1 X107.107 Y100.659 E805.31839
G1 X106.105 Y101.324 E805.33939
G1 X105.171 Y102.021 E805.35974
G1 X104.253 Y102.801 E805.38077
G1 X103.414 Y103.604 E805.40105
G1 X102.599 Y104.479 E805.42193
G1 X101.851 Y105.393 E805.44256
G1 X101.154 Y106.351 E805.46324
G1 X100.509 Y107.356 E805.48409
G1 X99.943 Y108.373 E805.50442
G1 X99.42 Y109.458 E805.52545
G1 X98.973 Y110.554 E805.54612
G1 X98.597 Y111.658 E805.56648
G1 X98.277 Y112.819 E805.58751
G1 X98.031 Y113.958 E805.60786
G1 X97.853 Y115.145 E805.62882
G1 X97.75 Y116.305 E805.64915
G1 X97.715 Y117.5 E805.67003
G0 F9000 X97.715 Y117.507
G0 X97.72 Y117.699
G1 F1500 E804.67003
G0 F9000 X98.43 Y117.679
G0 X113.586 Y117.445
G0 X114.291 Y117.5
G1 F1500 E805.67003
G1 F1800 X114.29 Y117.483 E805.67033
G1 X114.331 Y116.992 E805.67893
G1 X114.445 Y116.516 E805.68748
G1 X114.626 Y116.076 E805.69578
G1 X114.877 Y115.654 E805.70436
G1 X115.204 Y115.258 E805.71333
G1 X115.573 Y114.936 E805.72188
G1 X115.982 Y114.672 E805.73038
G1 X116.432 Y114.473 E805.73897
G1 X116.893 Y114.348 E805.74731
G1 X117.369 Y114.29 E805.75568
G1 X117.88 Y114.311 E805.76461
G1 X118.357 Y114.402 E805.77309
G1 X118.821 Y114.569 E805.7817
G1 X119.26 Y114.812 E805.79046
G1 X119.635 Y115.098 E805.7987
G1 X119.987 Y115.463 E805.80755
G1 X120.268 Y115.873 E805.81623
G1 X120.483 Y116.299 E805.82457
G1 X120.632 Y116.779 E805.83334
G1 X120.706 Y117.254 E805.84174
G1 X120.704 Y117.766 E805.85068
G1 X120.629 Y118.234 E805.85895
G1 X120.483 Y118.697 E805.86743
G1 X120.261 Y119.141 E805.8761
G1 X119.979 Y119.546 E805.88472
G1 X119.632 Y119.905 E805.89343
G1 X119.243 Y120.195 E805.90191
G1 X118.809 Y120.432 E805.91054
G1 X118.35 Y120.596 E805.91905
G1 X117.88 Y120.685 E805.92741
G1 X117.369 Y120.706 E805.93634
G1 X116.887 Y120.651 E805.94481
G1 X116.405 Y120.518 E805.95354
G1 X115.968 Y120.318 E805.96193
G1 X115.547 Y120.045 E805.97069
G1 X115.181 Y119.714 E805.97931
G1 X114.871 Y119.332 E805.9879
G1 X114.626 Y118.92 E805.99627
G1 X114.435 Y118.449 E806.00514
G1 X114.328 Y117.992 E806.01334
G1 X114.291 Y117.5 E806.02195
G0 F9000 X114.29 Y117.483
G0 X114.305 Y117.301
G0 X113.283 Y117.221
G1 F1500 E805.02195
;MESH:NONMESH
G0 F600 X113.283 Y117.221 Z1.72
G0 F9000 X107.264 Y102.092
;TIME_ELAPSED:1738.147893
;LAYER:16
;TYPE:FILL
;MESH:ranella v1.stl
G1 F1500 E806.02195
G1 F1800 X107.726 Y101.786 E806.03163
G1 X108.095 Y102.155 E806.04074
G1 X107.264 Y102.092 E806.0553
G1 X107.012 Y102.26 E806.06058
G1 X117.296 Y112.543 E806.31453
G1 X118.582 Y112.641 E806.33705
G1 X118.92 Y112.98 E806.34541
G0 F9000 X118.582 Y112.641
G1 F1800 X108.095 Y102.155 E806.60437
G1 X108.021 Y102.081
G0 F9000 X110.04 Y101.724
G1 F1800 X110.04 Y100.537 E806.62509
G1 X110.04 Y100.432
G0 F9000 X112.705 Y99.54
G1 F1800 X113.796 Y99.54 E806.64414
G0 F9000 X114.24 Y99.288
G1 F1800 X114.663 Y99.22 E806.65162
G1 X135.24 Y119.797 E807.15976
G1 X135.314 Y119.871
G0 F9000 X135.24 Y120.984
G1 F1800 X135.606 Y121.351 E807.16881
G1 X135.371 Y122.304 E807.18595
G1 X112.697 Y99.63 E807.74587
G1 X111.777 Y99.897 E807.7626
G1 X135.108 Y123.229 E808.33876
G1 X134.785 Y124.094 E808.35488
G1 X110.897 Y100.206 E808.94478
G1 X110.064 Y100.56 E808.96058
G1 X134.439 Y124.936 E809.56252
G1 X134.072 Y125.757 E809.57822
G1 X109.256 Y100.941 E810.19104
G1 X108.464 Y101.336 E810.20649
G1 X120.108 Y112.98 E810.49404
G0 F9000 X120.528 Y113.4
G1 F1800 X119.323 Y113.4 E810.51508
G1 X119.218 Y113.4
G0 F9000 X117.778 Y113.026
G1 F1800 X117.296 Y112.543 E810.52699
G0 F9000 X117.329 Y113.004
G1 F1800 X118.048 Y113.04 E810.53956
G1 X118.674 Y113.161 E810.5507
G1 X119.329 Y113.389 E810.56281
G1 X118.92 Y112.98 E810.57291
G1 X120.108 Y112.98 E810.59365
G1 X133.658 Y126.53 E810.92826
G1 X133.213 Y127.273 E810.94338
G1 X123.12 Y117.18 E811.19262
G1 X121.987 Y117.18 E811.21241
G1 X121.882 Y116.477 E811.22482
G1 X121.684 Y115.851 E811.23628
G1 X121.579 Y115.639 E811.24041
G1 X123.12 Y117.18 E811.27847
G1 X123.194 Y117.254
G0 F9000 X122.22 Y117.469
G1 F1800 X132.741 Y127.989 E811.53827
G1 X132.242 Y128.679 E811.55313
G1 X122.22 Y118.655 E811.80065
G1 X122.22 Y117.469 E811.82136
G1 X121.996 Y117.244 E811.8269
G1 X121.987 Y117.18 E811.82803
G1 X121.973 Y117.077
G0 F9000 X122.22 Y118.655
G1 F1800 X121.928 Y118.364 E811.83523
G1 X121.8 Y118.777 E811.84278
G1 X121.8 Y119.424 E811.85407
G1 X121.647 Y119.272 E811.85784
G1 X121.8 Y118.777 E811.86689
G0 F9000 X121.8 Y119.424
G1 F1800 X131.72 Y129.344 E812.11186
G1 X131.168 Y129.98 E812.12656
G1 X121.207 Y120.019 E812.37254
G1 X120.949 Y120.385 E812.38036
G1 X120.669 Y120.669 E812.38733
G1 X130.582 Y130.582 E812.63212
G1 X129.973 Y131.161 E812.64679
G1 X120.033 Y121.221 E812.89226
G1 X119.268 Y121.644 E812.90752
G1 X129.342 Y131.718 E813.15629
G1 X128.682 Y132.246 E813.17105
G1 X118.336 Y121.9 E813.42654
G1 X118.004 Y121.96 E813.43243
G1 X117.32 Y121.986 E813.44438
G1 X117.18 Y121.971 E813.44684
G1 X117.18 Y123.12 E813.4669
G1 X115.633 Y121.573 E813.50511
G1 X115.978 Y121.73 E813.51172
G1 X116.641 Y121.909 E813.52372
G1 X117.18 Y121.971 E813.53319
G1 X117.223 Y121.975
G1 X127.989 Y132.741 E813.79905
G1 X127.27 Y133.21 E813.81404
G1 X117.18 Y123.12 E814.06321
G1 X117.106 Y123.046
G0 F9000 X115.5 Y122.627
G1 F1800 X115.5 Y121.258 E814.08711
G0 F9000 X115.08 Y120.994
G1 F1800 X115.08 Y122.207 E814.10829
G0 F9000 X114.66 Y121.787
G1 F1800 X114.66 Y120.656 E814.12804
G1 X114.66 Y120.551
G0 F9000 X113.4 Y120.527
G1 F1800 X126 Y133.129 E814.43921
G1 X126 Y133.933 E814.45325
G1 X126.524 Y133.652 E814.46364
G1 X126 Y133.129 E814.47656
G0 F9000 X126 Y133.933
G1 F1800 X125.749 Y134.065 E814.48152
G1 X100.94 Y109.256 E815.09416
G1 X100.8 Y109.55 E815.09985
G1 X100.8 Y110.303 E815.11299
G1 X100.556 Y110.06 E815.11901
G1 X100.8 Y109.55 E815.12888
G0 F9000 X100.8 Y110.303
G1 F1800 X124.945 Y134.449 E815.72514
G1 X124.092 Y134.784 E815.74114
G1 X100.213 Y110.904 E816.33083
G1 X99.907 Y111.787 E816.34715
G1 X123.214 Y135.093 E816.92269
G1 X122.317 Y135.385 E816.93916
G1 X100.333 Y113.4 E817.48205
G1 X99.461 Y113.4 E817.49728
G1 X99.52 Y113.129 E817.50212
G1 X99.637 Y112.704 E817.50982
G1 X100.333 Y113.4 E817.52701
G1 X100.407 Y113.474
G0 F9000 X99.461 Y113.4
G1 F1800 X99.405 Y113.66 E817.53165
G1 X120.985 Y135.24 E818.06456
G1 X119.797 Y135.24 E818.0853
G1 X120.351 Y135.794 E818.09898
G1 X121.343 Y135.598 E818.11664
G1 X120.985 Y135.24 E818.12548
G1 X120.911 Y135.166
G0 F9000 X119.797 Y135.24
G1 F1800 X100.057 Y115.5 E818.61295
G1 X99.097 Y115.5 E818.62971
G1 X99.221 Y114.664 E818.64447
G1 X100.057 Y115.5 E818.66511
G1 X100.131 Y115.574
G0 F9000 X99.54 Y116.172
G1 F1800 X99.066 Y115.697 E818.67683
G1 X99.097 Y115.5 E818.68031
G1 X99.113 Y115.397
G0 F9000 X99.051 Y114.24
G1 F1800 X99.985 Y114.24 E818.69662
G1 X100.09 Y114.24
G0 F9000 X99.251 Y117.095
G1 F1800 X99.287 Y118.294 E818.71757
G1 X99.29 Y118.398
G0 F9000 X99.54 Y117.359
G1 F1800 X99.016 Y116.835 E818.73051
G1 X98.996 Y117.514 E818.74237
G1 X99.011 Y118.018 E818.75117
G1 X116.653 Y135.66 E819.18683
G1 X115.465 Y135.66 E819.20757
G1 X115.739 Y135.934 E819.21434
G1 X116.984 Y135.991 E819.2361
G1 X116.653 Y135.66 E819.24428
G1 X116.579 Y135.586
G0 F9000 X117.434 Y135.254
G1 F1800 X117.463 Y136.231 E819.26134
G1 X117.466 Y136.336
G0 F9000 X118.44 Y135.982
G1 F1800 X118.181 Y136 E819.26588
G1 X99.54 Y117.359 E819.72621
G1 X99.54 Y116.172 E819.74693
G1 X118.44 Y135.072 E820.21366
G1 X118.44 Y135.982 E820.22955
G1 X119.285 Y135.916 E820.24435
G1 X118.44 Y135.072 E820.2652
G1 X118.366 Y134.998
G0 F9000 X115.465 Y135.66
G1 F1800 X99.54 Y119.736 E820.65845
G1 X99.54 Y120.923 E820.67917
G1 X99.269 Y120.652 E820.68587
G1 X99.125 Y119.692 E820.70282
G1 X99.088 Y119.283 E820.70999
G1 X99.54 Y119.736 E820.72116
G0 F9000 X98.857 Y119.28
G1 F1800 X100.273 Y119.28 E820.74589
G1 X100.378 Y119.28
G0 F9000 X99.54 Y120.923
G1 F1800 X99.96 Y121.344 E820.75627
G0 F9000 X99.96 Y122.531
G1 F1800 X99.603 Y122.174 E820.76509
G1 X99.82 Y122.953 E820.77921
G1 X100.143 Y123.902 E820.79671
G1 X100.38 Y124.139 E820.80256
G1 X100.38 Y122.952 E820.82329
G1 X99.96 Y122.531 E820.83368
G1 X99.96 Y121.344 E820.8544
G1 X112.98 Y134.363 E821.17591
G1 X112.98 Y135.439 E821.1947
G1 X113.913 Y135.654 E821.21142
G1 X114.343 Y135.726 E821.21903
G1 X112.98 Y134.363 E821.25269
G1 X112.906 Y134.289
G0 F9000 X112.98 Y135.439
G1 F1800 X112.835 Y135.406 E821.25529
G1 X100.38 Y122.952 E821.56284
G1 X100.306 Y122.878
G0 F9000 X100.38 Y124.139
G1 F1800 X101.22 Y124.98 E821.5836
G0 F9000 X101.64 Y125.4
G1 F1800 X101.22 Y124.98 E821.59397
G1 X101.22 Y126.167 E821.6147
G1 X101.64 Y126.587 E821.62507
G0 F9000 X101.22 Y126.167
G1 F1800 X101.076 Y126.023 E821.62862
G1 X101.612 Y126.986 E821.64787
G1 X102.214 Y127.926 E821.66736
G1 X102.862 Y128.823 E821.68668
G1 X103.559 Y129.669 E821.70582
G1 X104.321 Y130.49 E821.72538
G1 X105.118 Y131.253 E821.74465
G1 X103.874 Y130.009 E821.77537
G1 X103.8 Y129.935
G0 F9000 X101.889 Y127.252
G1 F1800 X108.455 Y133.774 E821.93697
G0 F9000 X108.78 Y133.727
G1 F1800 X101.64 Y126.587 E822.11329
G1 X101.64 Y125.4 E822.13401
G1 X108.78 Y132.539 E822.31032
G0 F9000 X109.2 Y132.959
G1 F1800 X108.78 Y132.539 E822.32069
G1 X108.78 Y133.727 E822.34144
G1 X108.963 Y133.91 E822.34596
G1 X109.2 Y134.028 E822.35058
G0 F9000 X109.62 Y134.239
G1 F1800 X109.2 Y134.028 E822.35879
G1 X109.2 Y132.959 E822.37745
G1 X109.62 Y133.379 E822.38782
G1 X109.62 Y134.239 E822.40284
G1 X109.73 Y134.295 E822.405
G1 X110.743 Y134.728 E822.42423
G1 X111.095 Y134.854 E822.43076
G1 X109.62 Y133.379 E822.46719
G1 X109.546 Y133.305
G0 F9000 X111.3 Y133.872
G1 F1800 X111.3 Y135.172 E822.48989
G0 F9000 X111.72 Y135.323
G1 F1800 X111.72 Y134.292 E822.50789
G1 X111.72 Y134.187
G0 F9000 X114.66 Y134.856
G1 F1800 X114.66 Y136.012 E822.52807
G1 X114.66 Y136.117
G1 F1500 E821.52807
G0 F9000 X118.368 Y121.8
G1 F1500 E822.52807
G1 F1800 X119.424 Y121.8 E822.54651
G1 X119.529 Y121.8
G1 F1500 E821.54651
G0 F9000 X116.769 Y121.291
G0 X115.762 Y120.94
G0 X113.4 Y119.34
G1 F1500 E822.54651
G1 F1800 X112.98 Y118.92 E822.55689
G0 F9000 X112.56 Y118.499
G1 F1800 X102.48 Y108.419 E822.8058
G1 X102.48 Y107.232 E822.82653
G1 X112.56 Y117.312 E823.07545
G1 X112.56 Y118.499 E823.09618
G1 X112.98 Y118.92 E823.10656
G1 X112.98 Y120.107 E823.12729
G1 X113.4 Y120.527 E823.13766
G1 X113.4 Y119.34 E823.15839
G1 X113.426 Y119.366 E823.15903
G1 X113.217 Y118.865 E823.16851
G1 X113.06 Y118.181 E823.18076
G1 X113.032 Y117.783 E823.18773
G1 X112.56 Y117.312 E823.19937
G1 X112.486 Y117.238
G0 F9000 X112.98 Y120.107
G1 F1800 X101.35 Y108.478 E823.48656
G1 X101.776 Y107.716 E823.5018
G1 X102.48 Y108.419 E823.51917
G1 X102.554 Y108.493
G0 F9000 X102.48 Y107.232
G1 F1800 X102.258 Y107.009 E823.52467
G1 X102.757 Y106.321 E823.53951
G1 X113.097 Y116.661 E823.79485
G1 X113.218 Y116.13 E823.80436
G1 X113.376 Y115.752 E823.81151
G1 X103.285 Y105.661 E824.0607
G1 X103.839 Y105.027 E824.0754
G1 X113.79 Y114.978 E824.32114
G1 X114.314 Y114.314 E824.33591
G1 X104.418 Y104.418 E824.58028
G1 X105.025 Y103.837 E824.59496
G1 X114.981 Y113.793 E824.84081
G1 X115.327 Y113.57 E824.848
G1 X115.981 Y113.268 E824.86058
G1 X116.654 Y113.09 E824.87274
G1 X106.324 Y102.76 E825.12783
G1 X105.662 Y103.286 E825.14259
G1 X115.751 Y113.375 E825.39173
G1 X115.825 Y113.449
G0 F9000 X117.947 Y113.664
G0 X120.669 Y114.66
G1 F1800 X121.789 Y114.66 E825.41129
G0 F9000 X122.209 Y115.08
G1 F1800 X120.994 Y115.08 E825.43251
G0 F9000 X121.251 Y115.5
G1 F1800 X122.629 Y115.5 E825.45657
G1 X122.734 Y115.5
G1 F1500 E824.45657
G0 F9000 X133.871 Y111.3
G1 F1500 E825.45657
G1 F1800 X122.951 Y100.38 E825.72623
G1 X124.138 Y100.38 E825.74696
G1 X125.16 Y101.401 E825.77218
G1 X125.16 Y100.66 E825.78512
G1 X125.58 Y100.854 E825.7932
G1 X125.58 Y101.821 E825.81009
G1 X125.16 Y101.401 E825.82046
G0 F9000 X125.58 Y101.821
G1 F1800 X126 Y102.241 E825.83083
G1 X126 Y101.054 E825.85156
G1 X133.56 Y108.614 E826.03825
G1 X133.56 Y109.801 E826.05897
G1 X126 Y102.241 E826.24566
G1 X125.926 Y102.167
G0 F9000 X126 Y101.054
G1 F1800 X125.988 Y101.042 E826.24596
G1 X125.58 Y100.854 E826.2538
G0 F9000 X125.16 Y100.66
G1 F1800 X124.78 Y100.483 E826.26112
G1 X123.894 Y100.136 E826.27774
G1 X124.138 Y100.38 E826.28376
G1 X124.212 Y100.454
G0 F9000 X122.951 Y100.38
G1 F1800 X122.531 Y99.96 E826.29414
G0 F9000 X121.343 Y99.96
G1 F1800 X135.757 Y114.374 E826.65008
G1 X135.793 Y114.66 E826.65511
G0 F9000 X135.66 Y115.465
G1 F1800 X135.921 Y115.726 E826.66156
G1 X135.793 Y114.66 E826.68031
G1 X134.855 Y114.66 E826.69669
G1 X119.735 Y99.54 E827.07007
G0 F9000 X119.28 Y99.085
G1 F1800 X118.327 Y99.011 E827.08676
G1 X118.013 Y99.006 E827.09224
G1 X118.276 Y99.269 E827.09873
G1 X118.35 Y99.343
G0 F9000 X117.065 Y99.246
G1 F1800 X116.83 Y99.011 E827.10454
G1 X116.109 Y99.044 E827.11714
G1 X115.717 Y99.086 E827.12402
G1 X135.92 Y119.289 E827.62293
G1 X135.786 Y120.343 E827.64148
G1 X135.24 Y119.797 E827.65496
G1 X135.24 Y120.984 E827.67569
G1 X114.24 Y99.984 E828.19427
G1 X114.24 Y99.288 E828.20642
G1 X113.643 Y99.387 E828.21699
G1 X114.24 Y99.984 E828.23173
G1 X114.314 Y100.058
G0 F9000 X115.5 Y100.056
G1 F1800 X115.5 Y98.876 E828.25234
G1 X115.5 Y98.771
G0 F9000 X119.28 Y100.272
G1 F1800 X135.66 Y116.652 E828.65683
G1 X135.66 Y115.465 E828.67756
G1 X134.855 Y114.66 E828.69744
G1 X134.781 Y114.586
G0 F9000 X134.363 Y112.98
G1 F1800 X135.68 Y112.98 E828.72043
G1 X135.785 Y112.98
G0 F9000 X135.078 Y111.72
G1 F1800 X135.348 Y112.592 E828.73637
G1 X135.409 Y112.838 E828.7408
G1 X134.291 Y111.72 E828.76841
G1 X135.078 Y111.72 E828.78215
G1 X134.949 Y111.3 E828.78982
G1 X133.871 Y111.3 E828.80865
G1 X134.291 Y111.72 E828.81902
G0 F9000 X134.949 Y111.3
G1 F1800 X134.899 Y111.141 E828.82193
G1 X133.56 Y109.801 E828.85501
G0 F9000 X133.98 Y110.221
G1 F1800 X133.98 Y108.929 E828.87757
G0 F9000 X133.56 Y108.614
G1 F1800 X133.92 Y108.974 E828.88646
G1 X133.675 Y108.5 E828.89577
G1 X133.097 Y107.532 E828.91546
G1 X132.468 Y106.608 E828.93498
G1 X131.811 Y105.756 E828.95377
G1 X131.082 Y104.924 E828.97308
G1 X130.288 Y104.118 E828.99284
G1 X129.924 Y103.789 E829.0014
G1 X131.244 Y105.109 E829.034
G1 X131.318 Y105.183
G0 F9000 X133.2 Y107.702
G1 F1800 X126.855 Y101.26 E829.19189
G1 X126.782 Y101.186
G0 F9000 X120.924 Y99.54
G1 F1800 X120.648 Y99.265 E829.19869
G1 X121.629 Y99.458 E829.21615
G1 X122.17 Y99.6 E829.22592
G1 X122.531 Y99.96 E829.23482
G1 X121.343 Y99.96 E829.25556
G1 X120.924 Y99.54 E829.26592
G1 X119.735 Y99.54 E829.28669
G1 X119.28 Y99.085 E829.29792
G1 X119.28 Y100.272 E829.31865
G1 X118.276 Y99.269 E829.34343
G1 X117.065 Y99.246 E829.36458
G1 X135.047 Y117.228 E829.80863
G1 X135.121 Y117.302
G0 F9000 X135.66 Y116.652
G1 F1800 X136.005 Y116.998 E829.81717
G1 X136.005 Y117.247 E829.82151
G1 X135.047 Y117.228 E829.83824
G1 X136.005 Y118.186 E829.8619
G1 X136.005 Y117.247 E829.8783
G1 X136.005 Y117.142
G0 F9000 X136.212 Y118.44
G1 F1800 X135.071 Y118.44 E829.89822
G1 X134.966 Y118.44
G1 F1500 E828.89822
G0 F9000 X134.192 Y126
G1 F1500 E829.89822
G1 F1800 X133.128 Y126 E829.9168
G1 X133.023 Y126
G1 F1500 E828.9168
G0 F9000 X116.199 Y121.134
G0 X115.163 Y120.571
G0 X114.346 Y119.722
G0 X113.453 Y117.5
;TYPE:WALL-INNER
G1 F1500 E829.9168
G1 F1800 X113.45 Y117.468 E829.91736
G1 X113.497 Y116.884 E829.92759
G1 X113.645 Y116.257 E829.93884
G1 X113.873 Y115.698 E829.94938
G1 X114.202 Y115.154 E829.96049
G1 X114.617 Y114.657 E829.97179
G1 X115.026 Y114.296 E829.98132
G1 X115.555 Y113.943 E829.99242
G1 X116.141 Y113.68 E830.00364
G1 X116.757 Y113.519 E830.01476
G1 X117.277 Y113.455 E830.0239
G1 X117.933 Y113.472 E830.03536
G1 X118.598 Y113.597 E830.04718
G1 X119.174 Y113.806 E830.05788
G1 X119.683 Y114.085 E830.06801
G1 X120.172 Y114.452 E830.07869
G1 X120.633 Y114.926 E830.09023
G1 X120.982 Y115.429 E830.10093
G1 X121.272 Y116.011 E830.11228
G1 X121.451 Y116.575 E830.12261
G1 X121.545 Y117.202 E830.13368
G1 X121.545 Y117.796 E830.14405
G1 X121.445 Y118.434 E830.15533
G1 X121.248 Y119.045 E830.16654
G1 X120.981 Y119.577 E830.17693
G1 X120.613 Y120.098 E830.18807
G1 X120.205 Y120.52 E830.19832
G1 X119.683 Y120.911 E830.20971
G1 X119.14 Y121.204 E830.22048
G1 X118.598 Y121.398 E830.23054
G1 X117.958 Y121.521 E830.24192
G1 X117.353 Y121.55 E830.25249
G1 X116.724 Y121.475 E830.26355
G1 X116.129 Y121.315 E830.27431
G1 X115.571 Y121.058 E830.28504
G1 X115.048 Y120.725 E830.29587
G1 X114.574 Y120.295 E830.30704
G1 X114.193 Y119.833 E830.3175
G1 X113.869 Y119.291 E830.32853
G1 X113.636 Y118.709 E830.33947
G1 X113.504 Y118.158 E830.34937
G1 X113.453 Y117.5 E830.36089
G0 F9000 X113.871 Y117.5
G1 F1800 X113.87 Y117.481 E830.36122
G1 X113.912 Y116.946 E830.37059
G1 X114.037 Y116.41 E830.3802
G1 X114.236 Y115.92 E830.38944
G1 X114.521 Y115.431 E830.39932
G1 X114.908 Y114.96 E830.40997
G1 X115.291 Y114.622 E830.41889
G1 X115.766 Y114.307 E830.42884
G1 X116.312 Y114.07 E830.43923
G1 X116.787 Y113.941 E830.44783
G1 X117.332 Y113.872 E830.45742
G1 X117.901 Y113.891 E830.46736
G1 X118.427 Y113.987 E830.4767
G1 X118.977 Y114.179 E830.48687
G1 X119.463 Y114.443 E830.49653
G1 X119.904 Y114.775 E830.50616
G1 X120.308 Y115.192 E830.5163
G1 X120.607 Y115.621 E830.52543
G1 X120.864 Y116.122 E830.53527
G1 X121.03 Y116.637 E830.54471
G1 X121.124 Y117.209 E830.55484
G1 X121.124 Y117.79 E830.56498
G1 X121.042 Y118.311 E830.57419
G1 X120.864 Y118.873 E830.58448
G1 X120.634 Y119.334 E830.59348
G1 X120.296 Y119.822 E830.60385
G1 X119.894 Y120.233 E830.61389
G1 X119.481 Y120.541 E830.62288
G1 X119.024 Y120.795 E830.63201
G1 X118.477 Y120.996 E830.64219
G1 X117.936 Y121.101 E830.65181
G1 X117.358 Y121.126 E830.66191
G1 X116.787 Y121.059 E830.67195
G1 X116.299 Y120.926 E830.68078
G1 X115.769 Y120.688 E830.69093
G1 X115.331 Y120.408 E830.70001
G1 X114.923 Y120.05 E830.70948
G1 X114.541 Y119.594 E830.71987
G1 X114.259 Y119.123 E830.72946
G1 X114.043 Y118.604 E830.73927
G1 X113.912 Y118.054 E830.74915
G1 X113.871 Y117.5 E830.75885
G1 F1500 E829.75885
G0 F9000 X113.584 Y117.478
G0 X98.555 Y117.5
G1 F1500 E830.75885
G1 F1800 X98.555 Y117.507 E830.75897
G1 X98.589 Y118.641 E830.77878
G1 X98.688 Y119.751 E830.79824
G1 X98.858 Y120.891 E830.81836
G1 X99.092 Y121.981 E830.83783
G1 X99.4 Y123.09 E830.85793
G1 X99.761 Y124.148 E830.87745
G1 X100.188 Y125.197 E830.89722
G1 X100.689 Y126.236 E830.91737
G1 X101.23 Y127.208 E830.93679
G1 X101.848 Y128.172 E830.95679
G1 X102.512 Y129.09 E830.97657
G1 X103.232 Y129.965 E830.99636
G1 X104.005 Y130.799 E831.01621
G1 X104.815 Y131.575 E831.0358
G1 X105.695 Y132.318 E831.05591
G1 X106.589 Y132.989 E831.07543
G1 X107.549 Y133.622 E831.09551
G1 X108.515 Y134.179 E831.11498
G1 X109.543 Y134.695 E831.13506
G1 X110.588 Y135.142 E831.15491
G1 X111.656 Y135.524 E831.17472
G1 X112.728 Y135.834 E831.1942
G1 X113.84 Y136.089 E831.21412
G1 X114.973 Y136.278 E831.23418
G1 X116.075 Y136.392 E831.25353
G1 X117.226 Y136.445 E831.27365
G1 X118.344 Y136.43 E831.29317
G1 X119.482 Y136.343 E831.3131
G1 X120.616 Y136.191 E831.33308
G1 X121.709 Y135.976 E831.35253
G1 X122.825 Y135.683 E831.37268
G1 X123.889 Y135.339 E831.3922
G1 X124.958 Y134.918 E831.41226
G1 X125.99 Y134.44 E831.43212
G1 X126.971 Y133.913 E831.45157
G1 X127.937 Y133.319 E831.47137
G1 X128.876 Y132.656 E831.49144
G1 X129.763 Y131.947 E831.51127
G1 X130.59 Y131.2 E831.53073
G1 X131.402 Y130.381 E831.55087
G1 X132.139 Y129.533 E831.57049
G1 X132.833 Y128.634 E831.59032
G1 X133.467 Y127.705 E831.60996
G1 X134.058 Y126.72 E831.63002
G1 X134.573 Y125.721 E831.64964
G1 X135.032 Y124.693 E831.6693
G1 X135.437 Y123.612 E831.68946
G1 X135.771 Y122.528 E831.70926
G1 X136.04 Y121.43 E831.729
G1 X136.237 Y120.331 E831.7485
G1 X136.377 Y119.184 E831.76868
G1 X136.446 Y118.056 E831.78841
G1 X136.446 Y116.945 E831.80781
G1 X136.374 Y115.793 E831.82796
G1 X136.237 Y114.665 E831.84781
G1 X136.036 Y113.551 E831.86757
G1 X135.771 Y112.469 E831.88702
G1 X135.429 Y111.364 E831.90722
G1 X135.036 Y110.311 E831.92685
G1 X134.573 Y109.276 E831.94665
G1 X134.058 Y108.279 E831.96624
G1 X133.466 Y107.29 E831.98637
G1 X132.829 Y106.353 E832.00615
G1 X132.148 Y105.472 E832.0256
G1 X131.402 Y104.62 E832.04537
G1 X130.589 Y103.795 E832.0656
G1 X129.763 Y103.049 E832.08503
G1 X128.877 Y102.341 E832.10483
G1 X127.934 Y101.678 E832.12496
G1 X126.967 Y101.082 E832.1448
G1 X125.989 Y100.556 E832.16419
G1 X124.959 Y100.079 E832.18401
G1 X123.886 Y99.658 E832.20414
G1 X122.821 Y99.313 E832.22368
G1 X121.714 Y99.025 E832.24366
G1 X120.616 Y98.809 E832.2632
G1 X119.482 Y98.657 E832.28318
G1 X118.342 Y98.57 E832.30314
G1 X117.224 Y98.551 E832.32266
G1 X116.076 Y98.604 E832.34273
G1 X114.969 Y98.721 E832.36217
G1 X113.839 Y98.907 E832.38217
G1 X112.728 Y99.162 E832.40207
G1 X111.657 Y99.471 E832.42154
G1 X110.589 Y99.858 E832.44137
G1 X109.545 Y100.302 E832.46118
G1 X108.514 Y100.818 E832.48131
G1 X107.55 Y101.374 E832.50074
G1 X106.589 Y102.011 E832.52088
G1 X105.695 Y102.678 E832.54035
G1 X104.816 Y103.425 E832.5605
G1 X104.012 Y104.194 E832.57992
G1 X103.232 Y105.032 E832.59991
G1 X102.516 Y105.906 E832.61964
G1 X101.848 Y106.825 E832.63948
G1 X101.23 Y107.788 E832.65946
G1 X100.689 Y108.76 E832.67889
G1 X100.188 Y109.799 E832.69903
G1 X99.761 Y110.848 E832.7188
G1 X99.4 Y111.906 E832.73832
G1 X99.093 Y113.019 E832.75848
G1 X98.858 Y114.109 E832.77795
G1 X98.688 Y115.245 E832.79801
G1 X98.589 Y116.355 E832.81747
G1 X98.555 Y117.5 E832.83747
G0 F9000 X98.135 Y117.5
G1 F1800 X98.135 Y117.507 E832.8376
G1 X98.17 Y118.666 E832.85784
G1 X98.27 Y119.801 E832.87774
G1 X98.445 Y120.967 E832.89833
G1 X98.684 Y122.081 E832.91822
G1 X98.999 Y123.214 E832.93876
G1 X99.367 Y124.295 E832.9587
G1 X99.804 Y125.368 E832.97893
G1 X100.316 Y126.429 E832.9995
G1 X100.869 Y127.424 E833.01937
G1 X101.501 Y128.409 E833.03981
G1 X102.179 Y129.346 E833.06001
G1 X102.915 Y130.241 E833.08024
G1 X103.706 Y131.093 E833.10054
G1 X104.534 Y131.887 E833.12057
G1 X105.433 Y132.646 E833.14112
G1 X106.347 Y133.332 E833.16107
G1 X107.328 Y133.979 E833.18159
G1 X108.315 Y134.549 E833.20149
G1 X109.366 Y135.076 E833.22202
G1 X110.435 Y135.533 E833.24232
G1 X111.527 Y135.924 E833.26258
G1 X112.623 Y136.241 E833.2825
G1 X113.759 Y136.501 E833.30285
G1 X114.917 Y136.695 E833.32335
G1 X116.043 Y136.811 E833.34312
G1 X117.219 Y136.865 E833.36367
G1 X118.363 Y136.85 E833.38365
G1 X119.526 Y136.761 E833.40402
G1 X120.685 Y136.606 E833.42444
G1 X121.803 Y136.385 E833.44434
G1 X122.943 Y136.087 E833.46491
G1 X124.031 Y135.734 E833.48488
G1 X125.123 Y135.304 E833.50538
G1 X126.178 Y134.816 E833.52568
G1 X127.181 Y134.277 E833.54556
G1 X128.168 Y133.669 E833.5658
G1 X129.129 Y132.992 E833.58633
G1 X130.035 Y132.267 E833.60659
G1 X130.88 Y131.504 E833.62647
G1 X131.71 Y130.667 E833.64705
G1 X132.464 Y129.8 E833.66711
G1 X133.173 Y128.881 E833.68738
G1 X133.821 Y127.932 E833.70745
G1 X134.425 Y126.925 E833.72795
G1 X134.951 Y125.903 E833.74802
G1 X135.42 Y124.852 E833.76812
G1 X135.835 Y123.748 E833.78871
G1 X136.176 Y122.64 E833.80896
G1 X136.451 Y121.517 E833.82915
G1 X136.652 Y120.394 E833.84907
G1 X136.796 Y119.222 E833.86969
G1 X136.866 Y118.069 E833.88986
G1 X136.866 Y116.932 E833.90971
G1 X136.792 Y115.754 E833.93032
G1 X136.652 Y114.602 E833.95058
G1 X136.447 Y113.463 E833.97079
G1 X136.176 Y112.357 E833.99068
G1 X135.827 Y111.228 E834.01131
G1 X135.424 Y110.152 E834.03137
G1 X134.952 Y109.094 E834.0516
G1 X134.425 Y108.075 E834.07163
G1 X133.82 Y107.064 E834.09221
G1 X133.169 Y106.107 E834.11242
G1 X132.473 Y105.205 E834.13231
G1 X131.71 Y104.334 E834.15253
G1 X130.88 Y103.492 E834.17318
G1 X130.035 Y102.729 E834.19306
G1 X129.129 Y102.005 E834.21331
G1 X128.165 Y101.327 E834.23389
G1 X127.177 Y100.718 E834.25415
G1 X126.177 Y100.18 E834.27398
G1 X125.124 Y99.692 E834.29425
G1 X124.027 Y99.262 E834.31482
G1 X122.939 Y98.91 E834.33479
G1 X121.807 Y98.615 E834.35522
G1 X120.685 Y98.394 E834.37518
G1 X119.526 Y98.239 E834.3956
G1 X118.362 Y98.15 E834.41599
G1 X117.218 Y98.131 E834.43597
G1 X116.044 Y98.185 E834.45649
G1 X114.913 Y98.305 E834.47635
G1 X113.758 Y98.495 E834.49679
G1 X112.623 Y98.755 E834.51712
G1 X111.527 Y99.072 E834.53704
G1 X110.435 Y99.467 E834.55732
G1 X109.369 Y99.921 E834.57755
G1 X108.315 Y100.448 E834.59813
G1 X107.328 Y101.016 E834.61801
G1 X106.347 Y101.668 E834.63858
G1 X105.433 Y102.35 E834.65849
G1 X104.535 Y103.113 E834.67907
G1 X103.713 Y103.899 E834.69893
G1 X102.915 Y104.755 E834.71936
G1 X102.183 Y105.649 E834.73954
G1 X101.501 Y106.588 E834.7598
G1 X100.869 Y107.572 E834.78023
G1 X100.316 Y108.567 E834.8001
G1 X99.804 Y109.628 E834.82067
G1 X99.367 Y110.701 E834.8409
G1 X98.999 Y111.782 E834.86084
G1 X98.685 Y112.919 E834.88144
G1 X98.444 Y114.034 E834.90136
G1 X98.27 Y115.195 E834.92186
G1 X98.17 Y116.33 E834.94176
G1 X98.135 Y117.5 E834.96219
G0 F9000 X97.715 Y117.5
;TYPE:WALL-OUTER
G1 F1800 X97.715 Y117.507 E834.96232
G1 X97.75 Y118.691 E834.983
G1 X97.853 Y119.851 E835.00334
G1 X98.031 Y121.042 E835.02436
G1 X98.276 Y122.181 E835.04471
G1 X98.597 Y123.338 E835.06567
G1 X98.973 Y124.442 E835.08604
G1 X99.42 Y125.538 E835.10671
G1 X99.943 Y126.623 E835.12774
G1 X100.509 Y127.64 E835.14806
G1 X101.154 Y128.645 E835.16891
G1 X101.847 Y129.603 E835.18956
G1 X102.599 Y130.517 E835.21023
G1 X103.406 Y131.388 E835.23096
G1 X104.253 Y132.199 E835.25144
G1 X105.171 Y132.975 E835.27243
G1 X106.105 Y133.676 E835.29282
G1 X107.107 Y134.337 E835.31378
G1 X108.116 Y134.919 E835.33412
G1 X109.189 Y135.457 E835.35508
G1 X110.281 Y135.924 E835.37582
G1 X111.397 Y136.324 E835.39652
G1 X112.517 Y136.648 E835.41688
G1 X113.677 Y136.913 E835.43765
G1 X114.861 Y137.111 E835.45862
G1 X116.012 Y137.23 E835.47882
G1 X117.212 Y137.285 E835.4998
G1 X118.382 Y137.27 E835.52023
G1 X119.57 Y137.179 E835.54103
G1 X120.753 Y137.02 E835.56188
G1 X121.897 Y136.795 E835.58224
G1 X123.061 Y136.49 E835.60325
G1 X124.173 Y136.13 E835.62366
G1 X125.289 Y135.69 E835.6446
G1 X126.366 Y135.192 E835.66532
G1 X127.391 Y134.641 E835.68564
G1 X128.4 Y134.02 E835.70633
G1 X129.381 Y133.328 E835.72729
G1 X130.307 Y132.587 E835.748
G1 X131.17 Y131.808 E835.7683
G1 X132.018 Y130.953 E835.78933
G1 X132.789 Y130.066 E835.80985
G1 X133.513 Y129.128 E835.83054
G1 X134.175 Y128.158 E835.85105
G1 X134.792 Y127.129 E835.872
G1 X135.33 Y126.085 E835.89251
G1 X135.809 Y125.012 E835.91303
G1 X136.233 Y123.884 E835.93407
G1 X136.581 Y122.752 E835.95475
G1 X136.862 Y121.604 E835.97539
G1 X137.068 Y120.456 E835.99575
G1 X137.214 Y119.26 E836.01679
G1 X137.286 Y118.081 E836.03742
G1 X137.286 Y116.919 E836.05771
G1 X137.21 Y115.716 E836.07875
G1 X137.068 Y114.54 E836.09944
G1 X136.858 Y113.376 E836.12009
G1 X136.581 Y112.245 E836.14042
G1 X136.225 Y111.092 E836.1615
G1 X135.813 Y109.992 E836.18201
G1 X135.33 Y108.912 E836.20267
G1 X134.792 Y107.871 E836.22313
G1 X134.174 Y106.838 E836.24415
G1 X133.509 Y105.86 E836.2648
G1 X132.797 Y104.938 E836.28514
G1 X132.018 Y104.048 E836.30579
G1 X131.17 Y103.188 E836.32688
G1 X130.307 Y102.409 E836.34718
G1 X129.381 Y101.669 E836.36788
G1 X128.396 Y100.976 E836.38891
G1 X127.387 Y100.354 E836.40961
G1 X126.365 Y99.804 E836.42987
G1 X125.289 Y99.306 E836.45058
G1 X124.169 Y98.866 E836.47159
G1 X123.057 Y98.506 E836.492
G1 X121.901 Y98.205 E836.51286
G1 X120.753 Y97.98 E836.53328
G1 X119.57 Y97.821 E836.55413
G1 X118.382 Y97.73 E836.57493
G1 X117.212 Y97.711 E836.59536
G1 X116.012 Y97.766 E836.61634
G1 X114.857 Y97.889 E836.63662
G1 X113.677 Y98.083 E836.6575
G1 X112.517 Y98.348 E836.67828
G1 X111.397 Y98.672 E836.69864
G1 X110.281 Y99.076 E836.71936
G1 X109.193 Y99.539 E836.74001
G1 X108.116 Y100.078 E836.76104
G1 X107.107 Y100.659 E836.78137
G1 X106.105 Y101.324 E836.80237
G1 X105.171 Y102.021 E836.82272
G1 X104.253 Y102.801 E836.84376
G1 X103.414 Y103.604 E836.86403
G1 X102.599 Y104.479 E836.88491
G1 X101.851 Y105.393 E836.90554
G1 X101.154 Y106.351 E836.92622
G1 X100.509 Y107.356 E836.94708
G1 X99.943 Y108.373 E836.9674
G1 X99.42 Y109.458 E836.98843
G1 X98.973 Y110.554 E837.0091
G1 X98.597 Y111.658 E837.02947
G1 X98.277 Y112.819 E837.05049
G1 X98.031 Y113.958 E837.07084
G1 X97.853 Y115.145 E837.0918
G1 X97.75 Y116.305 E837.11214
G1 X97.715 Y117.5 E837.13301
G0 F9000 X97.715 Y117.507
G0 X97.72 Y117.699
G1 F1500 E836.13301
G0 F9000 X98.43 Y117.679
G0 X113.586 Y117.445
G0 X114.291 Y117.5
G1 F1500 E837.13301
G1 F1800 X114.29 Y117.483 E837.13331
G1 X114.331 Y116.992 E837.14191
G1 X114.445 Y116.516 E837.15046
G1 X114.626 Y116.076 E837.15877
G1 X114.877 Y115.654 E837.16734
G1 X115.204 Y115.258 E837.17631
G1 X115.573 Y114.936 E837.18486
G1 X115.982 Y114.672 E837.19336
G1 X116.432 Y114.473 E837.20195
G1 X116.893 Y114.348 E837.21029
G1 X117.369 Y114.29 E837.21867
G1 X117.88 Y114.311 E837.2276
G1 X118.357 Y114.402 E837.23607
G1 X118.821 Y114.569 E837.24469
G1 X119.26 Y114.812 E837.25345
G1 X119.635 Y115.098 E837.26168
G1 X119.987 Y115.463 E837.27054
G1 X120.268 Y115.873 E837.27922
G1 X120.483 Y116.299 E837.28755
G1 X120.632 Y116.779 E837.29632
G1 X120.706 Y117.254 E837.30472
G1 X120.704 Y117.766 E837.31366
G1 X120.629 Y118.234 E837.32194
G1 X120.483 Y118.697 E837.33041
G1 X120.261 Y119.141 E837.33908
G1 X119.979 Y119.546 E837.3477
G1 X119.632 Y119.905 E837.35642
G1 X119.243 Y120.195 E837.36489
G1 X118.809 Y120.432 E837.37352
G1 X118.35 Y120.596 E837.38203
G1 X117.88 Y120.685 E837.39039
G1 X117.369 Y120.706 E837.39932
G1 X116.887 Y120.651 E837.40779
G1 X116.405 Y120.518 E837.41652
G1 X115.968 Y120.318 E837.42491
G1 X115.547 Y120.045 E837.43367
G1 X115.181 Y119.714 E837.44229
G1 X114.871 Y119.332 E837.45088
G1 X114.626 Y118.92 E837.45925
G1 X114.435 Y118.449 E837.46813
G1 X114.328 Y117.992 E837.47632
G1 X114.291 Y117.5 E837.48494
G0 F9000 X114.29 Y117.483
G0 X114.305 Y117.301
G0 X113.283 Y117.221
G1 F1500 E836.48494
;MESH:NONMESH
G0 F600 X113.283 Y117.221 Z1.82
G0 F9000 X98.555 Y117.5
;TIME_ELAPSED:1810.294520
;LAYER:17
;TYPE:WALL-INNER
;MESH:ranella v1.stl
G1 F1500 E837.48494
G1 F1800 X98.555 Y117.507 E837.48506
G1 X98.589 Y118.641 E837.50487
G1 X98.688 Y119.751 E837.52433
G1 X98.858 Y120.891 E837.54446
G1 X99.092 Y121.981 E837.56392
G1 X99.4 Y123.09 E837.58402
G1 X99.761 Y124.148 E837.60354
G1 X100.188 Y125.197 E837.62332
G1 X100.689 Y126.236 E837.64346
G1 X101.23 Y127.208 E837.66288
G1 X101.848 Y128.172 E837.68288
G1 X102.512 Y129.09 E837.70266
G1 X103.232 Y129.965 E837.72245
G1 X104.005 Y130.799 E837.7423
G1 X104.815 Y131.575 E837.76189
G1 X105.695 Y132.318 E837.782
G1 X106.589 Y132.989 E837.80152
G1 X107.549 Y133.622 E837.8216
G1 X108.515 Y134.179 E837.84107
G1 X109.543 Y134.695 E837.86116
G1 X110.588 Y135.142 E837.881
G1 X111.656 Y135.524 E837.90081
G1 X112.728 Y135.834 E837.92029
G1 X113.84 Y136.089 E837.94022
G1 X114.973 Y136.278 E837.96027
G1 X116.075 Y136.392 E837.97962
G1 X117.226 Y136.445 E837.99974
G1 X118.344 Y136.43 E838.01926
G1 X119.482 Y136.343 E838.03919
G1 X120.616 Y136.191 E838.05917
G1 X121.709 Y135.976 E838.07862
G1 X122.825 Y135.683 E838.09877
G1 X123.889 Y135.339 E838.11829
G1 X124.958 Y134.918 E838.13836
G1 X125.99 Y134.44 E838.15821
G1 X126.971 Y133.913 E838.17766
G1 X127.937 Y133.319 E838.19746
G1 X128.876 Y132.656 E838.21753
G1 X129.763 Y131.947 E838.23736
G1 X130.59 Y131.2 E838.25682
G1 X131.402 Y130.381 E838.27696
G1 X132.139 Y129.533 E838.29658
G1 X132.833 Y128.634 E838.31641
G1 X133.467 Y127.705 E838.33605
G1 X134.058 Y126.72 E838.35611
G1 X134.573 Y125.721 E838.37573
G1 X135.032 Y124.693 E838.39539
G1 X135.437 Y123.612 E838.41555
G1 X135.771 Y122.528 E838.43535
G1 X136.04 Y121.43 E838.45509
G1 X136.237 Y120.331 E838.47459
G1 X136.377 Y119.184 E838.49477
G1 X136.446 Y118.056 E838.5145
G1 X136.446 Y116.945 E838.5339
G1 X136.374 Y115.793 E838.55406
G1 X136.237 Y114.665 E838.5739
G1 X136.036 Y113.551 E838.59366
G1 X135.771 Y112.469 E838.61312
G1 X135.429 Y111.364 E838.63331
G1 X135.036 Y110.311 E838.65294
G1 X134.573 Y109.276 E838.67274
G1 X134.058 Y108.279 E838.69233
G1 X133.466 Y107.29 E838.71246
G1 X132.829 Y106.353 E838.73224
G1 X132.148 Y105.472 E838.75169
G1 X131.402 Y104.62 E838.77146
G1 X130.589 Y103.795 E838.79169
G1 X129.763 Y103.049 E838.81112
G1 X128.877 Y102.341 E838.83093
G1 X127.934 Y101.678 E838.85105
G1 X126.967 Y101.082 E838.87089
G1 X125.989 Y100.556 E838.89028
G1 X124.959 Y100.079 E838.9101
G1 X123.886 Y99.658 E838.93023
G1 X122.821 Y99.313 E838.94978
G1 X121.714 Y99.025 E838.96975
G1 X120.616 Y98.809 E838.98929
G1 X119.482 Y98.657 E839.00927
G1 X118.342 Y98.57 E839.02923
G1 X117.224 Y98.551 E839.04876
G1 X116.076 Y98.604 E839.06882
G1 X114.969 Y98.721 E839.08826
G1 X113.839 Y98.907 E839.10826
G1 X112.728 Y99.162 E839.12816
G1 X111.657 Y99.471 E839.14763
G1 X110.589 Y99.858 E839.16746
G1 X109.545 Y100.302 E839.18727
G1 X108.514 Y100.818 E839.2074
G1 X107.55 Y101.374 E839.22684
G1 X106.589 Y102.011 E839.24697
G1 X105.695 Y102.678 E839.26644
G1 X104.816 Y103.425 E839.28659
G1 X104.012 Y104.194 E839.30601
G1 X103.232 Y105.032 E839.32601
G1 X102.516 Y105.906 E839.34573
G1 X101.848 Y106.825 E839.36557
G1 X101.23 Y107.788 E839.38555
G1 X100.689 Y108.76 E839.40498
G1 X100.188 Y109.799 E839.42512
G1 X99.761 Y110.848 E839.4449
G1 X99.4 Y111.906 E839.46442
G1 X99.093 Y113.019 E839.48458
G1 X98.858 Y114.109 E839.50405
G1 X98.688 Y115.245 E839.5241
G1 X98.589 Y116.355 E839.54356
G1 X98.555 Y117.5 E839.56357
G0 F9000 X98.135 Y117.5
G1 F1800 X98.135 Y117.507 E839.56369
G1 X98.17 Y118.666 E839.58393
G1 X98.27 Y119.801 E839.60383
G1 X98.445 Y120.967 E839.62442
G1 X98.684 Y122.081 E839.64431
G1 X98.999 Y123.214 E839.66485
G1 X99.367 Y124.295 E839.68479
G1 X99.804 Y125.368 E839.70502
G1 X100.316 Y126.429 E839.72559
G1 X100.869 Y127.424 E839.74547
G1 X101.501 Y128.409 E839.7659
G1 X102.179 Y129.346 E839.7861
G1 X102.915 Y130.241 E839.80633
G1 X103.706 Y131.093 E839.82663
G1 X104.534 Y131.887 E839.84666
G1 X105.433 Y132.646 E839.86721
G1 X106.347 Y133.332 E839.88716
G1 X107.328 Y133.979 E839.90768
G1 X108.315 Y134.549 E839.92758
G1 X109.366 Y135.076 E839.94811
G1 X110.435 Y135.533 E839.96842
G1 X111.527 Y135.924 E839.98867
G1 X112.623 Y136.241 E840.00859
G1 X113.759 Y136.501 E840.02894
G1 X114.917 Y136.695 E840.04944
G1 X116.043 Y136.811 E840.06921
G1 X117.219 Y136.865 E840.08977
G1 X118.363 Y136.85 E840.10974
G1 X119.526 Y136.761 E840.13011
G1 X120.685 Y136.606 E840.15053
G1 X121.803 Y136.385 E840.17043
G1 X122.943 Y136.087 E840.191
G1 X124.031 Y135.734 E840.21098
G1 X125.123 Y135.304 E840.23147
G1 X126.178 Y134.816 E840.25177
G1 X127.181 Y134.277 E840.27165
G1 X128.168 Y133.669 E840.29189
G1 X129.129 Y132.992 E840.31242
G1 X130.035 Y132.267 E840.33268
G1 X130.88 Y131.504 E840.35256
G1 X131.71 Y130.667 E840.37314
G1 X132.464 Y129.8 E840.39321
G1 X133.173 Y128.881 E840.41347
G1 X133.821 Y127.932 E840.43354
G1 X134.425 Y126.925 E840.45404
G1 X134.951 Y125.903 E840.47411
G1 X135.42 Y124.852 E840.49421
G1 X135.835 Y123.748 E840.51481
G1 X136.176 Y122.64 E840.53505
G1 X136.451 Y121.517 E840.55524
G1 X136.652 Y120.394 E840.57516
G1 X136.796 Y119.222 E840.59578
G1 X136.866 Y118.069 E840.61595
G1 X136.866 Y116.932 E840.6358
G1 X136.792 Y115.754 E840.65641
G1 X136.652 Y114.602 E840.67668
G1 X136.447 Y113.463 E840.69688
G1 X136.176 Y112.357 E840.71677
G1 X135.827 Y111.228 E840.7374
G1 X135.424 Y110.152 E840.75746
G1 X134.952 Y109.094 E840.77769
G1 X134.425 Y108.075 E840.79773
G1 X133.82 Y107.064 E840.8183
G1 X133.169 Y106.107 E840.83851
G1 X132.473 Y105.205 E840.8584
G1 X131.71 Y104.334 E840.87862
G1 X130.88 Y103.492 E840.89927
G1 X130.035 Y102.729 E840.91915
G1 X129.129 Y102.005 E840.9394
G1 X128.165 Y101.327 E840.95998
G1 X127.177 Y100.718 E840.98025
G1 X126.177 Y100.18 E841.00007
G1 X125.124 Y99.692 E841.02034
G1 X124.027 Y99.262 E841.04091
G1 X122.939 Y98.91 E841.06088
G1 X121.807 Y98.615 E841.08131
G1 X120.685 Y98.394 E841.10128
G1 X119.526 Y98.239 E841.12169
G1 X118.362 Y98.15 E841.14208
G1 X117.218 Y98.131 E841.16206
G1 X116.044 Y98.185 E841.18258
G1 X114.913 Y98.305 E841.20244
G1 X113.758 Y98.495 E841.22288
G1 X112.623 Y98.755 E841.24321
G1 X111.527 Y99.072 E841.26313
G1 X110.435 Y99.467 E841.28341
G1 X109.369 Y99.921 E841.30364
G1 X108.315 Y100.448 E841.32422
G1 X107.328 Y101.016 E841.3441
G1 X106.347 Y101.668 E841.36467
G1 X105.433 Y102.35 E841.38458
G1 X104.535 Y103.113 E841.40516
G1 X103.713 Y103.899 E841.42502
G1 X102.915 Y104.755 E841.44546
G1 X102.183 Y105.649 E841.46563
G1 X101.501 Y106.588 E841.4859
G1 X100.869 Y107.572 E841.50632
G1 X100.316 Y108.567 E841.52619
G1 X99.804 Y109.628 E841.54677
G1 X99.367 Y110.701 E841.567
G1 X98.999 Y111.782 E841.58694
G1 X98.685 Y112.919 E841.60753
G1 X98.444 Y114.034 E841.62745
G1 X98.27 Y115.195 E841.64795
G1 X98.17 Y116.33 E841.66785
G1 X98.135 Y117.5 E841.68829
G1 F1500 E840.68829
G0 F9000 X98.425 Y117.5
G0 X113.453 Y117.5
G1 F1500 E841.68829
G1 F1800 X113.45 Y117.468 E841.68885
G1 X113.497 Y116.884 E841.69908
G1 X113.645 Y116.257 E841.71033
G1 X113.873 Y115.698 E841.72087
G1 X114.202 Y115.154 E841.73197
G1 X114.617 Y114.657 E841.74328
G1 X115.026 Y114.296 E841.7528
G1 X115.555 Y113.943 E841.76391
G1 X116.141 Y113.68 E841.77512
G1 X116.757 Y113.519 E841.78624
G1 X117.277 Y113.455 E841.79539
G1 X117.933 Y113.472 E841.80685
G1 X118.598 Y113.597 E841.81866
G1 X119.174 Y113.806 E841.82936
G1 X119.683 Y114.085 E841.8395
G1 X120.172 Y114.452 E841.85017
G1 X120.633 Y114.926 E841.86172
G1 X120.982 Y115.429 E841.87241
G1 X121.272 Y116.011 E841.88376
G1 X121.451 Y116.575 E841.8941
G1 X121.545 Y117.202 E841.90517
G1 X121.545 Y117.796 E841.91554
G1 X121.445 Y118.434 E841.92682
G1 X121.248 Y119.045 E841.93803
G1 X120.981 Y119.577 E841.94842
G1 X120.613 Y120.098 E841.95956
G1 X120.205 Y120.52 E841.96981
G1 X119.683 Y120.911 E841.9812
G1 X119.14 Y121.204 E841.99197
G1 X118.598 Y121.398 E842.00202
G1 X117.958 Y121.521 E842.0134
G1 X117.353 Y121.55 E842.02398
G1 X116.724 Y121.475 E842.03504
G1 X116.129 Y121.315 E842.0458
G1 X115.571 Y121.058 E842.05653
G1 X115.048 Y120.725 E842.06735
G1 X114.574 Y120.295 E842.07853
G1 X114.193 Y119.833 E842.08898
G1 X113.869 Y119.291 E842.10001
G1 X113.636 Y118.709 E842.11096
G1 X113.504 Y118.158 E842.12085
G1 X113.453 Y117.5 E842.13237
G0 F9000 X113.871 Y117.5
G1 F1800 X113.87 Y117.481 E842.13271
G1 X113.912 Y116.946 E842.14208
G1 X114.037 Y116.41 E842.15169
G1 X114.236 Y115.92 E842.16092
G1 X114.521 Y115.431 E842.17081
G1 X114.908 Y114.96 E842.18145
G1 X115.291 Y114.622 E842.19037
G1 X115.766 Y114.307 E842.20032
G1 X116.312 Y114.07 E842.21072
G1 X116.787 Y113.941 E842.21931
G1 X117.332 Y113.872 E842.2289
G1 X117.901 Y113.891 E842.23884
G1 X118.427 Y113.987 E842.24818
G1 X118.977 Y114.179 E842.25835
G1 X119.463 Y114.443 E842.26801
G1 X119.904 Y114.775 E842.27765
G1 X120.308 Y115.192 E842.28779
G1 X120.607 Y115.621 E842.29692
G1 X120.864 Y116.122 E842.30675
G1 X121.03 Y116.637 E842.3162
G1 X121.124 Y117.209 E842.32632
G1 X121.124 Y117.79 E842.33647
G1 X121.042 Y118.311 E842.34568
G1 X120.864 Y118.873 E842.35597
G1 X120.634 Y119.334 E842.36497
G1 X120.296 Y119.822 E842.37533
G1 X119.894 Y120.233 E842.38537
G1 X119.481 Y120.541 E842.39437
G1 X119.024 Y120.795 E842.4035
G1 X118.477 Y120.996 E842.41367
G1 X117.936 Y121.101 E842.42329
G1 X117.358 Y121.126 E842.4334
G1 X116.787 Y121.059 E842.44344
G1 X116.299 Y120.926 E842.45227
G1 X115.769 Y120.688 E842.46241
G1 X115.331 Y120.408 E842.47149
G1 X114.923 Y120.05 E842.48097
G1 X114.541 Y119.594 E842.49136
G1 X114.259 Y119.123 E842.50094
G1 X114.043 Y118.604 E842.51076
G1 X113.912 Y118.054 E842.52063
G1 X113.871 Y117.5 E842.53033
G0 F9000 X114.291 Y117.5
;TYPE:WALL-OUTER
G1 F1800 X114.29 Y117.483 E842.53063
G1 X114.331 Y116.992 E842.53923
G1 X114.445 Y116.516 E842.54778
G1 X114.626 Y116.076 E842.55609
G1 X114.877 Y115.654 E842.56466
G1 X115.204 Y115.258 E842.57363
G1 X115.573 Y114.936 E842.58218
G1 X115.982 Y114.672 E842.59068
G1 X116.432 Y114.473 E842.59927
G1 X116.893 Y114.348 E842.60761
G1 X117.369 Y114.29 E842.61598
G1 X117.88 Y114.311 E842.62491
G1 X118.357 Y114.402 E842.63339
G1 X118.821 Y114.569 E842.642
G1 X119.26 Y114.812 E842.65077
G1 X119.635 Y115.098 E842.659
G1 X119.987 Y115.463 E842.66786
G1 X120.268 Y115.873 E842.67654
G1 X120.483 Y116.299 E842.68487
G1 X120.632 Y116.779 E842.69364
G1 X120.706 Y117.254 E842.70204
G1 X120.704 Y117.766 E842.71098
G1 X120.629 Y118.234 E842.71925
G1 X120.483 Y118.697 E842.72773
G1 X120.261 Y119.141 E842.7364
G1 X119.979 Y119.546 E842.74502
G1 X119.632 Y119.905 E842.75374
G1 X119.243 Y120.195 E842.76221
G1 X118.83 Y120.423 E842.77045
G1 X118.35 Y120.596 E842.77935
G1 X117.88 Y120.685 E842.78771
G1 X117.369 Y120.706 E842.79664
G1 X116.887 Y120.651 E842.80511
G1 X116.405 Y120.518 E842.81384
G1 X115.968 Y120.318 E842.82223
G1 X115.547 Y120.045 E842.83099
G1 X115.181 Y119.714 E842.83961
G1 X114.871 Y119.332 E842.8482
G1 X114.626 Y118.92 E842.85657
G1 X114.435 Y118.449 E842.86545
G1 X114.328 Y117.992 E842.87364
G1 X114.291 Y117.5 E842.88226
G0 F9000 X114.29 Y117.483
G0 X114.305 Y117.301
G1 F1500 E841.88226
G0 F9000 X113.602 Y117.246
G0 X98.425 Y117.5
G0 X97.715 Y117.5
G1 F1500 E842.88226
G1 F1800 X97.715 Y117.507 E842.88238
G1 X97.75 Y118.691 E842.90306
G1 X97.853 Y119.851 E842.9234
G1 X98.031 Y121.042 E842.94443
G1 X98.276 Y122.181 E842.96477
G1 X98.597 Y123.338 E842.98574
G1 X98.973 Y124.442 E843.0061
G1 X99.42 Y125.538 E843.02677
G1 X99.943 Y126.623 E843.0478
G1 X100.509 Y127.64 E843.06812
G1 X101.154 Y128.645 E843.08898
G1 X101.847 Y129.603 E843.10962
G1 X102.599 Y130.517 E843.13029
G1 X103.406 Y131.388 E843.15102
G1 X104.253 Y132.199 E843.1715
G1 X105.171 Y132.975 E843.19249
G1 X106.105 Y133.676 E843.21288
G1 X107.107 Y134.337 E843.23384
G1 X108.116 Y134.919 E843.25418
G1 X109.189 Y135.457 E843.27514
G1 X110.281 Y135.924 E843.29588
G1 X111.397 Y136.324 E843.31658
G1 X112.517 Y136.648 E843.33694
G1 X113.677 Y136.913 E843.35772
G1 X114.861 Y137.111 E843.37868
G1 X116.012 Y137.23 E843.39888
G1 X117.212 Y137.285 E843.41986
G1 X118.382 Y137.27 E843.44029
G1 X119.57 Y137.179 E843.4611
G1 X120.753 Y137.02 E843.48194
G1 X121.897 Y136.795 E843.5023
G1 X123.061 Y136.49 E843.52331
G1 X124.173 Y136.13 E843.54372
G1 X125.289 Y135.69 E843.56467
G1 X126.366 Y135.192 E843.58538
G1 X127.391 Y134.641 E843.60571
G1 X128.4 Y134.02 E843.62639
G1 X129.381 Y133.328 E843.64736
G1 X130.307 Y132.587 E843.66807
G1 X131.17 Y131.808 E843.68837
G1 X132.018 Y130.953 E843.70939
G1 X132.789 Y130.066 E843.72992
G1 X133.513 Y129.128 E843.75061
G1 X134.175 Y128.158 E843.77111
G1 X134.792 Y127.129 E843.79206
G1 X135.33 Y126.085 E843.81257
G1 X135.809 Y125.012 E843.83309
G1 X136.233 Y123.884 E843.85413
G1 X136.581 Y122.752 E843.87481
G1 X136.862 Y121.604 E843.89545
G1 X137.068 Y120.456 E843.91581
G1 X137.214 Y119.26 E843.93685
G1 X137.286 Y118.081 E843.95748
G1 X137.286 Y116.919 E843.97777
G1 X137.21 Y115.716 E843.99882
G1 X137.068 Y114.54 E844.0195
G1 X136.858 Y113.376 E844.04015
G1 X136.581 Y112.245 E844.06049
G1 X136.225 Y111.092 E844.08156
G1 X135.813 Y109.992 E844.10207
G1 X135.33 Y108.912 E844.12273
G1 X134.792 Y107.871 E844.14319
G1 X134.174 Y106.838 E844.16421
G1 X133.509 Y105.86 E844.18486
G1 X132.797 Y104.938 E844.2052
G1 X132.018 Y104.048 E844.22585
G1 X131.17 Y103.188 E844.24694
G1 X130.307 Y102.409 E844.26724
G1 X129.381 Y101.669 E844.28794
G1 X128.396 Y100.976 E844.30897
G1 X127.387 Y100.354 E844.32967
G1 X126.365 Y99.804 E844.34994
G1 X125.289 Y99.306 E844.37064
G1 X124.169 Y98.866 E844.39165
G1 X123.057 Y98.506 E844.41206
G1 X121.901 Y98.205 E844.43292
G1 X120.753 Y97.98 E844.45335
G1 X119.57 Y97.821 E844.47419
G1 X118.382 Y97.73 E844.49499
G1 X117.212 Y97.711 E844.51543
G1 X116.012 Y97.766 E844.5364
G1 X114.857 Y97.889 E844.55669
G1 X113.677 Y98.083 E844.57757
G1 X112.517 Y98.348 E844.59834
G1 X111.397 Y98.672 E844.6187
G1 X110.281 Y99.076 E844.63943
G1 X109.193 Y99.539 E844.66007
G1 X108.116 Y100.078 E844.6811
G1 X107.107 Y100.659 E844.70143
G1 X106.105 Y101.324 E844.72243
G1 X105.171 Y102.021 E844.74278
G1 X104.253 Y102.801 E844.76382
G1 X103.414 Y103.604 E844.7841
G1 X102.599 Y104.479 E844.80498
G1 X101.851 Y105.393 E844.8256
G1 X101.154 Y106.351 E844.84629
G1 X100.509 Y107.356 E844.86714
G1 X99.943 Y108.373 E844.88746
G1 X99.42 Y109.458 E844.90849
G1 X98.973 Y110.554 E844.92916
G1 X98.597 Y111.658 E844.94953
G1 X98.277 Y112.819 E844.97056
G1 X98.031 Y113.958 E844.9909
G1 X97.853 Y115.145 E845.01186
G1 X97.75 Y116.305 E845.0322
G1 X97.715 Y117.5 E845.05307
G0 F9000 X97.715 Y117.507
G0 X97.72 Y117.699
G1 F1500 E844.05307
G0 F9000 X98.43 Y117.679
G0 X113.074 Y117.5
;TYPE:SKIN
G1 F1500 E845.05307
G1 F1800 X113.121 Y118.177 E845.06492
G1 X113.273 Y118.84 E845.0768
G1 X113.522 Y119.434 E845.08805
G1 X113.871 Y120.038 E845.10023
G1 X114.331 Y120.589 E845.11276
G1 X114.816 Y121.021 E845.1241
G1 X115.363 Y121.379 E845.13552
G1 X115.976 Y121.66 E845.14729
G1 X116.651 Y121.847 E845.15952
G1 X117.321 Y121.922 E845.1713
G1 X118.004 Y121.893 E845.18323
G1 X118.654 Y121.78 E845.19475
G1 X119.314 Y121.544 E845.20699
G1 X119.883 Y121.231 E845.21833
G1 X120.411 Y120.841 E845.22979
G1 X120.899 Y120.343 E845.24197
G1 X121.301 Y119.781 E845.25404
G1 X121.619 Y119.149 E845.26639
G1 X121.815 Y118.513 E845.27801
G1 X121.92 Y117.858 E845.28959
G1 X121.922 Y117.179 E845.30145
G1 X121.817 Y116.49 E845.31362
G1 X121.625 Y115.878 E845.32482
G1 X121.305 Y115.231 E845.33742
G1 X120.923 Y114.681 E845.34912
G1 X120.45 Y114.185 E845.36108
G1 X119.96 Y113.812 E845.37184
G1 X119.344 Y113.464 E845.38419
G1 X118.65 Y113.216 E845.39706
G1 X118.048 Y113.103 E845.40776
G1 X117.315 Y113.066 E845.42057
G1 X116.697 Y113.144 E845.43145
G1 X116.019 Y113.32 E845.44368
G1 X115.353 Y113.622 E845.45645
G1 X114.821 Y113.968 E845.46753
G1 X114.316 Y114.414 E845.4793
G1 X113.854 Y114.987 E845.49215
G1 X113.534 Y115.529 E845.50314
G1 X113.276 Y116.148 E845.51485
G1 X113.123 Y116.808 E845.52668
G1 X113.07 Y117.443 E845.53781
G1 X113.074 Y117.5 E845.5388
G1 F1500 E844.5388
G0 F9000 X98.931 Y117.5
G1 F1500 E845.5388
G1 F1800 X98.966 Y116.369 E845.55856
G1 X99.061 Y115.297 E845.57735
G1 X99.227 Y114.186 E845.59697
G1 X99.457 Y113.119 E845.61603
G1 X99.765 Y112.006 E845.63619
G1 X100.109 Y110.986 E845.65499
G1 X100.528 Y109.962 E845.67431
G1 X101.031 Y108.925 E845.69443
G1 X101.549 Y107.988 E845.71313
G1 X102.162 Y107.031 E845.73298
G1 X102.863 Y106.077 E845.75365
G1 X103.507 Y105.287 E845.77144
G1 X104.286 Y104.452 E845.79138
G1 X105.061 Y103.713 E845.81008
G1 X105.94 Y102.969 E845.83019
G1 X106.814 Y102.312 E845.84929
G1 X107.739 Y101.699 E845.86866
G1 X108.684 Y101.154 E845.88771
G1 X109.713 Y100.639 E845.9078
G1 X110.737 Y100.204 E845.92723
G1 X111.781 Y99.824 E845.94663
G1 X112.813 Y99.528 E845.96538
G1 X113.909 Y99.279 E845.985
G1 X115.029 Y99.093 E846.00483
G1 X116.096 Y98.982 E846.02356
G1 X117.232 Y98.927 E846.04342
G1 X118.313 Y98.946 E846.0623
G1 X119.441 Y99.033 E846.08205
G1 X120.561 Y99.184 E846.10179
G1 X121.617 Y99.389 E846.12057
G1 X122.721 Y99.678 E846.1405
G1 X123.749 Y100.01 E846.15936
G1 X124.817 Y100.43 E846.1794
G1 X125.83 Y100.896 E846.19887
G1 X126.766 Y101.402 E846.21745
G1 X127.724 Y101.992 E846.2371
G1 X128.653 Y102.644 E846.25691
G1 X129.523 Y103.344 E846.27641
G1 X130.33 Y104.072 E846.29539
G1 X131.118 Y104.868 E846.31495
G1 X131.845 Y105.702 E846.33427
G1 X132.525 Y106.584 E846.35372
G1 X133.138 Y107.486 E846.37276
G1 X133.72 Y108.455 E846.3925
G1 X134.234 Y109.448 E846.41202
G1 X134.681 Y110.452 E846.43121
G1 X135.065 Y111.477 E846.45032
G1 X135.409 Y112.581 E846.47052
G1 X135.662 Y113.616 E846.48912
G1 X135.86 Y114.712 E846.50857
G1 X135.994 Y115.816 E846.52799
G1 X136.066 Y116.967 E846.54813
G1 X136.066 Y118.033 E846.56674
G1 X135.998 Y119.136 E846.58604
G1 X135.86 Y120.28 E846.60616
G1 X135.67 Y121.34 E846.62496
G1 X135.405 Y122.416 E846.64431
G1 X135.143 Y123.283 E846.66013
G1 X135.153 Y123.296 E846.66041
G1 X134.681 Y124.54 E846.68365
G1 X134.234 Y125.545 E846.70285
G1 X133.72 Y126.541 E846.72242
G1 X133.15 Y127.49 E846.74175
G1 X132.529 Y128.404 E846.76105
G1 X131.841 Y129.298 E846.78075
G1 X131.114 Y130.132 E846.80007
G1 X130.334 Y130.92 E846.81943
G1 X129.524 Y131.651 E846.83848
G1 X128.649 Y132.347 E846.858
G1 X127.72 Y133.004 E846.87787
G1 X126.775 Y133.586 E846.89725
G1 X125.83 Y134.096 E846.916
G1 X124.817 Y134.562 E846.93547
G1 X123.749 Y134.986 E846.95554
G1 X122.725 Y135.314 E846.97431
G1 X121.613 Y135.607 E846.99439
G1 X120.561 Y135.812 E847.01311
G1 X119.441 Y135.963 E847.03284
G1 X118.314 Y136.05 E847.05258
G1 X117.236 Y136.065 E847.0714
G1 X116.092 Y136.01 E847.0914
G1 X115.032 Y135.903 E847.11001
G1 X113.913 Y135.717 E847.12981
G1 X112.813 Y135.464 E847.14952
G1 X111.781 Y135.164 E847.16829
G1 X110.733 Y134.792 E847.18771
G1 X109.697 Y134.349 E847.20738
G1 X108.692 Y133.843 E847.22703
G1 X107.755 Y133.305 E847.2459
G1 X106.798 Y132.672 E847.26593
G1 X105.923 Y132.015 E847.28504
G1 X105.069 Y131.295 E847.30454
G1 X104.27 Y130.528 E847.32388
G1 X103.515 Y129.713 E847.34328
G1 X102.811 Y128.855 E847.36266
G1 X102.154 Y127.949 E847.3822
G1 X101.549 Y127.004 E847.4018
G1 X101.031 Y126.067 E847.42049
G1 X100.528 Y125.03 E847.44062
G1 X100.109 Y124.006 E847.45994
G1 X99.757 Y122.966 E847.47911
G1 X99.457 Y121.877 E847.49883
G1 X99.227 Y120.81 E847.51789
G1 X99.061 Y119.695 E847.53758
G1 X98.966 Y118.627 E847.5563
G1 X98.931 Y117.515 E847.57573
G1 X98.931 Y117.5 E847.57599
G1 F1500 E846.57599
G0 F9000 X103.843 Y105.234
G1 F1500 E847.57599
G1 F1800 X105.247 Y103.83 E847.61066
G1 X105.321 Y103.756
G0 F9000 X107.682 Y101.989
G1 F1800 X102.006 Y107.665 E847.75083
G1 X101.932 Y107.739
G0 F9000 X101.194 Y109.071
G1 F1800 X109.069 Y101.196 E847.94529
G1 X109.143 Y101.122
G0 F9000 X110.198 Y100.661
G1 F1800 X100.657 Y110.203 E848.18092
G1 X100.583 Y110.277
G0 F9000 X100.262 Y111.191
G1 F1800 X111.192 Y100.261 E848.45082
G1 X111.266 Y100.187
G0 F9000 X112.095 Y99.952
G1 F1800 X99.962 Y112.085 E848.75044
G1 X99.888 Y112.159
G0 F9000 X99.735 Y112.907
G1 F1800 X112.924 Y99.718 E849.07614
G0 F9000 X113.692 Y99.543
G1 F1800 X99.551 Y113.684 E849.42534
G0 F9000 X99.404 Y114.425
G1 F1800 X114.423 Y99.406 E849.79622
G0 F9000 X115.13 Y99.293
G1 F1800 X99.3 Y115.123 E850.18714
G0 F9000 X99.229 Y115.788
G1 F1800 X115.793 Y99.224 E850.59617
G0 F9000 X116.436 Y99.175
G1 F1800 X99.175 Y116.436 E851.02242
G0 F9000 X99.156 Y117.049
G1 F1800 X117.059 Y99.146 E851.46453
G0 F9000 X117.655 Y99.144
G1 F1800 X99.146 Y117.653 E851.9216
G0 F9000 X99.164 Y118.229
G1 F1800 X118.238 Y99.155 E852.39262
G0 F9000 X118.793 Y99.194
G1 F1800 X99.192 Y118.795 E852.87665
G0 F9000 X99.241 Y119.34
G1 F1800 X119.345 Y99.236 E853.37311
G0 F9000 X119.872 Y99.303
G1 F1800 X99.301 Y119.874 E853.8811
G0 F9000 X99.378 Y120.391
G1 F1800 X120.396 Y99.373 E854.40012
G0 F9000 X120.899 Y99.464
G1 F1800 X99.462 Y120.9 E854.92948
G0 F9000 X99.567 Y121.39
G1 F1800 X121.396 Y99.561 E855.46854
G0 F9000 X121.877 Y99.674
G1 F1800 X99.675 Y121.876 E856.0168
G0 F9000 X99.803 Y122.341
G1 F1800 X122.348 Y99.797 E856.57353
G0 F9000 X122.811 Y99.928
G1 F1800 X99.932 Y122.807 E857.13851
G0 F9000 X100.078 Y123.255
G1 F1800 X123.26 Y100.073 E857.71097
G0 F9000 X123.708 Y100.219
G1 F1800 X100.227 Y123.699 E858.29081
G0 F9000 X100.388 Y124.133
G1 F1800 X124.134 Y100.387 E858.8772
G0 F9000 X124.56 Y100.554
G1 F1800 X100.561 Y124.553 E859.46984
G0 F9000 X100.735 Y124.973
G1 F1800 X124.975 Y100.733 E860.06844
G0 F9000 X125.382 Y100.92
G1 F1800 X100.929 Y125.374 E860.6723
G0 F9000 X101.123 Y125.774
G1 F1800 X125.787 Y101.11 E861.28136
G0 F9000 X126.172 Y101.319
G1 F1800 X101.326 Y126.165 E861.89492
G0 F9000 X101.538 Y126.547
G1 F1800 X126.557 Y101.528 E862.51275
G0 F9000 X126.928 Y101.75
G1 F1800 X115.22 Y113.458 E862.80187
G1 X115.146 Y113.532
G0 F9000 X116.219 Y113.054
G1 F1800 X127.296 Y101.976 E863.07542
G0 F9000 X127.662 Y102.204
G1 F1800 X116.967 Y112.899 E863.33953
G0 F9000 X117.589 Y112.871
G1 F1800 X128.011 Y102.449 E863.59689
G0 F9000 X128.36 Y102.695
G1 F1800 X118.146 Y112.909 E863.84912
G0 F9000 X118.645 Y113.003
G1 F1800 X128.698 Y102.95 E864.09738
G0 F9000 X129.028 Y103.214
G1 F1800 X119.092 Y113.151 E864.34275
G0 F9000 X119.513 Y113.323
G1 F1800 X129.357 Y103.479 E864.58584
G0 F9000 X129.671 Y103.759
G1 F1800 X119.894 Y113.536 E864.82728
G0 F9000 X120.253 Y113.771
G1 F1800 X129.983 Y104.041 E865.06756
G0 F9000 X130.289 Y104.329
G1 F1800 X120.589 Y114.029 E865.30709
G0 F9000 X120.88 Y114.332
G1 F1800 X130.584 Y104.628 E865.54673
G0 F9000 X130.88 Y104.926
G1 F1800 X121.156 Y114.65 E865.78685
G0 F9000 X121.4 Y115
G1 F1800 X131.162 Y105.238 E866.02792
G0 F9000 X131.438 Y105.555
G1 F1800 X121.614 Y115.38 E866.27053
G0 F9000 X121.811 Y115.777
G1 F1800 X131.713 Y105.875 E866.51506
G0 F9000 X131.972 Y106.21
G1 F1800 X121.954 Y116.228 E866.76244
G0 F9000 X122.063 Y116.713
G1 F1800 X132.23 Y106.545 E867.01352
G0 F9000 X132.479 Y106.891
G1 F1800 X122.131 Y117.238 E867.26905
G0 F9000 X122.131 Y117.833
G1 F1800 X132.72 Y107.244 E867.53054
G0 F9000 X132.96 Y107.598
G1 F1800 X122.025 Y118.533 E867.80057
G1 X121.951 Y118.607
G0 F9000 X121.702 Y119.45
G1 F1800 X133.183 Y107.969 E868.08409
G0 F9000 X133.406 Y108.339
G1 F1800 X108.344 Y133.402 E868.70299
G0 F9000 X108.721 Y133.618
G1 F1800 X133.621 Y108.719 E869.31787
G0 F9000 X133.823 Y109.111
G1 F1800 X109.113 Y133.821 E869.92807
G0 F9000 X109.508 Y134.019
G1 F1800 X134.025 Y109.503 E870.53349
G0 F9000 X134.21 Y109.911
G1 F1800 X109.91 Y134.212 E871.13357
G0 F9000 X110.326 Y134.39
G1 F1800 X134.393 Y110.322 E871.72791
G0 F9000 X134.566 Y110.744
G1 F1800 X110.741 Y134.568 E872.31624
G0 F9000 X111.176 Y134.727
G1 F1800 X134.727 Y111.176 E872.89781
G0 F9000 X134.886 Y111.611
G1 F1800 X111.615 Y134.883 E873.47249
G0 F9000 X112.064 Y135.028
G1 F1800 X135.027 Y112.064 E874.03956
G0 F9000 X135.168 Y112.517
G1 F1800 X112.523 Y135.162 E874.59876
G0 F9000 X112.989 Y135.29
G1 F1800 X135.292 Y112.987 E875.14952
G0 F9000 X135.409 Y113.464
G1 F1800 X113.472 Y135.401 E875.69124
G0 F9000 X113.956 Y135.511
G1 F1800 X135.51 Y113.957 E876.22351
G0 F9000 X135.6 Y114.461
G1 F1800 X114.465 Y135.596 E876.74542
G0 F9000 X114.974 Y135.681
G1 F1800 X135.68 Y114.976 E877.25673
G0 F9000 X135.744 Y115.505
G1 F1800 X115.509 Y135.74 E877.75642
G0 F9000 X116.049 Y135.794
G1 F1800 X135.798 Y116.045 E878.24411
G0 F9000 X135.832 Y116.605
G1 F1800 X116.613 Y135.824 E878.71871
G0 F9000 X117.18 Y135.851
G1 F1800 X135.856 Y117.175 E879.17991
G0 F9000 X135.856 Y117.769
G1 F1800 X117.777 Y135.848 E879.62636
G0 F9000 X118.385 Y135.835
G1 F1800 X135.834 Y118.385 E880.05726
G0 F9000 X135.795 Y119.018
G1 F1800 X119.028 Y135.785 E880.47131
G0 F9000 X119.688 Y135.719
G1 F1800 X135.72 Y119.687 E880.86721
G0 F9000 X135.629 Y120.371
G1 F1800 X120.375 Y135.626 E881.24391
G0 F9000 X121.101 Y135.494
G1 F1800 X135.5 Y121.095 E881.59949
G0 F9000 X135.324 Y121.865
G1 F1800 X121.865 Y135.324 E881.93185
G0 F9000 X122.672 Y135.111
G1 F1800 X135.107 Y122.676 E882.23892
G1 X135.181 Y122.602
G0 F9000 X134.834 Y123.543
G1 F1800 X123.546 Y134.83 E882.51766
G1 X123.472 Y134.904
G0 F9000 X124.515 Y134.456
G1 F1800 X134.467 Y124.504 E882.76342
G1 X134.541 Y124.43
G0 F9000 X133.976 Y125.589
G1 F1800 X125.589 Y133.976 E882.97053
G1 X125.515 Y134.05
G0 F9000 X126.89 Y133.268
G1 F1800 X133.259 Y126.9 E883.1278
G1 X133.333 Y126.826
G0 F9000 X131.984 Y128.769
G1 F1800 X128.768 Y131.984 E883.2072
G1 X128.694 Y132.058
G1 F1500 E882.2072
G0 F9000 X119.435 Y121.717
G1 F1500 E883.2072
G1 F1800 X107.966 Y133.186 E883.49042
G0 F9000 X107.604 Y132.954
G1 F1800 X118.547 Y122.011 E883.76065
G0 F9000 X117.856 Y122.108
G1 F1800 X107.247 Y132.717 E884.02264
G0 F9000 X106.891 Y132.479
G1 F1800 X117.245 Y122.124 E884.27834
G0 F9000 X116.712 Y122.064
G1 F1800 X106.552 Y132.224 E884.52923
G0 F9000 X106.212 Y131.969
G1 F1800 X116.233 Y121.949 E884.77668
G0 F9000 X115.787 Y121.801
G1 F1800 X105.881 Y131.706 E885.02129
G0 F9000 X105.559 Y131.435
G1 F1800 X115.379 Y121.615 E885.26379
G0 F9000 X115.005 Y121.395
G1 F1800 X105.237 Y131.163 E885.505
G0 F9000 X104.933 Y130.873
G1 F1800 X114.652 Y121.154 E885.74501
G0 F9000 X114.338 Y120.874
G1 F1800 X104.629 Y130.583 E885.98477
G0 F9000 X104.332 Y130.286
G1 F1800 X114.044 Y120.574 E886.2246
G0 F9000 X113.773 Y120.251
G1 F1800 X104.047 Y129.978 E886.46479
G0 F9000 X103.762 Y129.669
G1 F1800 X113.543 Y119.887 E886.70634
G0 F9000 X113.328 Y119.508
G1 F1800 X103.488 Y129.348 E886.94933
G0 F9000 X103.22 Y129.022
G1 F1800 X113.153 Y119.089 E887.19462
G0 F9000 X113.011 Y118.638
G1 F1800 X102.954 Y128.694 E887.44296
G0 F9000 X102.704 Y128.35
G1 F1800 X112.909 Y118.145 E887.69496
G0 F9000 X112.869 Y117.591
G1 F1800 X102.455 Y128.005 E887.95213
G0 F9000 X102.214 Y127.652
G1 F1800 X112.898 Y116.968 E888.21597
G0 F9000 X113.042 Y116.23
G1 F1800 X101.982 Y127.29 E888.48909
G0 F9000 X101.751 Y126.928
G1 F1800 X113.496 Y115.182 E888.77914
G1 X113.57 Y115.108
G1 F1500 E887.77914
;MESH:NONMESH
G0 F600 X113.57 Y115.108 Z1.92
G0 F9000 X98.555 Y117.5
;TIME_ELAPSED:1917.742588
;LAYER:18
;TYPE:WALL-INNER
;MESH:ranella v1.stl
G1 F1500 E888.77914
G1 F1800 X98.555 Y117.507 E888.77926
G1 X98.589 Y118.641 E888.79907
G1 X98.688 Y119.751 E888.81853
G1 X98.858 Y120.891 E888.83865
G1 X99.092 Y121.981 E888.85812
G1 X99.4 Y123.09 E888.87822
G1 X99.761 Y124.148 E888.89774
G1 X100.188 Y125.197 E888.91751
G1 X100.689 Y126.236 E888.93766
G1 X101.23 Y127.208 E888.95708
G1 X101.848 Y128.172 E888.97708
G1 X102.512 Y129.09 E888.99686
G1 X103.232 Y129.965 E889.01665
G1 X104.005 Y130.799 E889.0365
G1 X104.815 Y131.575 E889.05609
G1 X105.695 Y132.318 E889.0762
G1 X106.589 Y132.989 E889.09572
G1 X107.549 Y133.622 E889.1158
G1 X108.515 Y134.179 E889.13527
G1 X109.543 Y134.695 E889.15535
G1 X110.588 Y135.142 E889.1752
G1 X111.656 Y135.524 E889.19501
G1 X112.728 Y135.834 E889.21449
G1 X113.84 Y136.089 E889.23441
G1 X114.973 Y136.278 E889.25447
G1 X116.075 Y136.392 E889.27382
G1 X117.226 Y136.445 E889.29394
G1 X118.344 Y136.43 E889.31346
G1 X119.482 Y136.343 E889.33339
G1 X120.616 Y136.191 E889.35337
G1 X121.709 Y135.976 E889.37282
G1 X122.825 Y135.683 E889.39297
G1 X123.889 Y135.339 E889.41249
G1 X124.958 Y134.918 E889.43255
G1 X125.99 Y134.44 E889.45241
G1 X126.971 Y133.913 E889.47186
G1 X127.937 Y133.319 E889.49166
G1 X128.876 Y132.656 E889.51173
G1 X129.763 Y131.947 E889.53156
G1 X130.59 Y131.2 E889.55102
G1 X131.402 Y130.381 E889.57116
G1 X132.139 Y129.533 E889.59078
G1 X132.833 Y128.634 E889.61061
G1 X133.467 Y127.705 E889.63025
G1 X134.058 Y126.72 E889.6503
G1 X134.573 Y125.721 E889.66993
G1 X135.032 Y124.693 E889.68959
G1 X135.437 Y123.612 E889.70975
G1 X135.771 Y122.528 E889.72955
G1 X136.04 Y121.43 E889.74929
G1 X136.237 Y120.331 E889.76879
G1 X136.377 Y119.184 E889.78897
G1 X136.446 Y118.056 E889.8087
G1 X136.446 Y116.945 E889.8281
G1 X136.374 Y115.793 E889.84825
G1 X136.237 Y114.665 E889.8681
G1 X136.036 Y113.551 E889.88786
G1 X135.771 Y112.469 E889.90731
G1 X135.429 Y111.364 E889.92751
G1 X135.036 Y110.311 E889.94714
G1 X134.573 Y109.276 E889.96694
G1 X134.058 Y108.279 E889.98653
G1 X133.466 Y107.29 E890.00666
G1 X132.829 Y106.353 E890.02644
G1 X132.148 Y105.472 E890.04589
G1 X131.402 Y104.62 E890.06566
G1 X130.589 Y103.795 E890.08589
G1 X129.763 Y103.049 E890.10532
G1 X128.877 Y102.341 E890.12512
G1 X127.934 Y101.678 E890.14525
G1 X126.967 Y101.082 E890.16509
G1 X125.989 Y100.556 E890.18448
G1 X124.959 Y100.079 E890.2043
G1 X123.886 Y99.658 E890.22443
G1 X122.821 Y99.313 E890.24397
G1 X121.714 Y99.025 E890.26395
G1 X120.616 Y98.809 E890.28349
G1 X119.482 Y98.657 E890.30347
G1 X118.342 Y98.57 E890.32343
G1 X117.224 Y98.551 E890.34295
G1 X116.076 Y98.604 E890.36302
G1 X114.969 Y98.721 E890.38246
G1 X113.839 Y98.907 E890.40246
G1 X112.728 Y99.162 E890.42236
G1 X111.657 Y99.471 E890.44182
G1 X110.589 Y99.858 E890.46166
G1 X109.545 Y100.302 E890.48147
G1 X108.514 Y100.818 E890.5016
G1 X107.55 Y101.374 E890.52103
G1 X106.589 Y102.011 E890.54117
G1 X105.695 Y102.678 E890.56064
G1 X104.816 Y103.425 E890.58079
G1 X104.012 Y104.194 E890.60021
G1 X103.232 Y105.032 E890.6202
G1 X102.516 Y105.906 E890.63993
G1 X101.848 Y106.825 E890.65977
G1 X101.23 Y107.788 E890.67975
G1 X100.689 Y108.76 E890.69918
G1 X100.188 Y109.799 E890.71932
G1 X99.761 Y110.848 E890.73909
G1 X99.4 Y111.906 E890.75861
G1 X99.093 Y113.019 E890.77877
G1 X98.858 Y114.109 E890.79824
G1 X98.688 Y115.245 E890.8183
G1 X98.589 Y116.355 E890.83776
G1 X98.555 Y117.5 E890.85776
G0 F9000 X98.135 Y117.5
G1 F1800 X98.135 Y117.507 E890.85789
G1 X98.17 Y118.666 E890.87813
G1 X98.27 Y119.801 E890.89803
G1 X98.445 Y120.967 E890.91862
G1 X98.684 Y122.081 E890.93851
G1 X98.999 Y123.214 E890.95905
G1 X99.367 Y124.295 E890.97899
G1 X99.804 Y125.368 E890.99922
G1 X100.316 Y126.429 E891.01979
G1 X100.869 Y127.424 E891.03966
G1 X101.501 Y128.409 E891.0601
G1 X102.179 Y129.346 E891.0803
G1 X102.915 Y130.241 E891.10053
G1 X103.706 Y131.093 E891.12083
G1 X104.534 Y131.887 E891.14086
G1 X105.433 Y132.646 E891.16141
G1 X106.347 Y133.332 E891.18136
G1 X107.328 Y133.979 E891.20188
G1 X108.315 Y134.549 E891.22178
G1 X109.366 Y135.076 E891.24231
G1 X110.435 Y135.533 E891.26261
G1 X111.527 Y135.924 E891.28287
G1 X112.623 Y136.241 E891.30279
G1 X113.759 Y136.501 E891.32314
G1 X114.917 Y136.695 E891.34364
G1 X116.043 Y136.811 E891.36341
G1 X117.219 Y136.865 E891.38396
G1 X118.363 Y136.85 E891.40394
G1 X119.526 Y136.761 E891.42431
G1 X120.685 Y136.606 E891.44473
G1 X121.803 Y136.385 E891.46463
G1 X122.943 Y136.087 E891.4852
G1 X124.031 Y135.734 E891.50517
G1 X125.123 Y135.304 E891.52567
G1 X126.178 Y134.816 E891.54596
G1 X127.181 Y134.277 E891.56585
G1 X128.168 Y133.669 E891.58609
G1 X129.129 Y132.992 E891.60662
G1 X130.035 Y132.267 E891.62688
G1 X130.88 Y131.504 E891.64676
G1 X131.71 Y130.667 E891.66734
G1 X132.464 Y129.8 E891.6874
G1 X133.173 Y128.881 E891.70767
G1 X133.821 Y127.932 E891.72774
G1 X134.425 Y126.925 E891.74824
G1 X134.951 Y125.903 E891.76831
G1 X135.42 Y124.852 E891.78841
G1 X135.835 Y123.748 E891.809
G1 X136.176 Y122.64 E891.82925
G1 X136.451 Y121.517 E891.84944
G1 X136.652 Y120.394 E891.86936
G1 X136.796 Y119.222 E891.88998
G1 X136.866 Y118.069 E891.91015
G1 X136.866 Y116.932 E891.93
G1 X136.792 Y115.754 E891.95061
G1 X136.652 Y114.602 E891.97087
G1 X136.447 Y113.463 E891.99108
G1 X136.176 Y112.357 E892.01097
G1 X135.827 Y111.228 E892.0316
G1 X135.424 Y110.152 E892.05166
G1 X134.952 Y109.094 E892.07189
G1 X134.425 Y108.075 E892.09192
G1 X133.82 Y107.064 E892.1125
G1 X133.169 Y106.107 E892.13271
G1 X132.473 Y105.205 E892.1526
G1 X131.71 Y104.334 E892.17282
G1 X130.88 Y103.492 E892.19347
G1 X130.035 Y102.729 E892.21335
G1 X129.129 Y102.005 E892.2336
G1 X128.165 Y101.327 E892.25418
G1 X127.177 Y100.718 E892.27444
G1 X126.177 Y100.18 E892.29427
G1 X125.124 Y99.692 E892.31454
G1 X124.027 Y99.262 E892.33511
G1 X122.939 Y98.91 E892.35508
G1 X121.807 Y98.615 E892.37551
G1 X120.685 Y98.394 E892.39547
G1 X119.526 Y98.239 E892.41589
G1 X118.362 Y98.15 E892.43628
G1 X117.218 Y98.131 E892.45626
G1 X116.044 Y98.185 E892.47678
G1 X114.913 Y98.305 E892.49664
G1 X113.758 Y98.495 E892.51708
G1 X112.623 Y98.755 E892.53741
G1 X111.527 Y99.072 E892.55733
G1 X110.435 Y99.467 E892.57761
G1 X109.369 Y99.921 E892.59784
G1 X108.315 Y100.448 E892.61842
G1 X107.328 Y101.016 E892.6383
G1 X106.347 Y101.668 E892.65887
G1 X105.433 Y102.35 E892.67878
G1 X104.535 Y103.113 E892.69936
G1 X103.713 Y103.899 E892.71922
G1 X102.915 Y104.755 E892.73965
G1 X102.183 Y105.649 E892.75983
G1 X101.501 Y106.588 E892.78009
G1 X100.869 Y107.572 E892.80051
G1 X100.316 Y108.567 E892.82039
G1 X99.804 Y109.628 E892.84096
G1 X99.367 Y110.701 E892.86119
G1 X98.999 Y111.782 E892.88113
G1 X98.685 Y112.919 E892.90173
G1 X98.444 Y114.034 E892.92165
G1 X98.27 Y115.195 E892.94215
G1 X98.17 Y116.33 E892.96204
G1 X98.135 Y117.5 E892.98248
G1 F1500 E891.98248
G0 F9000 X98.425 Y117.5
G0 X113.453 Y117.5
G1 F1500 E892.98248
G1 F1800 X113.45 Y117.468 E892.98305
G1 X113.497 Y116.884 E892.99328
G1 X113.645 Y116.257 E893.00453
G1 X113.873 Y115.698 E893.01507
G1 X114.202 Y115.154 E893.02617
G1 X114.617 Y114.657 E893.03747
G1 X115.026 Y114.296 E893.047
G1 X115.555 Y113.943 E893.0581
G1 X116.141 Y113.68 E893.06932
G1 X116.757 Y113.519 E893.08044
G1 X117.277 Y113.455 E893.08959
G1 X117.933 Y113.472 E893.10105
G1 X118.598 Y113.597 E893.11286
G1 X119.174 Y113.806 E893.12356
G1 X119.683 Y114.085 E893.1337
G1 X120.172 Y114.452 E893.14437
G1 X120.633 Y114.926 E893.15592
G1 X120.982 Y115.429 E893.16661
G1 X121.272 Y116.011 E893.17796
G1 X121.451 Y116.575 E893.18829
G1 X121.545 Y117.202 E893.19937
G1 X121.545 Y117.796 E893.20974
G1 X121.445 Y118.434 E893.22101
G1 X121.248 Y119.045 E893.23222
G1 X120.981 Y119.577 E893.24262
G1 X120.613 Y120.098 E893.25376
G1 X120.205 Y120.52 E893.26401
G1 X119.683 Y120.911 E893.27539
G1 X119.14 Y121.204 E893.28617
G1 X118.598 Y121.398 E893.29622
G1 X117.958 Y121.521 E893.3076
G1 X117.353 Y121.55 E893.31818
G1 X116.724 Y121.475 E893.32924
G1 X116.129 Y121.315 E893.34
G1 X115.571 Y121.058 E893.35072
G1 X115.048 Y120.725 E893.36155
G1 X114.574 Y120.295 E893.37272
G1 X114.193 Y119.833 E893.38318
G1 X113.869 Y119.291 E893.39421
G1 X113.636 Y118.709 E893.40515
G1 X113.504 Y118.158 E893.41505
G1 X113.453 Y117.5 E893.42657
G0 F9000 X113.871 Y117.5
G1 F1800 X113.87 Y117.481 E893.4269
G1 X113.912 Y116.946 E893.43628
G1 X114.037 Y116.41 E893.44589
G1 X114.236 Y115.92 E893.45512
G1 X114.521 Y115.431 E893.465
G1 X114.908 Y114.96 E893.47565
G1 X115.291 Y114.622 E893.48457
G1 X115.766 Y114.307 E893.49452
G1 X116.312 Y114.07 E893.50491
G1 X116.787 Y113.941 E893.51351
G1 X117.332 Y113.872 E893.5231
G1 X117.901 Y113.891 E893.53304
G1 X118.427 Y113.987 E893.54238
G1 X118.977 Y114.179 E893.55255
G1 X119.463 Y114.443 E893.56221
G1 X119.904 Y114.775 E893.57185
G1 X120.308 Y115.192 E893.58199
G1 X120.607 Y115.621 E893.59112
G1 X120.864 Y116.122 E893.60095
G1 X121.03 Y116.637 E893.6104
G1 X121.124 Y117.209 E893.62052
G1 X121.124 Y117.79 E893.63066
G1 X121.037 Y118.334 E893.64028
G1 X120.864 Y118.873 E893.65017
G1 X120.634 Y119.334 E893.65916
G1 X120.296 Y119.822 E893.66953
G1 X119.894 Y120.233 E893.67957
G1 X119.481 Y120.541 E893.68857
G1 X119.024 Y120.795 E893.69769
G1 X118.477 Y120.996 E893.70787
G1 X117.936 Y121.101 E893.71749
G1 X117.358 Y121.126 E893.7276
G1 X116.787 Y121.059 E893.73764
G1 X116.299 Y120.926 E893.74647
G1 X115.769 Y120.688 E893.75661
G1 X115.331 Y120.408 E893.76569
G1 X114.923 Y120.05 E893.77517
G1 X114.541 Y119.594 E893.78555
G1 X114.259 Y119.123 E893.79514
G1 X114.043 Y118.604 E893.80496
G1 X113.912 Y118.054 E893.81483
G1 X113.871 Y117.5 E893.82453
G0 F9000 X114.291 Y117.5
;TYPE:WALL-OUTER
G1 F1800 X114.29 Y117.483 E893.82483
G1 X114.331 Y116.992 E893.83343
G1 X114.445 Y116.516 E893.84198
G1 X114.626 Y116.076 E893.85028
G1 X114.877 Y115.654 E893.85886
G1 X115.204 Y115.258 E893.86783
G1 X115.573 Y114.936 E893.87638
G1 X115.982 Y114.672 E893.88488
G1 X116.432 Y114.473 E893.89347
G1 X116.893 Y114.348 E893.90181
G1 X117.369 Y114.29 E893.91018
G1 X117.88 Y114.311 E893.91911
G1 X118.357 Y114.402 E893.92759
G1 X118.821 Y114.569 E893.9362
G1 X119.26 Y114.812 E893.94497
G1 X119.635 Y115.098 E893.9532
G1 X119.987 Y115.463 E893.96206
G1 X120.268 Y115.873 E893.97073
G1 X120.483 Y116.299 E893.97907
G1 X120.632 Y116.779 E893.98784
G1 X120.706 Y117.254 E893.99624
G1 X120.704 Y117.766 E894.00518
G1 X120.632 Y118.218 E894.01317
G1 X120.483 Y118.697 E894.02193
G1 X120.261 Y119.141 E894.0306
G1 X119.979 Y119.546 E894.03921
G1 X119.632 Y119.905 E894.04793
G1 X119.243 Y120.195 E894.05641
G1 X118.809 Y120.432 E894.06504
G1 X118.35 Y120.596 E894.07355
G1 X117.88 Y120.685 E894.0819
G1 X117.369 Y120.706 E894.09083
G1 X116.887 Y120.651 E894.09931
G1 X116.405 Y120.518 E894.10804
G1 X115.968 Y120.318 E894.11643
G1 X115.547 Y120.045 E894.12519
G1 X115.181 Y119.714 E894.13381
G1 X114.871 Y119.332 E894.1424
G1 X114.626 Y118.92 E894.15077
G1 X114.435 Y118.449 E894.15964
G1 X114.328 Y117.992 E894.16784
G1 X114.291 Y117.5 E894.17645
G0 F9000 X114.29 Y117.483
G0 X114.305 Y117.301
G1 F1500 E893.17645
G0 F9000 X113.602 Y117.246
G0 X98.425 Y117.5
G0 X97.715 Y117.5
G1 F1500 E894.17645
G1 F1800 X97.715 Y117.507 E894.17658
G1 X97.75 Y118.691 E894.19726
G1 X97.853 Y119.851 E894.21759
G1 X98.031 Y121.042 E894.23862
G1 X98.276 Y122.181 E894.25897
G1 X98.597 Y123.338 E894.27993
G1 X98.973 Y124.442 E894.3003
G1 X99.42 Y125.538 E894.32096
G1 X99.943 Y126.623 E894.342
G1 X100.509 Y127.64 E894.36232
G1 X101.154 Y128.645 E894.38317
G1 X101.847 Y129.603 E894.40382
G1 X102.599 Y130.517 E894.42449
G1 X103.406 Y131.388 E894.44522
G1 X104.253 Y132.199 E894.4657
G1 X105.171 Y132.975 E894.48669
G1 X106.105 Y133.676 E894.50708
G1 X107.107 Y134.337 E894.52804
G1 X108.116 Y134.919 E894.54838
G1 X109.189 Y135.457 E894.56934
G1 X110.281 Y135.924 E894.59008
G1 X111.397 Y136.324 E894.61078
G1 X112.517 Y136.648 E894.63114
G1 X113.677 Y136.913 E894.65191
G1 X114.861 Y137.111 E894.67287
G1 X116.012 Y137.23 E894.69308
G1 X117.212 Y137.285 E894.71406
G1 X118.382 Y137.27 E894.73449
G1 X119.57 Y137.179 E894.75529
G1 X120.753 Y137.02 E894.77614
G1 X121.897 Y136.795 E894.79649
G1 X123.061 Y136.49 E894.81751
G1 X124.173 Y136.13 E894.83791
G1 X125.289 Y135.69 E894.85886
G1 X126.366 Y135.192 E894.87958
G1 X127.391 Y134.641 E894.8999
G1 X128.4 Y134.02 E894.92059
G1 X129.381 Y133.328 E894.94155
G1 X130.307 Y132.587 E894.96226
G1 X131.17 Y131.808 E894.98256
G1 X132.018 Y130.953 E895.00359
G1 X132.789 Y130.066 E895.02411
G1 X133.513 Y129.128 E895.0448
G1 X134.175 Y128.158 E895.06531
G1 X134.792 Y127.129 E895.08626
G1 X135.33 Y126.085 E895.10677
G1 X135.809 Y125.012 E895.12729
G1 X136.233 Y123.884 E895.14833
G1 X136.581 Y122.752 E895.16901
G1 X136.862 Y121.604 E895.18964
G1 X137.068 Y120.456 E895.21001
G1 X137.214 Y119.26 E895.23105
G1 X137.286 Y118.081 E895.25168
G1 X137.286 Y116.919 E895.27197
G1 X137.21 Y115.716 E895.29301
G1 X137.068 Y114.54 E895.3137
G1 X136.858 Y113.376 E895.33435
G1 X136.581 Y112.245 E895.35468
G1 X136.225 Y111.092 E895.37575
G1 X135.813 Y109.992 E895.39627
G1 X135.33 Y108.912 E895.41692
G1 X134.792 Y107.871 E895.43739
G1 X134.174 Y106.838 E895.4584
G1 X133.509 Y105.86 E895.47906
G1 X132.797 Y104.938 E895.4994
G1 X132.018 Y104.048 E895.52005
G1 X131.17 Y103.188 E895.54114
G1 X130.307 Y102.409 E895.56144
G1 X129.381 Y101.669 E895.58214
G1 X128.396 Y100.976 E895.60317
G1 X127.387 Y100.354 E895.62387
G1 X126.365 Y99.804 E895.64413
G1 X125.289 Y99.306 E895.66484
G1 X124.169 Y98.866 E895.68585
G1 X123.057 Y98.506 E895.70626
G1 X121.901 Y98.205 E895.72712
G1 X120.753 Y97.98 E895.74754
G1 X119.57 Y97.821 E895.76839
G1 X118.382 Y97.73 E895.78919
G1 X117.212 Y97.711 E895.80962
G1 X116.012 Y97.766 E895.8306
G1 X114.857 Y97.889 E895.85088
G1 X113.677 Y98.083 E895.87176
G1 X112.517 Y98.348 E895.89254
G1 X111.397 Y98.672 E895.9129
G1 X110.281 Y99.076 E895.93362
G1 X109.193 Y99.539 E895.95427
G1 X108.116 Y100.078 E895.9753
G1 X107.107 Y100.659 E895.99563
G1 X106.105 Y101.324 E896.01663
G1 X105.171 Y102.021 E896.03698
G1 X104.253 Y102.801 E896.05801
G1 X103.414 Y103.604 E896.07829
G1 X102.599 Y104.479 E896.09917
G1 X101.851 Y105.393 E896.1198
G1 X101.154 Y106.351 E896.14048
G1 X100.509 Y107.356 E896.16134
G1 X99.943 Y108.373 E896.18166
G1 X99.42 Y109.458 E896.20269
G1 X98.973 Y110.554 E896.22336
G1 X98.597 Y111.658 E896.24372
G1 X98.277 Y112.819 E896.26475
G1 X98.031 Y113.958 E896.2851
G1 X97.853 Y115.145 E896.30606
G1 X97.75 Y116.305 E896.32639
G1 X97.715 Y117.5 E896.34727
G0 F9000 X97.715 Y117.507
G0 X97.72 Y117.699
G1 F1500 E895.34727
G0 F9000 X98.43 Y117.679
G0 X113.074 Y117.5
;TYPE:SKIN
G1 F1500 E896.34727
G1 F1800 X113.121 Y118.177 E896.35912
G1 X113.273 Y118.84 E896.371
G1 X113.522 Y119.434 E896.38224
G1 X113.871 Y120.038 E896.39442
G1 X114.331 Y120.589 E896.40696
G1 X114.816 Y121.021 E896.4183
G1 X115.363 Y121.379 E896.42971
G1 X115.976 Y121.66 E896.44149
G1 X116.651 Y121.847 E896.45372
G1 X117.321 Y121.922 E896.46549
G1 X118.004 Y121.893 E896.47743
G1 X118.654 Y121.78 E896.48895
G1 X119.314 Y121.544 E896.50119
G1 X119.883 Y121.231 E896.51253
G1 X120.411 Y120.841 E896.52399
G1 X120.899 Y120.343 E896.53617
G1 X121.301 Y119.781 E896.54823
G1 X121.619 Y119.149 E896.56059
G1 X121.815 Y118.513 E896.57221
G1 X121.92 Y117.858 E896.58379
G1 X121.922 Y117.179 E896.59565
G1 X121.817 Y116.49 E896.60782
G1 X121.625 Y115.878 E896.61902
G1 X121.305 Y115.231 E896.63162
G1 X120.923 Y114.681 E896.64331
G1 X120.45 Y114.185 E896.65528
G1 X119.96 Y113.812 E896.66603
G1 X119.344 Y113.464 E896.67839
G1 X118.65 Y113.216 E896.69126
G1 X118.048 Y113.103 E896.70195
G1 X117.315 Y113.066 E896.71477
G1 X116.697 Y113.144 E896.72564
G1 X116.019 Y113.32 E896.73788
G1 X115.353 Y113.622 E896.75065
G1 X114.821 Y113.968 E896.76173
G1 X114.316 Y114.414 E896.77349
G1 X113.854 Y114.987 E896.78634
G1 X113.534 Y115.529 E896.79733
G1 X113.276 Y116.148 E896.80904
G1 X113.123 Y116.808 E896.82087
G1 X113.07 Y117.443 E896.832
G1 X113.074 Y117.5 E896.833
G1 F1500 E895.833
G0 F9000 X98.931 Y117.5
G1 F1500 E896.833
G1 F1800 X98.966 Y116.369 E896.85276
G1 X99.061 Y115.297 E896.87155
G1 X99.227 Y114.186 E896.89117
G1 X99.457 Y113.119 E896.91022
G1 X99.765 Y112.006 E896.93039
G1 X100.109 Y110.986 E896.94919
G1 X100.528 Y109.962 E896.96851
G1 X101.031 Y108.925 E896.98863
G1 X101.549 Y107.988 E897.00733
G1 X102.162 Y107.031 E897.02717
G1 X102.863 Y106.077 E897.04784
G1 X103.507 Y105.287 E897.06564
G1 X104.286 Y104.452 E897.08558
G1 X105.061 Y103.713 E897.10428
G1 X105.94 Y102.969 E897.12439
G1 X106.814 Y102.312 E897.14348
G1 X107.739 Y101.699 E897.16286
G1 X108.684 Y101.154 E897.18191
G1 X109.713 Y100.639 E897.202
G1 X110.737 Y100.204 E897.22143
G1 X111.781 Y99.824 E897.24083
G1 X112.813 Y99.528 E897.25957
G1 X113.909 Y99.279 E897.2792
G1 X115.029 Y99.093 E897.29902
G1 X116.096 Y98.982 E897.31776
G1 X117.232 Y98.927 E897.33762
G1 X118.313 Y98.946 E897.35649
G1 X119.441 Y99.033 E897.37625
G1 X120.561 Y99.184 E897.39598
G1 X121.617 Y99.389 E897.41477
G1 X122.721 Y99.678 E897.43469
G1 X123.749 Y100.01 E897.45356
G1 X124.817 Y100.43 E897.4736
G1 X125.83 Y100.896 E897.49307
G1 X126.766 Y101.402 E897.51165
G1 X127.724 Y101.992 E897.53129
G1 X128.653 Y102.644 E897.55111
G1 X129.523 Y103.344 E897.57061
G1 X130.33 Y104.072 E897.58959
G1 X131.118 Y104.868 E897.60915
G1 X131.845 Y105.702 E897.62846
G1 X132.525 Y106.584 E897.64791
G1 X133.138 Y107.486 E897.66696
G1 X133.72 Y108.455 E897.68669
G1 X134.234 Y109.448 E897.70622
G1 X134.681 Y110.452 E897.72541
G1 X135.065 Y111.477 E897.74452
G1 X135.409 Y112.581 E897.76471
G1 X135.662 Y113.616 E897.78332
G1 X135.86 Y114.712 E897.80276
G1 X135.994 Y115.816 E897.82218
G1 X136.066 Y116.967 E897.84232
G1 X136.066 Y118.033 E897.86094
G1 X135.998 Y119.136 E897.88023
G1 X135.86 Y120.28 E897.90035
G1 X135.67 Y121.34 E897.91916
G1 X135.405 Y122.416 E897.93851
G1 X135.143 Y123.283 E897.95432
G1 X135.153 Y123.296 E897.95461
G1 X134.681 Y124.54 E897.97784
G1 X134.234 Y125.545 E897.99705
G1 X133.72 Y126.541 E898.01662
G1 X133.15 Y127.49 E898.03595
G1 X132.529 Y128.404 E898.05525
G1 X131.841 Y129.298 E898.07494
G1 X131.114 Y130.132 E898.09426
G1 X130.334 Y130.92 E898.11362
G1 X129.524 Y131.651 E898.13268
G1 X128.649 Y132.347 E898.1522
G1 X127.72 Y133.004 E898.17207
G1 X126.775 Y133.586 E898.19145
G1 X125.83 Y134.096 E898.2102
G1 X124.817 Y134.562 E898.22967
G1 X123.749 Y134.986 E898.24973
G1 X122.725 Y135.314 E898.26851
G1 X121.613 Y135.607 E898.28859
G1 X120.561 Y135.812 E898.3073
G1 X119.441 Y135.963 E898.32704
G1 X118.314 Y136.05 E898.34677
G1 X117.236 Y136.065 E898.3656
G1 X116.092 Y136.01 E898.3856
G1 X115.032 Y135.903 E898.4042
G1 X113.913 Y135.717 E898.42401
G1 X112.813 Y135.464 E898.44372
G1 X111.781 Y135.164 E898.46249
G1 X110.733 Y134.792 E898.4819
G1 X109.697 Y134.349 E898.50158
G1 X108.692 Y133.843 E898.52123
G1 X107.755 Y133.305 E898.54009
G1 X106.798 Y132.672 E898.56013
G1 X105.923 Y132.015 E898.57924
G1 X105.069 Y131.295 E898.59874
G1 X104.27 Y130.528 E898.61808
G1 X103.515 Y129.713 E898.63748
G1 X102.811 Y128.855 E898.65686
G1 X102.154 Y127.949 E898.6764
G1 X101.549 Y127.004 E898.69599
G1 X101.031 Y126.067 E898.71469
G1 X100.528 Y125.03 E898.73481
G1 X100.109 Y124.006 E898.75413
G1 X99.757 Y122.966 E898.77331
G1 X99.457 Y121.877 E898.79303
G1 X99.227 Y120.81 E898.81209
G1 X99.061 Y119.695 E898.83177
G1 X98.966 Y118.627 E898.8505
G1 X98.931 Y117.515 E898.86992
G1 X98.931 Y117.5 E898.87019
G1 F1500 E897.87019
G0 F9000 X102.428 Y127.969
G1 F1500 E898.87019
G1 F1800 X107.037 Y132.578 E898.984
G1 X107.111 Y132.652
G0 F9000 X108.602 Y133.549
G1 F1800 X101.458 Y126.405 E899.16042
G1 X101.384 Y126.331
G0 F9000 X100.841 Y125.194
G1 F1800 X109.82 Y134.173 E899.38215
G1 X109.894 Y134.247
G0 F9000 X110.852 Y134.611
G1 F1800 X100.397 Y124.156 E899.64033
G1 X100.323 Y124.082
G0 F9000 X100.07 Y123.235
G1 F1800 X111.773 Y134.938 E899.92933
G1 X111.847 Y135.012
G0 F9000 X112.618 Y135.189
G1 F1800 X99.815 Y122.386 E900.24549
G0 F9000 X99.609 Y121.586
G1 F1800 X113.409 Y135.385 E900.58626
G0 F9000 X114.162 Y135.545
G1 F1800 X99.446 Y120.829 E900.94966
G0 F9000 X99.338 Y120.127
G1 F1800 X114.875 Y135.664 E901.33334
G0 F9000 X115.549 Y135.744
G1 F1800 X99.25 Y119.444 E901.73585
G0 F9000 X99.192 Y118.793
G1 F1800 X116.203 Y135.804 E902.15592
G0 F9000 X116.827 Y135.835
G1 F1800 X99.162 Y118.169 E902.59216
G0 F9000 X99.142 Y117.555
G1 F1800 X117.439 Y135.852 E903.04399
G0 F9000 X118.025 Y135.844
G1 F1800 X99.158 Y116.977 E903.5099
G0 F9000 X99.176 Y116.401
G1 F1800 X118.592 Y135.818 E903.98938
G0 F9000 X119.144 Y135.775
G1 F1800 X99.223 Y115.854 E904.48132
G0 F9000 X99.271 Y115.309
G1 F1800 X119.681 Y135.719 E904.98533
G0 F9000 X120.205 Y135.649
G1 F1800 X99.349 Y114.792 E905.50037
G0 F9000 X99.426 Y114.275
G1 F1800 X120.719 Y135.568 E906.02619
G0 F9000 X121.215 Y135.47
G1 F1800 X99.528 Y113.783 E906.56173
G0 F9000 X99.633 Y113.295
G1 F1800 X121.704 Y135.366 E907.10676
G0 F9000 X122.175 Y135.242
G1 F1800 X99.757 Y112.824 E907.66036
G0 F9000 X99.885 Y112.359
G1 F1800 X122.644 Y135.117 E908.22237
G0 F9000 X123.095 Y134.975
G1 F1800 X100.022 Y111.902 E908.79214
G0 F9000 X100.172 Y111.457
G1 F1800 X123.545 Y134.83 E909.36933
G0 F9000 X123.977 Y134.668
G1 F1800 X100.324 Y111.015 E909.95342
G0 F9000 X100.496 Y110.594
G1 F1800 X124.402 Y134.499 E910.54375
G0 F9000 X124.823 Y134.327
G1 F1800 X100.669 Y110.172 E911.14024
G0 F9000 X100.856 Y109.766
G1 F1800 X125.23 Y134.14 E911.74214
G0 F9000 X125.637 Y133.953
G1 F1800 X101.051 Y109.366 E912.34928
G0 F9000 X101.247 Y108.969
G1 F1800 X126.028 Y133.75 E912.96124
G0 F9000 X126.414 Y133.541
G1 F1800 X101.459 Y108.586 E913.57749
G0 F9000 X101.67 Y108.204
G1 F1800 X114.07 Y120.603 E913.88368
G0 F9000 X114.372 Y120.905
G1 F1800 X126.793 Y133.327 E914.19042
G0 F9000 X127.161 Y133.101
G1 F1800 X115.925 Y121.865 E914.46789
G0 F9000 X116.72 Y122.066
G1 F1800 X127.529 Y132.875 E914.73481
G0 F9000 X127.881 Y132.633
G1 F1800 X117.378 Y122.129 E914.99419
G0 F9000 X117.948 Y122.105
G1 F1800 X128.229 Y132.387 E915.24809
G0 F9000 X128.575 Y132.138
G1 F1800 X118.462 Y122.026 E915.49781
G0 F9000 X118.933 Y121.902
G1 F1800 X128.905 Y131.875 E915.74407
G0 F9000 X129.236 Y131.612
G1 F1800 X119.37 Y121.745 E915.98772
G0 F9000 X119.757 Y121.539
G1 F1800 X129.556 Y131.338 E916.2297
G0 F9000 X129.869 Y131.057
G1 F1800 X120.126 Y121.314 E916.4703
G0 F9000 X120.467 Y121.061
G1 F1800 X130.18 Y130.774 E916.71015
G0 F9000 X130.477 Y130.477
G1 F1800 X120.772 Y120.772 E916.94981
G0 F9000 X121.064 Y120.47
G1 F1800 X130.773 Y130.179 E917.18957
G0 F9000 X131.062 Y129.874
G1 F1800 X121.312 Y120.124 E917.43034
G0 F9000 X121.544 Y119.762
G1 F1800 X131.339 Y129.557 E917.67222
G0 F9000 X131.615 Y129.239
G1 F1800 X121.743 Y119.367 E917.91601
G0 F9000 X121.903 Y118.933
G1 F1800 X131.878 Y128.908 E918.16233
G0 F9000 X132.136 Y128.572
G1 F1800 X122.034 Y118.47 E918.41179
G0 F9000 X122.116 Y117.958
G1 F1800 X132.392 Y128.234 E918.66555
G0 F9000 X132.632 Y127.88
G1 F1800 X122.131 Y117.379 E918.92487
G0 F9000 X122.062 Y116.716
G1 F1800 X132.872 Y127.526 E919.19182
G0 F9000 X133.102 Y127.163
G1 F1800 X121.856 Y115.916 E919.46954
G1 X121.782 Y115.842
G0 F9000 X121.089 Y114.556
G1 F1800 X133.325 Y126.791 E919.77169
G0 F9000 X133.547 Y126.419
G1 F1800 X108.583 Y101.455 E920.38816
G0 F9000 X108.206 Y101.673
G1 F1800 X120.47 Y113.937 E920.69101
G1 X120.544 Y114.011
G0 F9000 X119.088 Y113.148
G1 F1800 X107.831 Y101.891 E920.969
G0 F9000 X107.474 Y102.128
G1 F1800 X118.279 Y112.933 E921.23582
G0 F9000 X117.624 Y112.872
G1 F1800 X107.117 Y102.365 E921.49528
G0 F9000 X106.768 Y102.61
G1 F1800 X117.046 Y112.888 E921.74909
G0 F9000 X116.533 Y112.97
G1 F1800 X106.429 Y102.865 E921.99862
G0 F9000 X106.09 Y103.12
G1 F1800 X116.064 Y113.094 E922.24492
G0 F9000 X115.637 Y113.261
G1 F1800 X105.767 Y103.391 E922.48865
G0 F9000 X105.445 Y103.663
G1 F1800 X115.232 Y113.45 E922.73034
G0 F9000 X114.873 Y113.685
G1 F1800 X105.128 Y103.94 E922.97098
G0 F9000 X104.824 Y104.23
G1 F1800 X114.535 Y113.941 E923.21079
G0 F9000 X114.222 Y114.222
G1 F1800 X104.52 Y104.52 E923.45038
G0 F9000 X104.228 Y104.822
G1 F1800 X113.945 Y114.539 E923.69033
G0 F9000 X113.682 Y114.869
G1 F1800 X103.94 Y105.128 E923.93089
G0 F9000 X103.655 Y105.437
G1 F1800 X113.461 Y115.243 E924.17305
G0 F9000 X113.262 Y115.637
G1 F1800 X103.388 Y105.764 E924.41687
G0 F9000 X103.122 Y106.091
G1 F1800 X113.088 Y116.057 E924.66297
G0 F9000 X112.972 Y116.536
G1 F1800 X102.864 Y106.428 E924.91258
G0 F9000 X102.613 Y106.77
G1 F1800 X112.892 Y117.05 E925.16643
G0 F9000 X112.872 Y117.624
G1 F1800 X102.361 Y107.113 E925.42599
G0 F9000 X102.127 Y107.473
G1 F1800 X112.928 Y118.274 E925.69271
G1 X113.002 Y118.348
G0 F9000 X113.157 Y119.097
G1 F1800 X101.896 Y107.836 E925.9708
G1 X101.822 Y107.762
G1 F1500 E924.9708
G0 F9000 X108.969 Y101.247
G1 F1500 E925.9708
G1 F1800 X133.749 Y126.028 E926.58274
G0 F9000 X133.951 Y125.636
G1 F1800 X109.365 Y101.049 E927.18989
G0 F9000 X109.761 Y100.851
G1 F1800 X134.144 Y125.234 E927.79201
G0 F9000 X134.326 Y124.823
G1 F1800 X110.175 Y100.671 E928.38842
G0 F9000 X110.592 Y100.494
G1 F1800 X134.507 Y124.409 E928.97898
G0 F9000 X134.67 Y123.978
G1 F1800 X111.017 Y100.326 E929.56307
G0 F9000 X111.453 Y100.167
G1 F1800 X134.833 Y123.547 E930.14042
G0 F9000 X134.98 Y123.1
G1 F1800 X111.891 Y100.012 E930.71058
G0 F9000 X112.352 Y99.879
G1 F1800 X135.117 Y122.644 E931.27274
G0 F9000 X135.247 Y122.18
G1 F1800 X112.814 Y99.747 E931.82671
G0 F9000 X113.295 Y99.634
G1 F1800 X135.364 Y121.703 E932.37169
G0 F9000 X135.477 Y121.222
G1 F1800 X113.779 Y99.524 E932.90751
G0 F9000 X114.28 Y99.431
G1 F1800 X135.568 Y120.719 E933.43321
G0 F9000 X135.657 Y120.214
G1 F1800 X114.789 Y99.346 E933.94853
G0 F9000 X115.312 Y99.275
G1 F1800 X135.721 Y119.683 E934.45251
G0 F9000 X135.785 Y119.154
G1 F1800 X115.85 Y99.218 E934.9448
G0 F9000 X116.403 Y99.177
G1 F1800 X135.821 Y118.596 E935.42433
G0 F9000 X135.856 Y118.037
G1 F1800 X116.97 Y99.151 E935.89071
G0 F9000 X117.556 Y99.143
G1 F1800 X135.856 Y117.443 E936.34261
G0 F9000 X135.848 Y116.841
G1 F1800 X118.161 Y99.154 E936.77938
G0 F9000 X118.795 Y99.194
G1 F1800 X135.808 Y116.207 E937.19951
G0 F9000 X135.75 Y115.555
G1 F1800 X119.441 Y99.246 E937.60225
G0 F9000 X120.127 Y99.338
G1 F1800 X135.669 Y114.88 E937.98605
G0 F9000 X135.548 Y114.165
G1 F1800 X120.835 Y99.452 E938.34938
G0 F9000 X121.572 Y99.595
G1 F1800 X135.399 Y113.422 E938.69083
G0 F9000 X135.207 Y112.636
G1 F1800 X122.376 Y99.805 E939.00768
G1 X122.302 Y99.731
G0 F9000 X123.227 Y100.063
G1 F1800 X134.936 Y111.772 E939.29683
G1 X135.01 Y111.846
G0 F9000 X134.605 Y110.846
G1 F1800 X124.153 Y100.394 E939.55493
G1 X124.079 Y100.32
G0 F9000 X125.181 Y100.828
G1 F1800 X134.168 Y109.815 E939.77686
G1 X134.242 Y109.889
G0 F9000 X133.574 Y108.627
G1 F1800 X126.378 Y101.432 E939.95455
G1 X126.304 Y101.358
G0 F9000 X127.942 Y102.401
G1 F1800 X132.583 Y107.043 E940.06917
G1 X132.657 Y107.117
G1 F1500 E939.06917
;MESH:NONMESH
G0 F600 X132.657 Y107.117 Z2.02
G0 F9000 X98.555 Y117.5
;TIME_ELAPSED:2025.236484
;LAYER:19
;TYPE:WALL-INNER
;MESH:ranella v1.stl
G1 F1500 E940.06917
G1 F1800 X98.555 Y117.507 E940.06929
G1 X98.589 Y118.641 E940.0891
G1 X98.688 Y119.751 E940.10856
G1 X98.858 Y120.891 E940.12869
G1 X99.092 Y121.981 E940.14816
G1 X99.4 Y123.09 E940.16825
G1 X99.761 Y124.148 E940.18777
G1 X100.188 Y125.197 E940.20755
G1 X100.689 Y126.236 E940.22769
G1 X101.23 Y127.208 E940.24712
G1 X101.848 Y128.172 E940.26711
G1 X102.512 Y129.09 E940.28689
G1 X103.232 Y129.965 E940.30668
G1 X104.005 Y130.799 E940.32654
G1 X104.815 Y131.575 E940.34612
G1 X105.695 Y132.318 E940.36624
G1 X106.589 Y132.989 E940.38575
G1 X107.549 Y133.622 E940.40583
G1 X108.515 Y134.179 E940.4253
G1 X109.543 Y134.695 E940.44539
G1 X110.588 Y135.142 E940.46524
G1 X111.656 Y135.524 E940.48504
G1 X112.728 Y135.834 E940.50453
G1 X113.84 Y136.089 E940.52445
G1 X114.973 Y136.278 E940.54451
G1 X116.075 Y136.392 E940.56385
G1 X117.226 Y136.445 E940.58397
G1 X118.344 Y136.43 E940.60349
G1 X119.482 Y136.343 E940.62342
G1 X120.616 Y136.191 E940.6434
G1 X121.709 Y135.976 E940.66285
G1 X122.825 Y135.683 E940.683
G1 X123.889 Y135.339 E940.70253
G1 X124.958 Y134.918 E940.72259
G1 X125.99 Y134.44 E940.74245
G1 X126.971 Y133.913 E940.76189
G1 X127.937 Y133.319 E940.7817
G1 X128.876 Y132.656 E940.80177
G1 X129.763 Y131.947 E940.8216
G1 X130.59 Y131.2 E940.84105
G1 X131.402 Y130.381 E940.86119
G1 X132.139 Y129.533 E940.88081
G1 X132.833 Y128.634 E940.90064
G1 X133.467 Y127.705 E940.92028
G1 X134.058 Y126.72 E940.94034
G1 X134.573 Y125.721 E940.95997
G1 X135.032 Y124.693 E940.97962
G1 X135.437 Y123.612 E940.99978
G1 X135.771 Y122.528 E941.01959
G1 X136.04 Y121.43 E941.03933
G1 X136.237 Y120.331 E941.05882
G1 X136.377 Y119.184 E941.079
G1 X136.446 Y118.056 E941.09873
G1 X136.446 Y116.945 E941.11813
G1 X136.374 Y115.793 E941.13829
G1 X136.237 Y114.665 E941.15813
G1 X136.036 Y113.551 E941.1779
G1 X135.771 Y112.469 E941.19735
G1 X135.429 Y111.364 E941.21755
G1 X135.036 Y110.311 E941.23717
G1 X134.573 Y109.276 E941.25697
G1 X134.058 Y108.279 E941.27657
G1 X133.466 Y107.29 E941.29669
G1 X132.829 Y106.353 E941.31648
G1 X132.148 Y105.472 E941.33592
G1 X131.402 Y104.62 E941.3557
G1 X130.589 Y103.795 E941.37592
G1 X129.763 Y103.049 E941.39536
G1 X128.877 Y102.341 E941.41516
G1 X127.934 Y101.678 E941.43529
G1 X126.967 Y101.082 E941.45512
G1 X125.989 Y100.556 E941.47451
G1 X124.959 Y100.079 E941.49433
G1 X123.886 Y99.658 E941.51446
G1 X122.821 Y99.313 E941.53401
G1 X121.714 Y99.025 E941.55398
G1 X120.616 Y98.809 E941.57352
G1 X119.482 Y98.657 E941.5935
G1 X118.342 Y98.57 E941.61346
G1 X117.224 Y98.551 E941.63299
G1 X116.076 Y98.604 E941.65306
G1 X114.969 Y98.721 E941.67249
G1 X113.839 Y98.907 E941.69249
G1 X112.728 Y99.162 E941.7124
G1 X111.657 Y99.471 E941.73186
G1 X110.589 Y99.858 E941.7517
G1 X109.545 Y100.302 E941.77151
G1 X108.514 Y100.818 E941.79164
G1 X107.55 Y101.374 E941.81107
G1 X106.589 Y102.011 E941.8312
G1 X105.695 Y102.678 E941.85068
G1 X104.816 Y103.425 E941.87082
G1 X104.012 Y104.194 E941.89025
G1 X103.232 Y105.032 E941.91024
G1 X102.516 Y105.906 E941.92997
G1 X101.848 Y106.825 E941.94981
G1 X101.23 Y107.788 E941.96979
G1 X100.689 Y108.76 E941.98921
G1 X100.188 Y109.799 E942.00935
G1 X99.761 Y110.848 E942.02913
G1 X99.4 Y111.906 E942.04865
G1 X99.093 Y113.019 E942.06881
G1 X98.858 Y114.109 E942.08828
G1 X98.688 Y115.245 E942.10834
G1 X98.589 Y116.355 E942.1278
G1 X98.555 Y117.5 E942.1478
G0 F9000 X98.135 Y117.5
G1 F1800 X98.135 Y117.507 E942.14792
G1 X98.17 Y118.666 E942.16817
G1 X98.27 Y119.801 E942.18806
G1 X98.445 Y120.967 E942.20865
G1 X98.684 Y122.081 E942.22855
G1 X98.999 Y123.214 E942.24908
G1 X99.367 Y124.295 E942.26902
G1 X99.804 Y125.368 E942.28925
G1 X100.316 Y126.429 E942.30982
G1 X100.869 Y127.424 E942.3297
G1 X101.501 Y128.409 E942.35014
G1 X102.179 Y129.346 E942.37033
G1 X102.915 Y130.241 E942.39056
G1 X103.706 Y131.093 E942.41087
G1 X104.534 Y131.887 E942.4309
G1 X105.433 Y132.646 E942.45144
G1 X106.347 Y133.332 E942.4714
G1 X107.328 Y133.979 E942.49192
G1 X108.315 Y134.549 E942.51182
G1 X109.366 Y135.076 E942.53235
G1 X110.435 Y135.533 E942.55265
G1 X111.527 Y135.924 E942.5729
G1 X112.623 Y136.241 E942.59282
G1 X113.759 Y136.501 E942.61317
G1 X114.917 Y136.695 E942.63368
G1 X116.043 Y136.811 E942.65344
G1 X117.219 Y136.865 E942.674
G1 X118.363 Y136.85 E942.69398
G1 X119.526 Y136.761 E942.71434
G1 X120.685 Y136.606 E942.73476
G1 X121.803 Y136.385 E942.75466
G1 X122.943 Y136.087 E942.77524
G1 X124.031 Y135.734 E942.79521
G1 X125.123 Y135.304 E942.8157
G1 X126.178 Y134.816 E942.836
G1 X127.181 Y134.277 E942.85588
G1 X128.168 Y133.669 E942.87612
G1 X129.129 Y132.992 E942.89665
G1 X130.035 Y132.267 E942.91691
G1 X130.88 Y131.504 E942.93679
G1 X131.71 Y130.667 E942.95738
G1 X132.464 Y129.8 E942.97744
G1 X133.173 Y128.881 E942.99771
G1 X133.821 Y127.932 E943.01777
G1 X134.425 Y126.925 E943.03828
G1 X134.951 Y125.903 E943.05835
G1 X135.42 Y124.852 E943.07844
G1 X135.835 Y123.748 E943.09904
G1 X136.176 Y122.64 E943.11928
G1 X136.451 Y121.517 E943.13947
G1 X136.652 Y120.394 E943.15939
G1 X136.796 Y119.222 E943.18001
G1 X136.866 Y118.069 E943.20018
G1 X136.866 Y116.932 E943.22003
G1 X136.792 Y115.754 E943.24064
G1 X136.652 Y114.602 E943.26091
G1 X136.447 Y113.463 E943.28112
G1 X136.176 Y112.357 E943.301
G1 X135.827 Y111.228 E943.32164
G1 X135.424 Y110.152 E943.3417
G1 X134.952 Y109.094 E943.36193
G1 X134.425 Y108.075 E943.38196
G1 X133.82 Y107.064 E943.40253
G1 X133.169 Y106.107 E943.42274
G1 X132.473 Y105.205 E943.44264
G1 X131.71 Y104.334 E943.46286
G1 X130.88 Y103.492 E943.4835
G1 X130.035 Y102.729 E943.50338
G1 X129.129 Y102.005 E943.52363
G1 X128.165 Y101.327 E943.54421
G1 X127.177 Y100.718 E943.56448
G1 X126.177 Y100.18 E943.58431
G1 X125.124 Y99.692 E943.60457
G1 X124.027 Y99.262 E943.62515
G1 X122.939 Y98.91 E943.64511
G1 X121.807 Y98.615 E943.66554
G1 X120.685 Y98.394 E943.68551
G1 X119.526 Y98.239 E943.70593
G1 X118.362 Y98.15 E943.72631
G1 X117.218 Y98.131 E943.74629
G1 X116.044 Y98.185 E943.76681
G1 X114.913 Y98.305 E943.78667
G1 X113.758 Y98.495 E943.80711
G1 X112.623 Y98.755 E943.82744
G1 X111.527 Y99.072 E943.84737
G1 X110.435 Y99.467 E943.86764
G1 X109.369 Y99.921 E943.88788
G1 X108.315 Y100.448 E943.90845
G1 X107.328 Y101.016 E943.92834
G1 X106.347 Y101.668 E943.9489
G1 X105.433 Y102.35 E943.96882
G1 X104.535 Y103.113 E943.98939
G1 X103.713 Y103.899 E944.00925
G1 X102.915 Y104.755 E944.02969
G1 X102.183 Y105.649 E944.04986
G1 X101.501 Y106.588 E944.07013
G1 X100.869 Y107.572 E944.09055
G1 X100.316 Y108.567 E944.11043
G1 X99.804 Y109.628 E944.131
G1 X99.367 Y110.701 E944.15123
G1 X98.999 Y111.782 E944.17117
G1 X98.685 Y112.919 E944.19177
G1 X98.444 Y114.034 E944.21169
G1 X98.27 Y115.195 E944.23218
G1 X98.17 Y116.33 E944.25208
G1 X98.135 Y117.5 E944.27252
G1 F1500 E943.27252
G0 F9000 X98.425 Y117.5
G0 X113.453 Y117.5
G1 F1500 E944.27252
G1 F1800 X113.45 Y117.468 E944.27308
G1 X113.497 Y116.884 E944.28331
G1 X113.645 Y116.257 E944.29456
G1 X113.873 Y115.698 E944.3051
G1 X114.202 Y115.154 E944.3162
G1 X114.617 Y114.657 E944.32751
G1 X115.026 Y114.296 E944.33704
G1 X115.555 Y113.943 E944.34814
G1 X116.141 Y113.68 E944.35936
G1 X116.757 Y113.519 E944.37047
G1 X117.277 Y113.455 E944.37962
G1 X117.933 Y113.472 E944.39108
G1 X118.598 Y113.597 E944.4029
G1 X119.174 Y113.806 E944.4136
G1 X119.683 Y114.085 E944.42373
G1 X120.172 Y114.452 E944.43441
G1 X120.633 Y114.926 E944.44595
G1 X120.982 Y115.429 E944.45664
G1 X121.272 Y116.011 E944.468
G1 X121.451 Y116.575 E944.47833
G1 X121.545 Y117.202 E944.4894
G1 X121.545 Y117.796 E944.49977
G1 X121.445 Y118.434 E944.51105
G1 X121.248 Y119.045 E944.52226
G1 X120.981 Y119.577 E944.53265
G1 X120.613 Y120.098 E944.54379
G1 X120.205 Y120.52 E944.55404
G1 X119.683 Y120.911 E944.56543
G1 X119.14 Y121.204 E944.5762
G1 X118.598 Y121.398 E944.58626
G1 X117.958 Y121.521 E944.59764
G1 X117.353 Y121.55 E944.60821
G1 X116.724 Y121.475 E944.61927
G1 X116.129 Y121.315 E944.63003
G1 X115.571 Y121.058 E944.64076
G1 X115.048 Y120.725 E944.65159
G1 X114.574 Y120.295 E944.66276
G1 X114.193 Y119.833 E944.67322
G1 X113.869 Y119.291 E944.68424
G1 X113.636 Y118.709 E944.69519
G1 X113.504 Y118.158 E944.70508
G1 X113.453 Y117.5 E944.71661
G0 F9000 X113.871 Y117.5
G1 F1800 X113.87 Y117.481 E944.71694
G1 X113.912 Y116.946 E944.72631
G1 X114.037 Y116.41 E944.73592
G1 X114.236 Y115.92 E944.74516
G1 X114.521 Y115.431 E944.75504
G1 X114.908 Y114.96 E944.76568
G1 X115.291 Y114.622 E944.7746
G1 X115.766 Y114.307 E944.78456
G1 X116.312 Y114.07 E944.79495
G1 X116.787 Y113.941 E944.80354
G1 X117.332 Y113.872 E944.81314
G1 X117.901 Y113.891 E944.82308
G1 X118.427 Y113.987 E944.83241
G1 X118.977 Y114.179 E944.84259
G1 X119.463 Y114.443 E944.85224
G1 X119.904 Y114.775 E944.86188
G1 X120.308 Y115.192 E944.87202
G1 X120.607 Y115.621 E944.88115
G1 X120.864 Y116.122 E944.89098
G1 X121.03 Y116.637 E944.90043
G1 X121.124 Y117.209 E944.91055
G1 X121.124 Y117.79 E944.9207
G1 X121.042 Y118.311 E944.92991
G1 X120.864 Y118.873 E944.9402
G1 X120.634 Y119.334 E944.9492
G1 X120.296 Y119.822 E944.95956
G1 X119.894 Y120.233 E944.9696
G1 X119.481 Y120.541 E944.9786
G1 X119.024 Y120.795 E944.98773
G1 X118.477 Y120.996 E944.9979
G1 X117.936 Y121.101 E945.00753
G1 X117.358 Y121.126 E945.01763
G1 X116.787 Y121.059 E945.02767
G1 X116.299 Y120.926 E945.0365
G1 X115.769 Y120.688 E945.04665
G1 X115.331 Y120.408 E945.05572
G1 X114.923 Y120.05 E945.0652
G1 X114.541 Y119.594 E945.07559
G1 X114.259 Y119.123 E945.08517
G1 X114.043 Y118.604 E945.09499
G1 X113.912 Y118.054 E945.10486
G1 X113.871 Y117.5 E945.11456
G0 F9000 X114.291 Y117.5
;TYPE:WALL-OUTER
G1 F1800 X114.29 Y117.483 E945.11486
G1 X114.331 Y116.992 E945.12346
G1 X114.445 Y116.516 E945.13201
G1 X114.626 Y116.076 E945.14032
G1 X114.877 Y115.654 E945.14889
G1 X115.204 Y115.258 E945.15786
G1 X115.573 Y114.936 E945.16641
G1 X115.982 Y114.672 E945.17491
G1 X116.432 Y114.473 E945.1835
G1 X116.893 Y114.348 E945.19184
G1 X117.369 Y114.29 E945.20022
G1 X117.88 Y114.311 E945.20915
G1 X118.357 Y114.402 E945.21763
G1 X118.821 Y114.569 E945.22624
G1 X119.26 Y114.812 E945.235
G1 X119.635 Y115.098 E945.24323
G1 X119.987 Y115.463 E945.25209
G1 X120.268 Y115.873 E945.26077
G1 X120.483 Y116.299 E945.2691
G1 X120.632 Y116.779 E945.27788
G1 X120.706 Y117.254 E945.28627
G1 X120.706 Y117.752 E945.29497
G1 X120.629 Y118.234 E945.30349
G1 X120.483 Y118.697 E945.31197
G1 X120.261 Y119.141 E945.32064
G1 X119.979 Y119.546 E945.32925
G1 X119.632 Y119.905 E945.33797
G1 X119.243 Y120.195 E945.34644
G1 X118.809 Y120.432 E945.35508
G1 X118.35 Y120.596 E945.36359
G1 X117.88 Y120.685 E945.37194
G1 X117.369 Y120.706 E945.38087
G1 X116.887 Y120.651 E945.38934
G1 X116.405 Y120.518 E945.39807
G1 X115.968 Y120.318 E945.40647
G1 X115.547 Y120.045 E945.41523
G1 X115.181 Y119.714 E945.42385
G1 X114.871 Y119.332 E945.43244
G1 X114.626 Y118.92 E945.44081
G1 X114.435 Y118.449 E945.44968
G1 X114.328 Y117.992 E945.45788
G1 X114.291 Y117.5 E945.46649
G0 F9000 X114.29 Y117.483
G0 X114.305 Y117.301
G1 F1500 E944.46649
G0 F9000 X113.602 Y117.246
G0 X98.425 Y117.5
G0 X97.715 Y117.5
G1 F1500 E945.46649
G1 F1800 X97.715 Y117.507 E945.46661
G1 X97.75 Y118.691 E945.4873
G1 X97.853 Y119.851 E945.50763
G1 X98.031 Y121.042 E945.52866
G1 X98.276 Y122.181 E945.549
G1 X98.597 Y123.338 E945.56997
G1 X98.973 Y124.442 E945.59033
G1 X99.42 Y125.538 E945.611
G1 X99.943 Y126.623 E945.63204
G1 X100.509 Y127.64 E945.65236
G1 X101.154 Y128.645 E945.67321
G1 X101.847 Y129.603 E945.69386
G1 X102.599 Y130.517 E945.71452
G1 X103.406 Y131.388 E945.73526
G1 X104.253 Y132.199 E945.75573
G1 X105.171 Y132.975 E945.77672
G1 X106.105 Y133.676 E945.79712
G1 X107.107 Y134.337 E945.81808
G1 X108.116 Y134.919 E945.83842
G1 X109.189 Y135.457 E945.85938
G1 X110.281 Y135.924 E945.88011
G1 X111.397 Y136.324 E945.90081
G1 X112.517 Y136.648 E945.92117
G1 X113.677 Y136.913 E945.94195
G1 X114.861 Y137.111 E945.96291
G1 X116.012 Y137.23 E945.98312
G1 X117.212 Y137.285 E946.00409
G1 X118.382 Y137.27 E946.02453
G1 X119.57 Y137.179 E946.04533
G1 X120.753 Y137.02 E946.06617
G1 X121.897 Y136.795 E946.08653
G1 X123.061 Y136.49 E946.10754
G1 X124.173 Y136.13 E946.12795
G1 X125.289 Y135.69 E946.1489
G1 X126.366 Y135.192 E946.16962
G1 X127.391 Y134.641 E946.18994
G1 X128.4 Y134.02 E946.21063
G1 X129.381 Y133.328 E946.23159
G1 X130.307 Y132.587 E946.2523
G1 X131.17 Y131.808 E946.2726
G1 X132.018 Y130.953 E946.29363
G1 X132.789 Y130.066 E946.31415
G1 X133.513 Y129.128 E946.33484
G1 X134.175 Y128.158 E946.35535
G1 X134.792 Y127.129 E946.3763
G1 X135.33 Y126.085 E946.3968
G1 X135.809 Y125.012 E946.41732
G1 X136.233 Y123.884 E946.43837
G1 X136.581 Y122.752 E946.45905
G1 X136.862 Y121.604 E946.47968
G1 X137.068 Y120.456 E946.50005
G1 X137.214 Y119.26 E946.52109
G1 X137.286 Y118.081 E946.54171
G1 X137.286 Y116.919 E946.562
G1 X137.21 Y115.716 E946.58305
G1 X137.068 Y114.54 E946.60374
G1 X136.858 Y113.376 E946.62439
G1 X136.581 Y112.245 E946.64472
G1 X136.225 Y111.092 E946.66579
G1 X135.813 Y109.992 E946.6863
G1 X135.33 Y108.912 E946.70696
G1 X134.792 Y107.871 E946.72742
G1 X134.174 Y106.838 E946.74844
G1 X133.509 Y105.86 E946.76909
G1 X132.797 Y104.938 E946.78944
G1 X132.018 Y104.048 E946.81009
G1 X131.17 Y103.188 E946.83118
G1 X130.307 Y102.409 E946.85148
G1 X129.381 Y101.669 E946.87218
G1 X128.396 Y100.976 E946.89321
G1 X127.387 Y100.354 E946.9139
G1 X126.365 Y99.804 E946.93417
G1 X125.289 Y99.306 E946.95487
G1 X124.169 Y98.866 E946.97589
G1 X123.057 Y98.506 E946.9963
G1 X121.901 Y98.205 E947.01715
G1 X120.753 Y97.98 E947.03758
G1 X119.57 Y97.821 E947.05842
G1 X118.382 Y97.73 E947.07923
G1 X117.212 Y97.711 E947.09966
G1 X116.012 Y97.766 E947.12064
G1 X114.857 Y97.889 E947.14092
G1 X113.677 Y98.083 E947.1618
G1 X112.517 Y98.348 E947.18258
G1 X111.397 Y98.672 E947.20294
G1 X110.281 Y99.076 E947.22366
G1 X109.193 Y99.539 E947.24431
G1 X108.116 Y100.078 E947.26534
G1 X107.107 Y100.659 E947.28567
G1 X106.105 Y101.324 E947.30667
G1 X105.171 Y102.021 E947.32702
G1 X104.253 Y102.801 E947.34805
G1 X103.414 Y103.604 E947.36833
G1 X102.599 Y104.479 E947.38921
G1 X101.851 Y105.393 E947.40983
G1 X101.154 Y106.351 E947.43052
G1 X100.509 Y107.356 E947.45137
G1 X99.943 Y108.373 E947.4717
G1 X99.42 Y109.458 E947.49273
G1 X98.973 Y110.554 E947.5134
G1 X98.597 Y111.658 E947.53376
G1 X98.277 Y112.819 E947.55479
G1 X98.031 Y113.958 E947.57514
G1 X97.853 Y115.145 E947.5961
G1 X97.75 Y116.305 E947.61643
G1 X97.715 Y117.5 E947.63731
G0 F9000 X97.715 Y117.507
G0 X97.72 Y117.699
G1 F1500 E946.63731
G0 F9000 X98.43 Y117.679
G0 X113.074 Y117.5
;TYPE:SKIN
G1 F1500 E947.63731
G1 F1800 X113.121 Y118.177 E947.64916
G1 X113.273 Y118.84 E947.66104
G1 X113.522 Y119.434 E947.67228
G1 X113.871 Y120.038 E947.68446
G1 X114.331 Y120.589 E947.697
G1 X114.816 Y121.021 E947.70834
G1 X115.363 Y121.379 E947.71975
G1 X115.976 Y121.66 E947.73153
G1 X116.651 Y121.847 E947.74376
G1 X117.321 Y121.922 E947.75553
G1 X118.004 Y121.893 E947.76747
G1 X118.654 Y121.78 E947.77899
G1 X119.314 Y121.544 E947.79123
G1 X119.883 Y121.231 E947.80257
G1 X120.411 Y120.841 E947.81403
G1 X120.899 Y120.343 E947.8262
G1 X121.301 Y119.781 E947.83827
G1 X121.619 Y119.149 E947.85062
G1 X121.815 Y118.513 E947.86224
G1 X121.916 Y117.878 E947.87347
G1 X121.922 Y117.179 E947.88568
G1 X121.817 Y116.49 E947.89785
G1 X121.625 Y115.878 E947.90905
G1 X121.305 Y115.231 E947.92165
G1 X120.923 Y114.681 E947.93335
G1 X120.45 Y114.185 E947.94531
G1 X119.96 Y113.812 E947.95607
G1 X119.344 Y113.464 E947.96842
G1 X118.65 Y113.216 E947.98129
G1 X118.048 Y113.103 E947.99198
G1 X117.315 Y113.066 E948.0048
G1 X116.697 Y113.144 E948.01568
G1 X116.019 Y113.32 E948.02791
G1 X115.353 Y113.622 E948.04068
G1 X114.821 Y113.968 E948.05176
G1 X114.316 Y114.414 E948.06352
G1 X113.854 Y114.987 E948.07638
G1 X113.534 Y115.529 E948.08737
G1 X113.276 Y116.148 E948.09908
G1 X113.123 Y116.808 E948.11091
G1 X113.07 Y117.443 E948.12203
G1 X113.074 Y117.5 E948.12303
G1 F1500 E947.12303
G0 F9000 X98.931 Y117.5
G1 F1500 E948.12303
G1 F1800 X98.966 Y116.369 E948.14279
G1 X99.061 Y115.297 E948.16158
G1 X99.227 Y114.186 E948.1812
G1 X99.457 Y113.119 E948.20026
G1 X99.765 Y112.006 E948.22042
G1 X100.109 Y110.986 E948.23922
G1 X100.528 Y109.962 E948.25854
G1 X101.031 Y108.925 E948.27866
G1 X101.549 Y107.988 E948.29736
G1 X102.162 Y107.031 E948.3172
G1 X102.863 Y106.077 E948.33788
G1 X103.507 Y105.287 E948.35567
G1 X104.286 Y104.452 E948.37561
G1 X105.061 Y103.713 E948.39431
G1 X105.94 Y102.969 E948.41442
G1 X106.814 Y102.312 E948.43351
G1 X107.739 Y101.699 E948.45289
G1 X108.684 Y101.154 E948.47194
G1 X109.713 Y100.639 E948.49203
G1 X110.737 Y100.204 E948.51146
G1 X111.781 Y99.824 E948.53086
G1 X112.813 Y99.528 E948.54961
G1 X113.909 Y99.279 E948.56923
G1 X115.029 Y99.093 E948.58906
G1 X116.096 Y98.982 E948.60779
G1 X117.232 Y98.927 E948.62765
G1 X118.313 Y98.946 E948.64653
G1 X119.441 Y99.033 E948.66628
G1 X120.561 Y99.184 E948.68602
G1 X121.617 Y99.389 E948.7048
G1 X122.721 Y99.678 E948.72473
G1 X123.749 Y100.01 E948.74359
G1 X124.817 Y100.43 E948.76363
G1 X125.83 Y100.896 E948.7831
G1 X126.766 Y101.402 E948.80168
G1 X127.724 Y101.992 E948.82132
G1 X128.653 Y102.644 E948.84114
G1 X129.523 Y103.344 E948.86064
G1 X130.33 Y104.072 E948.87962
G1 X131.118 Y104.868 E948.89918
G1 X131.845 Y105.702 E948.9185
G1 X132.525 Y106.584 E948.93794
G1 X133.138 Y107.486 E948.95699
G1 X133.72 Y108.455 E948.97672
G1 X134.234 Y109.448 E948.99625
G1 X134.681 Y110.452 E949.01544
G1 X135.065 Y111.477 E949.03455
G1 X135.409 Y112.581 E949.05474
G1 X135.662 Y113.616 E949.07335
G1 X135.86 Y114.712 E949.0928
G1 X135.994 Y115.816 E949.11222
G1 X136.066 Y116.967 E949.13235
G1 X136.066 Y118.033 E949.15097
G1 X135.998 Y119.136 E949.17026
G1 X135.86 Y120.28 E949.19039
G1 X135.67 Y121.34 E949.20919
G1 X135.405 Y122.416 E949.22854
G1 X135.143 Y123.283 E949.24435
G1 X135.153 Y123.296 E949.24464
G1 X134.681 Y124.54 E949.26787
G1 X134.234 Y125.545 E949.28708
G1 X133.72 Y126.541 E949.30665
G1 X133.15 Y127.49 E949.32598
G1 X132.529 Y128.404 E949.34528
G1 X131.841 Y129.298 E949.36498
G1 X131.114 Y130.132 E949.38429
G1 X130.334 Y130.92 E949.40366
G1 X129.524 Y131.651 E949.42271
G1 X128.649 Y132.347 E949.44223
G1 X127.72 Y133.004 E949.4621
G1 X126.775 Y133.586 E949.48148
G1 X125.83 Y134.096 E949.50023
G1 X124.817 Y134.562 E949.5197
G1 X123.749 Y134.986 E949.53976
G1 X122.725 Y135.314 E949.55854
G1 X121.613 Y135.607 E949.57862
G1 X120.561 Y135.812 E949.59734
G1 X119.441 Y135.963 E949.61707
G1 X118.314 Y136.05 E949.63681
G1 X117.236 Y136.065 E949.65563
G1 X116.092 Y136.01 E949.67563
G1 X115.032 Y135.903 E949.69423
G1 X113.913 Y135.717 E949.71404
G1 X112.813 Y135.464 E949.73375
G1 X111.781 Y135.164 E949.75252
G1 X110.733 Y134.792 E949.77194
G1 X109.697 Y134.349 E949.79161
G1 X108.692 Y133.843 E949.81126
G1 X107.755 Y133.305 E949.83013
G1 X106.798 Y132.672 E949.85016
G1 X105.923 Y132.015 E949.86927
G1 X105.069 Y131.295 E949.88877
G1 X104.27 Y130.528 E949.90811
G1 X103.515 Y129.713 E949.92751
G1 X102.811 Y128.855 E949.94689
G1 X102.154 Y127.949 E949.96643
G1 X101.549 Y127.004 E949.98603
G1 X101.031 Y126.067 E950.00472
G1 X100.528 Y125.03 E950.02485
G1 X100.109 Y124.006 E950.04417
G1 X99.757 Y122.966 E950.06334
G1 X99.457 Y121.877 E950.08306
G1 X99.227 Y120.81 E950.10212
G1 X99.061 Y119.695 E950.12181
G1 X98.966 Y118.627 E950.14053
G1 X98.931 Y117.515 E950.15996
G1 X98.931 Y117.5 E950.16022
G1 F1500 E949.16022
G0 F9000 X103.843 Y105.234
G1 F1500 E950.16022
G1 F1800 X105.247 Y103.83 E950.19489
G1 X105.321 Y103.756
G0 F9000 X107.682 Y101.989
G1 F1800 X102.006 Y107.665 E950.33505
G1 X101.932 Y107.739
G0 F9000 X101.194 Y109.071
G1 F1800 X109.069 Y101.196 E950.52952
G1 X109.143 Y101.122
G0 F9000 X110.198 Y100.661
G1 F1800 X100.657 Y110.203 E950.76514
G1 X100.583 Y110.277
G0 F9000 X100.262 Y111.191
G1 F1800 X111.192 Y100.261 E951.03505
G1 X111.266 Y100.187
G0 F9000 X112.095 Y99.952
G1 F1800 X99.962 Y112.085 E951.33467
G1 X99.888 Y112.159
G0 F9000 X99.735 Y112.907
G1 F1800 X112.924 Y99.718 E951.66036
G0 F9000 X113.692 Y99.543
G1 F1800 X99.551 Y113.684 E952.00957
G0 F9000 X99.404 Y114.425
G1 F1800 X114.423 Y99.406 E952.38045
G0 F9000 X115.13 Y99.293
G1 F1800 X99.3 Y115.123 E952.77137
G0 F9000 X99.229 Y115.788
G1 F1800 X115.793 Y99.224 E953.1804
G0 F9000 X116.436 Y99.175
G1 F1800 X99.175 Y116.436 E953.60665
G0 F9000 X99.156 Y117.049
G1 F1800 X117.059 Y99.146 E954.04876
G0 F9000 X117.655 Y99.144
G1 F1800 X99.146 Y117.653 E954.50583
G0 F9000 X99.164 Y118.229
G1 F1800 X118.238 Y99.155 E954.97685
G0 F9000 X118.793 Y99.194
G1 F1800 X99.192 Y118.795 E955.46088
G0 F9000 X99.241 Y119.34
G1 F1800 X119.345 Y99.236 E955.95734
G0 F9000 X119.872 Y99.303
G1 F1800 X99.301 Y119.874 E956.46533
G0 F9000 X99.378 Y120.391
G1 F1800 X120.396 Y99.373 E956.98435
G0 F9000 X120.899 Y99.464
G1 F1800 X99.462 Y120.9 E957.51371
G0 F9000 X99.567 Y121.39
G1 F1800 X121.396 Y99.561 E958.05277
G0 F9000 X121.877 Y99.674
G1 F1800 X99.675 Y121.876 E958.60103
G0 F9000 X99.803 Y122.341
G1 F1800 X122.348 Y99.797 E959.15775
G0 F9000 X122.811 Y99.928
G1 F1800 X99.932 Y122.807 E959.72274
G0 F9000 X100.078 Y123.255
G1 F1800 X123.26 Y100.073 E960.2952
G0 F9000 X123.708 Y100.219
G1 F1800 X100.227 Y123.699 E960.87504
G0 F9000 X100.388 Y124.133
G1 F1800 X124.134 Y100.387 E961.46143
G0 F9000 X124.56 Y100.554
G1 F1800 X100.561 Y124.553 E962.05407
G0 F9000 X100.735 Y124.973
G1 F1800 X124.975 Y100.733 E962.65267
G0 F9000 X125.382 Y100.92
G1 F1800 X100.929 Y125.374 E963.25653
G0 F9000 X101.123 Y125.774
G1 F1800 X125.787 Y101.11 E963.86559
G0 F9000 X126.172 Y101.319
G1 F1800 X101.326 Y126.165 E964.47915
G0 F9000 X101.538 Y126.547
G1 F1800 X126.557 Y101.528 E965.09698
G0 F9000 X126.928 Y101.75
G1 F1800 X115.22 Y113.458 E965.3861
G1 X115.146 Y113.532
G0 F9000 X116.219 Y113.054
G1 F1800 X127.296 Y101.976 E965.65965
G0 F9000 X127.662 Y102.204
G1 F1800 X116.967 Y112.899 E965.92376
G0 F9000 X117.589 Y112.871
G1 F1800 X128.011 Y102.449 E966.18112
G0 F9000 X128.36 Y102.695
G1 F1800 X118.146 Y112.909 E966.43335
G0 F9000 X118.645 Y113.003
G1 F1800 X128.698 Y102.95 E966.6816
G0 F9000 X129.028 Y103.214
G1 F1800 X119.092 Y113.151 E966.92698
G0 F9000 X119.513 Y113.323
G1 F1800 X129.357 Y103.479 E967.17007
G0 F9000 X129.671 Y103.759
G1 F1800 X119.894 Y113.536 E967.41151
G0 F9000 X120.253 Y113.771
G1 F1800 X129.983 Y104.041 E967.65179
G0 F9000 X130.289 Y104.329
G1 F1800 X120.589 Y114.029 E967.89132
G0 F9000 X120.88 Y114.332
G1 F1800 X130.584 Y104.628 E968.13096
G0 F9000 X130.88 Y104.926
G1 F1800 X121.156 Y114.65 E968.37108
G0 F9000 X121.4 Y115
G1 F1800 X131.162 Y105.238 E968.61215
G0 F9000 X131.438 Y105.555
G1 F1800 X121.614 Y115.38 E968.85476
G0 F9000 X121.811 Y115.777
G1 F1800 X131.713 Y105.875 E969.09928
G0 F9000 X131.972 Y106.21
G1 F1800 X121.954 Y116.228 E969.34667
G0 F9000 X122.063 Y116.713
G1 F1800 X132.23 Y106.545 E969.59775
G0 F9000 X132.479 Y106.891
G1 F1800 X122.131 Y117.238 E969.85328
G0 F9000 X122.127 Y117.837
G1 F1800 X132.72 Y107.244 E970.11487
G0 F9000 X132.96 Y107.598
G1 F1800 X122.025 Y118.533 E970.3849
G1 X121.951 Y118.607
G0 F9000 X121.702 Y119.45
G1 F1800 X133.183 Y107.969 E970.66841
G0 F9000 X133.406 Y108.339
G1 F1800 X108.344 Y133.402 E971.28732
G0 F9000 X108.721 Y133.618
G1 F1800 X133.621 Y108.719 E971.9022
G0 F9000 X133.823 Y109.111
G1 F1800 X109.113 Y133.821 E972.51239
G0 F9000 X109.508 Y134.019
G1 F1800 X134.025 Y109.503 E973.11781
G0 F9000 X134.21 Y109.911
G1 F1800 X109.91 Y134.212 E973.7179
G0 F9000 X110.326 Y134.39
G1 F1800 X134.393 Y110.322 E974.31223
G0 F9000 X134.566 Y110.744
G1 F1800 X110.741 Y134.568 E974.90056
G0 F9000 X111.176 Y134.727
G1 F1800 X134.727 Y111.176 E975.48214
G0 F9000 X134.886 Y111.611
G1 F1800 X111.615 Y134.883 E976.05682
G0 F9000 X112.064 Y135.028
G1 F1800 X135.027 Y112.064 E976.62389
G0 F9000 X135.168 Y112.517
G1 F1800 X112.523 Y135.162 E977.18309
G0 F9000 X112.989 Y135.29
G1 F1800 X135.292 Y112.987 E977.73385
G0 F9000 X135.409 Y113.464
G1 F1800 X113.472 Y135.401 E978.27557
G0 F9000 X113.956 Y135.511
G1 F1800 X135.51 Y113.957 E978.80783
G0 F9000 X135.6 Y114.461
G1 F1800 X114.465 Y135.596 E979.32975
G0 F9000 X114.974 Y135.681
G1 F1800 X135.68 Y114.976 E979.84106
G0 F9000 X135.744 Y115.505
G1 F1800 X115.509 Y135.74 E980.34075
G0 F9000 X116.049 Y135.794
G1 F1800 X135.798 Y116.045 E980.82844
G0 F9000 X135.832 Y116.605
G1 F1800 X116.613 Y135.824 E981.30304
G0 F9000 X117.18 Y135.851
G1 F1800 X135.856 Y117.175 E981.76423
G0 F9000 X135.856 Y117.769
G1 F1800 X117.777 Y135.848 E982.21068
G0 F9000 X118.385 Y135.835
G1 F1800 X135.834 Y118.385 E982.64159
G0 F9000 X135.795 Y119.018
G1 F1800 X119.028 Y135.785 E983.05564
G0 F9000 X119.688 Y135.719
G1 F1800 X135.72 Y119.687 E983.45154
G0 F9000 X135.629 Y120.371
G1 F1800 X120.375 Y135.626 E983.82824
G0 F9000 X121.101 Y135.494
G1 F1800 X135.5 Y121.095 E984.18382
G0 F9000 X135.324 Y121.865
G1 F1800 X121.865 Y135.324 E984.51618
G0 F9000 X122.672 Y135.111
G1 F1800 X135.107 Y122.676 E984.82325
G1 X135.181 Y122.602
G0 F9000 X134.834 Y123.543
G1 F1800 X123.546 Y134.83 E985.10199
G1 X123.472 Y134.904
G0 F9000 X124.515 Y134.456
G1 F1800 X134.467 Y124.504 E985.34775
G1 X134.541 Y124.43
G0 F9000 X133.976 Y125.589
G1 F1800 X125.589 Y133.976 E985.55486
G1 X125.515 Y134.05
G0 F9000 X126.89 Y133.268
G1 F1800 X133.259 Y126.9 E985.71213
G1 X133.333 Y126.826
G0 F9000 X131.984 Y128.769
G1 F1800 X128.768 Y131.984 E985.79153
G1 X128.694 Y132.058
G1 F1500 E984.79153
G0 F9000 X119.435 Y121.717
G1 F1500 E985.79153
G1 F1800 X107.966 Y133.186 E986.07475
G0 F9000 X107.604 Y132.954
G1 F1800 X118.547 Y122.011 E986.34498
G0 F9000 X117.856 Y122.108
G1 F1800 X107.247 Y132.717 E986.60696
G0 F9000 X106.891 Y132.479
G1 F1800 X117.245 Y122.124 E986.86266
G0 F9000 X116.712 Y122.064
G1 F1800 X106.552 Y132.224 E987.11356
G0 F9000 X106.212 Y131.969
G1 F1800 X116.233 Y121.949 E987.36101
G0 F9000 X115.787 Y121.801
G1 F1800 X105.881 Y131.706 E987.60562
G0 F9000 X105.559 Y131.435
G1 F1800 X115.379 Y121.615 E987.84812
G0 F9000 X115.005 Y121.395
G1 F1800 X105.237 Y131.163 E988.08933
G0 F9000 X104.933 Y130.873
G1 F1800 X114.652 Y121.154 E988.32934
G0 F9000 X114.338 Y120.874
G1 F1800 X104.629 Y130.583 E988.56909
G0 F9000 X104.332 Y130.286
G1 F1800 X114.044 Y120.574 E988.80893
G0 F9000 X113.773 Y120.251
G1 F1800 X104.047 Y129.978 E989.04912
G0 F9000 X103.762 Y129.669
G1 F1800 X113.543 Y119.887 E989.29066
G0 F9000 X113.328 Y119.508
G1 F1800 X103.488 Y129.348 E989.53366
G0 F9000 X103.22 Y129.022
G1 F1800 X113.153 Y119.089 E989.77895
G0 F9000 X113.011 Y118.638
G1 F1800 X102.954 Y128.694 E990.02729
G0 F9000 X102.704 Y128.35
G1 F1800 X112.909 Y118.145 E990.27929
G0 F9000 X112.869 Y117.591
G1 F1800 X102.455 Y128.005 E990.53646
G0 F9000 X102.214 Y127.652
G1 F1800 X112.898 Y116.968 E990.80029
G0 F9000 X113.042 Y116.23
G1 F1800 X101.982 Y127.29 E991.07341
G0 F9000 X101.751 Y126.928
G1 F1800 X113.496 Y115.182 E991.36346
G1 X113.57 Y115.108
G1 F1500 E990.36346
;MESH:NONMESH
G0 F600 X113.57 Y115.108 Z2.12
G0 F9000 X98.555 Y117.5
;TIME_ELAPSED:2132.684877
;LAYER:20
;TYPE:WALL-INNER
;MESH:ranella v1.stl
G1 F1500 E991.36346
G1 F1800 X98.555 Y117.507 E991.36358
G1 X98.589 Y118.641 E991.38339
G1 X98.688 Y119.751 E991.40285
G1 X98.858 Y120.891 E991.42298
G1 X99.092 Y121.981 E991.44245
G1 X99.4 Y123.09 E991.46254
G1 X99.761 Y124.148 E991.48207
G1 X100.188 Y125.197 E991.50184
G1 X100.689 Y126.236 E991.52198
G1 X101.23 Y127.208 E991.54141
G1 X101.848 Y128.172 E991.5614
G1 X102.512 Y129.09 E991.58119
G1 X103.232 Y129.965 E991.60097
G1 X104.005 Y130.799 E991.62083
G1 X104.815 Y131.575 E991.64042
G1 X105.695 Y132.318 E991.66053
G1 X106.589 Y132.989 E991.68005
G1 X107.549 Y133.622 E991.70012
G1 X108.515 Y134.179 E991.7196
G1 X109.543 Y134.695 E991.73968
G1 X110.588 Y135.142 E991.75953
G1 X111.656 Y135.524 E991.77933
G1 X112.728 Y135.834 E991.79882
G1 X113.84 Y136.089 E991.81874
G1 X114.973 Y136.278 E991.8388
G1 X116.075 Y136.392 E991.85814
G1 X117.226 Y136.445 E991.87826
G1 X118.344 Y136.43 E991.89779
G1 X119.482 Y136.343 E991.91772
G1 X120.616 Y136.191 E991.93769
G1 X121.709 Y135.976 E991.95715
G1 X122.825 Y135.683 E991.97729
G1 X123.889 Y135.339 E991.99682
G1 X124.958 Y134.918 E992.01688
G1 X125.99 Y134.44 E992.03674
G1 X126.971 Y133.913 E992.05619
G1 X127.937 Y133.319 E992.07599
G1 X128.876 Y132.656 E992.09606
G1 X129.763 Y131.947 E992.11589
G1 X130.59 Y131.2 E992.13535
G1 X131.402 Y130.381 E992.15548
G1 X132.139 Y129.533 E992.1751
G1 X132.833 Y128.634 E992.19493
G1 X133.467 Y127.705 E992.21457
G1 X134.058 Y126.72 E992.23463
G1 X134.573 Y125.721 E992.25426
G1 X135.032 Y124.693 E992.27392
G1 X135.437 Y123.612 E992.29407
G1 X135.771 Y122.528 E992.31388
G1 X136.04 Y121.43 E992.33362
G1 X136.237 Y120.331 E992.35312
G1 X136.377 Y119.184 E992.37329
G1 X136.446 Y118.056 E992.39303
G1 X136.446 Y116.945 E992.41243
G1 X136.374 Y115.793 E992.43258
G1 X136.237 Y114.665 E992.45242
G1 X136.036 Y113.551 E992.47219
G1 X135.771 Y112.469 E992.49164
G1 X135.429 Y111.364 E992.51184
G1 X135.036 Y110.311 E992.53146
G1 X134.573 Y109.276 E992.55126
G1 X134.058 Y108.279 E992.57086
G1 X133.466 Y107.29 E992.59098
G1 X132.829 Y106.353 E992.61077
G1 X132.148 Y105.472 E992.63021
G1 X131.402 Y104.62 E992.64999
G1 X130.589 Y103.795 E992.67021
G1 X129.763 Y103.049 E992.68965
G1 X128.877 Y102.341 E992.70945
G1 X127.934 Y101.678 E992.72958
G1 X126.967 Y101.082 E992.74941
G1 X125.989 Y100.556 E992.76881
G1 X124.959 Y100.079 E992.78863
G1 X123.886 Y99.658 E992.80875
G1 X122.821 Y99.313 E992.8283
G1 X121.714 Y99.025 E992.84827
G1 X120.616 Y98.809 E992.86781
G1 X119.482 Y98.657 E992.88779
G1 X118.342 Y98.57 E992.90776
G1 X117.224 Y98.551 E992.92728
G1 X116.076 Y98.604 E992.94735
G1 X114.969 Y98.721 E992.96679
G1 X113.839 Y98.907 E992.98678
G1 X112.728 Y99.162 E993.00669
G1 X111.657 Y99.471 E993.02615
G1 X110.589 Y99.858 E993.04599
G1 X109.545 Y100.302 E993.0658
G1 X108.514 Y100.818 E993.08593
G1 X107.55 Y101.374 E993.10536
G1 X106.589 Y102.011 E993.12549
G1 X105.695 Y102.678 E993.14497
G1 X104.816 Y103.425 E993.16511
G1 X104.012 Y104.194 E993.18454
G1 X103.232 Y105.032 E993.20453
G1 X102.516 Y105.906 E993.22426
G1 X101.848 Y106.825 E993.2441
G1 X101.23 Y107.788 E993.26408
G1 X100.689 Y108.76 E993.2835
G1 X100.188 Y109.799 E993.30364
G1 X99.761 Y110.848 E993.32342
G1 X99.4 Y111.906 E993.34294
G1 X99.093 Y113.019 E993.3631
G1 X98.858 Y114.109 E993.38257
G1 X98.688 Y115.245 E993.40263
G1 X98.589 Y116.355 E993.42209
G1 X98.555 Y117.5 E993.44209
G0 F9000 X98.135 Y117.5
G1 F1800 X98.135 Y117.507 E993.44221
G1 X98.17 Y118.666 E993.46246
G1 X98.27 Y119.801 E993.48236
G1 X98.445 Y120.967 E993.50294
G1 X98.684 Y122.081 E993.52284
G1 X98.999 Y123.214 E993.54337
G1 X99.367 Y124.295 E993.56331
G1 X99.804 Y125.368 E993.58354
G1 X100.316 Y126.429 E993.60411
G1 X100.869 Y127.424 E993.62399
G1 X101.501 Y128.409 E993.64443
G1 X102.179 Y129.346 E993.66462
G1 X102.915 Y130.241 E993.68486
G1 X103.706 Y131.093 E993.70516
G1 X104.534 Y131.887 E993.72519
G1 X105.433 Y132.646 E993.74573
G1 X106.347 Y133.332 E993.76569
G1 X107.328 Y133.979 E993.78621
G1 X108.315 Y134.549 E993.80611
G1 X109.366 Y135.076 E993.82664
G1 X110.435 Y135.533 E993.84694
G1 X111.527 Y135.924 E993.86719
G1 X112.623 Y136.241 E993.88712
G1 X113.759 Y136.501 E993.90747
G1 X114.917 Y136.695 E993.92797
G1 X116.043 Y136.811 E993.94773
G1 X117.219 Y136.865 E993.96829
G1 X118.363 Y136.85 E993.98827
G1 X119.526 Y136.761 E994.00864
G1 X120.685 Y136.606 E994.02905
G1 X121.803 Y136.385 E994.04895
G1 X122.943 Y136.087 E994.06953
G1 X124.031 Y135.734 E994.0895
G1 X125.123 Y135.304 E994.10999
G1 X126.178 Y134.816 E994.13029
G1 X127.181 Y134.277 E994.15017
G1 X128.168 Y133.669 E994.17042
G1 X129.129 Y132.992 E994.19094
G1 X130.035 Y132.267 E994.21121
G1 X130.88 Y131.504 E994.23109
G1 X131.71 Y130.667 E994.25167
G1 X132.464 Y129.8 E994.27173
G1 X133.173 Y128.881 E994.292
G1 X133.821 Y127.932 E994.31206
G1 X134.425 Y126.925 E994.33257
G1 X134.951 Y125.903 E994.35264
G1 X135.42 Y124.852 E994.37274
G1 X135.835 Y123.748 E994.39333
G1 X136.176 Y122.64 E994.41357
G1 X136.451 Y121.517 E994.43376
G1 X136.652 Y120.394 E994.45368
G1 X136.796 Y119.222 E994.4743
G1 X136.866 Y118.069 E994.49447
G1 X136.866 Y116.932 E994.51433
G1 X136.792 Y115.754 E994.53494
G1 X136.652 Y114.602 E994.5552
G1 X136.447 Y113.463 E994.57541
G1 X136.176 Y112.357 E994.59529
G1 X135.827 Y111.228 E994.61593
G1 X135.424 Y110.152 E994.63599
G1 X134.952 Y109.094 E994.65622
G1 X134.425 Y108.075 E994.67625
G1 X133.82 Y107.064 E994.69682
G1 X133.169 Y106.107 E994.71704
G1 X132.473 Y105.205 E994.73693
G1 X131.71 Y104.334 E994.75715
G1 X130.88 Y103.492 E994.77779
G1 X130.035 Y102.729 E994.79767
G1 X129.129 Y102.005 E994.81793
G1 X128.165 Y101.327 E994.8385
G1 X127.177 Y100.718 E994.85877
G1 X126.177 Y100.18 E994.8786
G1 X125.124 Y99.692 E994.89886
G1 X124.027 Y99.262 E994.91944
G1 X122.939 Y98.91 E994.93941
G1 X121.807 Y98.615 E994.95983
G1 X120.685 Y98.394 E994.9798
G1 X119.526 Y98.239 E995.00022
G1 X118.362 Y98.15 E995.0206
G1 X117.218 Y98.131 E995.04058
G1 X116.044 Y98.185 E995.0611
G1 X114.913 Y98.305 E995.08096
G1 X113.758 Y98.495 E995.1014
G1 X112.623 Y98.755 E995.12174
G1 X111.527 Y99.072 E995.14166
G1 X110.435 Y99.467 E995.16194
G1 X109.369 Y99.921 E995.18217
G1 X108.315 Y100.448 E995.20274
G1 X107.328 Y101.016 E995.22263
G1 X106.347 Y101.668 E995.2432
G1 X105.433 Y102.35 E995.26311
G1 X104.535 Y103.113 E995.28369
G1 X103.713 Y103.899 E995.30355
G1 X102.915 Y104.755 E995.32398
G1 X102.183 Y105.649 E995.34416
G1 X101.501 Y106.588 E995.36442
G1 X100.869 Y107.572 E995.38484
G1 X100.316 Y108.567 E995.40472
G1 X99.804 Y109.628 E995.42529
G1 X99.367 Y110.701 E995.44552
G1 X98.999 Y111.782 E995.46546
G1 X98.685 Y112.919 E995.48606
G1 X98.444 Y114.034 E995.50598
G1 X98.27 Y115.195 E995.52648
G1 X98.17 Y116.33 E995.54637
G1 X98.135 Y117.5 E995.56681
G1 F1500 E994.56681
G0 F9000 X98.425 Y117.5
G0 X113.453 Y117.5
G1 F1500 E995.56681
G1 F1800 X113.45 Y117.468 E995.56737
G1 X113.497 Y116.884 E995.5776
G1 X113.645 Y116.257 E995.58885
G1 X113.873 Y115.698 E995.59939
G1 X114.202 Y115.154 E995.6105
G1 X114.617 Y114.657 E995.6218
G1 X115.026 Y114.296 E995.63133
G1 X115.555 Y113.943 E995.64243
G1 X116.141 Y113.68 E995.65365
G1 X116.757 Y113.519 E995.66477
G1 X117.277 Y113.455 E995.67391
G1 X117.933 Y113.472 E995.68537
G1 X118.598 Y113.597 E995.69719
G1 X119.174 Y113.806 E995.70789
G1 X119.683 Y114.085 E995.71802
G1 X120.172 Y114.452 E995.7287
G1 X120.633 Y114.926 E995.74024
G1 X120.982 Y115.429 E995.75093
G1 X121.272 Y116.011 E995.76229
G1 X121.451 Y116.575 E995.77262
G1 X121.545 Y117.202 E995.78369
G1 X121.545 Y117.796 E995.79406
G1 X121.445 Y118.434 E995.80534
G1 X121.248 Y119.045 E995.81655
G1 X120.981 Y119.577 E995.82694
G1 X120.613 Y120.098 E995.83808
G1 X120.205 Y120.52 E995.84833
G1 X119.683 Y120.911 E995.85972
G1 X119.14 Y121.204 E995.87049
G1 X118.598 Y121.398 E995.88055
G1 X117.958 Y121.521 E995.89193
G1 X117.353 Y121.55 E995.9025
G1 X116.724 Y121.475 E995.91356
G1 X116.129 Y121.315 E995.92432
G1 X115.571 Y121.058 E995.93505
G1 X115.048 Y120.725 E995.94588
G1 X114.574 Y120.295 E995.95705
G1 X114.193 Y119.833 E995.96751
G1 X113.869 Y119.291 E995.97853
G1 X113.636 Y118.709 E995.98948
G1 X113.504 Y118.158 E995.99938
G1 X113.453 Y117.5 E996.0109
G0 F9000 X113.871 Y117.5
G1 F1800 X113.87 Y117.481 E996.01123
G1 X113.912 Y116.946 E996.0206
G1 X114.037 Y116.41 E996.03021
G1 X114.236 Y115.92 E996.03945
G1 X114.521 Y115.431 E996.04933
G1 X114.908 Y114.96 E996.05998
G1 X115.291 Y114.622 E996.0689
G1 X115.766 Y114.307 E996.07885
G1 X116.312 Y114.07 E996.08924
G1 X116.787 Y113.941 E996.09784
G1 X117.332 Y113.872 E996.10743
G1 X117.901 Y113.891 E996.11737
G1 X118.427 Y113.987 E996.12671
G1 X118.977 Y114.179 E996.13688
G1 X119.463 Y114.443 E996.14654
G1 X119.904 Y114.775 E996.15617
G1 X120.308 Y115.192 E996.16631
G1 X120.607 Y115.621 E996.17544
G1 X120.864 Y116.122 E996.18528
G1 X121.03 Y116.637 E996.19472
G1 X121.124 Y117.209 E996.20485
G1 X121.124 Y117.79 E996.21499
G1 X121.042 Y118.311 E996.2242
G1 X120.864 Y118.873 E996.23449
G1 X120.634 Y119.334 E996.24349
G1 X120.296 Y119.822 E996.25386
G1 X119.894 Y120.233 E996.2639
G1 X119.481 Y120.541 E996.27289
G1 X119.024 Y120.795 E996.28202
G1 X118.477 Y120.996 E996.2922
G1 X117.936 Y121.101 E996.30182
G1 X117.358 Y121.126 E996.31192
G1 X116.787 Y121.059 E996.32196
G1 X116.299 Y120.926 E996.33079
G1 X115.769 Y120.688 E996.34094
G1 X115.331 Y120.408 E996.35002
G1 X114.923 Y120.05 E996.35949
G1 X114.541 Y119.594 E996.36988
G1 X114.259 Y119.123 E996.37947
G1 X114.043 Y118.604 E996.38928
G1 X113.912 Y118.054 E996.39916
G1 X113.871 Y117.5 E996.40886
G0 F9000 X114.291 Y117.5
;TYPE:WALL-OUTER
G1 F1800 X114.29 Y117.483 E996.40915
G1 X114.331 Y116.992 E996.41776
G1 X114.445 Y116.516 E996.4263
G1 X114.626 Y116.076 E996.43461
G1 X114.877 Y115.654 E996.44318
G1 X115.204 Y115.258 E996.45215
G1 X115.573 Y114.936 E996.4607
G1 X115.982 Y114.672 E996.4692
G1 X116.432 Y114.473 E996.4778
G1 X116.893 Y114.348 E996.48614
G1 X117.369 Y114.29 E996.49451
G1 X117.88 Y114.311 E996.50344
G1 X118.357 Y114.402 E996.51192
G1 X118.821 Y114.569 E996.52053
G1 X119.26 Y114.812 E996.52929
G1 X119.635 Y115.098 E996.53753
G1 X119.987 Y115.463 E996.54638
G1 X120.268 Y115.873 E996.55506
G1 X120.483 Y116.299 E996.56339
G1 X120.632 Y116.779 E996.57217
G1 X120.706 Y117.254 E996.58056
G1 X120.704 Y117.766 E996.5895
G1 X120.629 Y118.234 E996.59778
G1 X120.483 Y118.697 E996.60626
G1 X120.261 Y119.141 E996.61493
G1 X119.979 Y119.546 E996.62354
G1 X119.632 Y119.905 E996.63226
G1 X119.243 Y120.195 E996.64073
G1 X118.809 Y120.432 E996.64937
G1 X118.35 Y120.596 E996.65788
G1 X117.88 Y120.685 E996.66623
G1 X117.369 Y120.706 E996.67516
G1 X116.887 Y120.651 E996.68363
G1 X116.405 Y120.518 E996.69236
G1 X115.968 Y120.318 E996.70076
G1 X115.547 Y120.045 E996.70952
G1 X115.181 Y119.714 E996.71813
G1 X114.871 Y119.332 E996.72673
G1 X114.626 Y118.92 E996.7351
G1 X114.435 Y118.449 E996.74397
G1 X114.328 Y117.992 E996.75217
G1 X114.291 Y117.5 E996.76078
G0 F9000 X114.29 Y117.483
G0 X114.305 Y117.301
G1 F1500 E995.76078
G0 F9000 X113.602 Y117.246
G0 X98.425 Y117.5
G0 X97.715 Y117.5
G1 F1500 E996.76078
G1 F1800 X97.715 Y117.507 E996.7609
G1 X97.75 Y118.691 E996.78159
G1 X97.853 Y119.851 E996.80192
G1 X98.031 Y121.042 E996.82295
G1 X98.276 Y122.181 E996.84329
G1 X98.597 Y123.338 E996.86426
G1 X98.973 Y124.442 E996.88462
G1 X99.42 Y125.538 E996.90529
G1 X99.943 Y126.623 E996.92632
G1 X100.509 Y127.64 E996.94665
G1 X101.154 Y128.645 E996.9675
G1 X101.847 Y129.603 E996.98815
G1 X102.599 Y130.517 E997.00881
G1 X103.406 Y131.388 E997.02955
G1 X104.253 Y132.199 E997.05002
G1 X105.171 Y132.975 E997.07101
G1 X106.105 Y133.676 E997.09141
G1 X107.107 Y134.337 E997.11237
G1 X108.116 Y134.919 E997.13271
G1 X109.189 Y135.457 E997.15366
G1 X110.281 Y135.924 E997.1744
G1 X111.397 Y136.324 E997.1951
G1 X112.517 Y136.648 E997.21546
G1 X113.677 Y136.913 E997.23624
G1 X114.861 Y137.111 E997.2572
G1 X116.012 Y137.23 E997.27741
G1 X117.212 Y137.285 E997.29838
G1 X118.382 Y137.27 E997.31882
G1 X119.57 Y137.179 E997.33962
G1 X120.753 Y137.02 E997.36046
G1 X121.897 Y136.795 E997.38082
G1 X123.061 Y136.49 E997.40183
G1 X124.173 Y136.13 E997.42224
G1 X125.289 Y135.69 E997.44319
G1 X126.366 Y135.192 E997.46391
G1 X127.391 Y134.641 E997.48423
G1 X128.4 Y134.02 E997.50492
G1 X129.381 Y133.328 E997.52588
G1 X130.307 Y132.587 E997.54659
G1 X131.17 Y131.808 E997.56689
G1 X132.018 Y130.953 E997.58792
G1 X132.789 Y130.066 E997.60844
G1 X133.513 Y129.128 E997.62913
G1 X134.175 Y128.158 E997.64964
G1 X134.792 Y127.129 E997.67059
G1 X135.33 Y126.085 E997.69109
G1 X135.809 Y125.012 E997.71161
G1 X136.233 Y123.884 E997.73266
G1 X136.581 Y122.752 E997.75333
G1 X136.862 Y121.604 E997.77397
G1 X137.068 Y120.456 E997.79434
G1 X137.214 Y119.26 E997.81538
G1 X137.286 Y118.081 E997.836
G1 X137.286 Y116.919 E997.85629
G1 X137.21 Y115.716 E997.87734
G1 X137.068 Y114.54 E997.89803
G1 X136.858 Y113.376 E997.91868
G1 X136.581 Y112.245 E997.93901
G1 X136.225 Y111.092 E997.96008
G1 X135.813 Y109.992 E997.98059
G1 X135.33 Y108.912 E998.00125
G1 X134.792 Y107.871 E998.02171
G1 X134.174 Y106.838 E998.04273
G1 X133.509 Y105.86 E998.06338
G1 X132.797 Y104.938 E998.08373
G1 X132.018 Y104.048 E998.10438
G1 X131.17 Y103.188 E998.12547
G1 X130.307 Y102.409 E998.14577
G1 X129.381 Y101.669 E998.16647
G1 X128.396 Y100.976 E998.1875
G1 X127.387 Y100.354 E998.20819
G1 X126.365 Y99.804 E998.22846
G1 X125.289 Y99.306 E998.24916
G1 X124.169 Y98.866 E998.27018
G1 X123.057 Y98.506 E998.29058
G1 X121.901 Y98.205 E998.31144
G1 X120.753 Y97.98 E998.33187
G1 X119.57 Y97.821 E998.35271
G1 X118.382 Y97.73 E998.37352
G1 X117.212 Y97.711 E998.39395
G1 X116.012 Y97.766 E998.41493
G1 X114.857 Y97.889 E998.43521
G1 X113.677 Y98.083 E998.45609
G1 X112.517 Y98.348 E998.47687
G1 X111.397 Y98.672 E998.49723
G1 X110.281 Y99.076 E998.51795
G1 X109.193 Y99.539 E998.5386
G1 X108.116 Y100.078 E998.55963
G1 X107.107 Y100.659 E998.57996
G1 X106.105 Y101.324 E998.60096
G1 X105.171 Y102.021 E998.62131
G1 X104.253 Y102.801 E998.64234
G1 X103.414 Y103.604 E998.66262
G1 X102.599 Y104.479 E998.6835
G1 X101.851 Y105.393 E998.70412
G1 X101.154 Y106.351 E998.72481
G1 X100.509 Y107.356 E998.74566
G1 X99.943 Y108.373 E998.76599
G1 X99.42 Y109.458 E998.78702
G1 X98.973 Y110.554 E998.80769
G1 X98.597 Y111.658 E998.82805
G1 X98.277 Y112.819 E998.84908
G1 X98.031 Y113.958 E998.86943
G1 X97.853 Y115.145 E998.89039
G1 X97.75 Y116.305 E998.91072
G1 X97.715 Y117.5 E998.9316
G0 F9000 X97.715 Y117.507
G0 X97.72 Y117.699
G1 F1500 E997.9316
G0 F9000 X98.43 Y117.679
G0 X113.074 Y117.5
;TYPE:SKIN
G1 F1500 E998.9316
G1 F1800 X113.121 Y118.177 E998.94345
G1 X113.273 Y118.84 E998.95533
G1 X113.522 Y119.434 E998.96657
G1 X113.871 Y120.038 E998.97875
G1 X114.331 Y120.589 E998.99129
G1 X114.816 Y121.021 E999.00263
G1 X115.363 Y121.379 E999.01404
G1 X115.976 Y121.66 E999.02582
G1 X116.651 Y121.847 E999.03805
G1 X117.321 Y121.922 E999.04982
G1 X118.004 Y121.893 E999.06176
G1 X118.654 Y121.78 E999.07328
G1 X119.314 Y121.544 E999.08552
G1 X119.883 Y121.231 E999.09686
G1 X120.411 Y120.841 E999.10832
G1 X120.899 Y120.343 E999.12049
G1 X121.301 Y119.781 E999.13256
G1 X121.619 Y119.149 E999.14491
G1 X121.815 Y118.513 E999.15653
G1 X121.92 Y117.858 E999.16812
G1 X121.922 Y117.179 E999.17997
G1 X121.814 Y116.476 E999.19239
G1 X121.593 Y115.798 E999.20485
G1 X121.305 Y115.231 E999.21595
G1 X120.923 Y114.687 E999.22756
G1 X120.454 Y114.189 E999.2395
G1 X119.96 Y113.812 E999.25035
G1 X119.344 Y113.464 E999.26271
G1 X118.65 Y113.216 E999.27558
G1 X118.048 Y113.103 E999.28627
G1 X117.315 Y113.066 E999.29909
G1 X116.697 Y113.144 E999.30996
G1 X116.019 Y113.32 E999.3222
G1 X115.353 Y113.622 E999.33496
G1 X114.821 Y113.968 E999.34605
G1 X114.316 Y114.414 E999.35781
G1 X113.854 Y114.987 E999.37066
G1 X113.534 Y115.529 E999.38165
G1 X113.276 Y116.148 E999.39336
G1 X113.123 Y116.808 E999.40519
G1 X113.07 Y117.443 E999.41632
G1 X113.074 Y117.5 E999.41732
G1 F1500 E998.41732
G0 F9000 X98.931 Y117.5
G1 F1500 E999.41732
G1 F1800 X98.966 Y116.369 E999.43708
G1 X99.061 Y115.297 E999.45587
G1 X99.227 Y114.186 E999.47548
G1 X99.457 Y113.119 E999.49454
G1 X99.765 Y112.006 E999.51471
G1 X100.109 Y110.986 E999.53351
G1 X100.528 Y109.962 E999.55283
G1 X101.031 Y108.925 E999.57295
G1 X101.549 Y107.988 E999.59165
G1 X102.162 Y107.031 E999.61149
G1 X102.863 Y106.077 E999.63216
G1 X103.507 Y105.287 E999.64996
G1 X104.286 Y104.452 E999.6699
G1 X105.061 Y103.713 E999.6886
G1 X105.94 Y102.969 E999.70871
G1 X106.814 Y102.312 E999.7278
G1 X107.739 Y101.699 E999.74718
G1 X108.684 Y101.154 E999.76623
G1 X109.713 Y100.639 E999.78632
G1 X110.737 Y100.204 E999.80575
G1 X111.781 Y99.824 E999.82515
G1 X112.813 Y99.528 E999.84389
G1 X113.909 Y99.279 E999.86352
G1 X115.029 Y99.093 E999.88334
G1 X116.096 Y98.982 E999.90208
G1 X117.232 Y98.927 E999.92194
G1 X118.313 Y98.946 E999.94081
G1 X119.441 Y99.033 E999.96057
G1 X120.561 Y99.184 E999.9803
G1 X121.617 Y99.389 E999.99909
G1 X122.721 Y99.678 E1000.01901
G1 X123.749 Y100.01 E1000.03788
G1 X124.817 Y100.43 E1000.05792
G1 X125.83 Y100.896 E1000.07739
G1 X126.766 Y101.402 E1000.09597
G1 X127.724 Y101.992 E1000.11561
G1 X128.653 Y102.644 E1000.13543
G1 X129.523 Y103.344 E1000.15493
G1 X130.33 Y104.072 E1000.17391
G1 X131.118 Y104.868 E1000.19347
G1 X131.845 Y105.702 E1000.21278
G1 X132.525 Y106.584 E1000.23223
G1 X133.138 Y107.486 E1000.25127
G1 X133.72 Y108.455 E1000.27101
G1 X134.234 Y109.448 E1000.29054
G1 X134.681 Y110.452 E1000.30973
G1 X135.065 Y111.477 E1000.32884
G1 X135.409 Y112.581 E1000.34903
G1 X135.662 Y113.616 E1000.36764
G1 X135.86 Y114.712 E1000.38708
G1 X135.994 Y115.816 E1000.4065
G1 X136.066 Y116.967 E1000.42664
G1 X136.066 Y118.033 E1000.44526
G1 X135.998 Y119.136 E1000.46455
G1 X135.86 Y120.28 E1000.48467
G1 X135.67 Y121.34 E1000.50348
G1 X135.405 Y122.416 E1000.52283
G1 X135.143 Y123.283 E1000.53864
G1 X135.153 Y123.296 E1000.53893
G1 X134.681 Y124.54 E1000.56216
G1 X134.234 Y125.545 E1000.58137
G1 X133.72 Y126.541 E1000.60094
G1 X133.15 Y127.49 E1000.62027
G1 X132.529 Y128.404 E1000.63956
G1 X131.841 Y129.298 E1000.65926
G1 X131.114 Y130.132 E1000.67858
G1 X130.334 Y130.92 E1000.69794
G1 X129.524 Y131.651 E1000.71699
G1 X128.649 Y132.347 E1000.73652
G1 X127.72 Y133.004 E1000.75639
G1 X126.775 Y133.586 E1000.77577
G1 X125.83 Y134.096 E1000.79452
G1 X124.817 Y134.562 E1000.81399
G1 X123.749 Y134.986 E1000.83405
G1 X122.725 Y135.314 E1000.85283
G1 X121.613 Y135.607 E1000.87291
G1 X120.561 Y135.812 E1000.89162
G1 X119.441 Y135.963 E1000.91136
G1 X118.314 Y136.05 E1000.93109
G1 X117.236 Y136.065 E1000.94992
G1 X116.092 Y136.01 E1000.96992
G1 X115.032 Y135.903 E1000.98852
G1 X113.913 Y135.717 E1001.00833
G1 X112.813 Y135.464 E1001.02804
G1 X111.781 Y135.164 E1001.04681
G1 X110.733 Y134.792 E1001.06622
G1 X109.697 Y134.349 E1001.0859
G1 X108.692 Y133.843 E1001.10555
G1 X107.755 Y133.305 E1001.12441
G1 X106.798 Y132.672 E1001.14445
G1 X105.923 Y132.015 E1001.16355
G1 X105.069 Y131.295 E1001.18306
G1 X104.27 Y130.528 E1001.2024
G1 X103.515 Y129.713 E1001.2218
G1 X102.811 Y128.855 E1001.24118
G1 X102.154 Y127.949 E1001.26072
G1 X101.549 Y127.004 E1001.28031
G1 X101.031 Y126.067 E1001.29901
G1 X100.528 Y125.03 E1001.31913
G1 X100.109 Y124.006 E1001.33845
G1 X99.757 Y122.966 E1001.35763
G1 X99.457 Y121.877 E1001.37735
G1 X99.227 Y120.81 E1001.39641
G1 X99.061 Y119.695 E1001.41609
G1 X98.966 Y118.627 E1001.43482
G1 X98.931 Y117.515 E1001.45424
G1 X98.931 Y117.5 E1001.4545
G1 F1500 E1000.4545
G0 F9000 X102.428 Y127.969
G1 F1500 E1001.4545
G1 F1800 X107.037 Y132.578 E1001.56832
G1 X107.111 Y132.652
G0 F9000 X108.602 Y133.549
G1 F1800 X101.458 Y126.405 E1001.74474
G1 X101.384 Y126.331
G0 F9000 X100.841 Y125.194
G1 F1800 X109.82 Y134.173 E1001.96647
G1 X109.894 Y134.247
G0 F9000 X110.852 Y134.611
G1 F1800 X100.397 Y124.156 E1002.22465
G1 X100.323 Y124.082
G0 F9000 X100.07 Y123.235
G1 F1800 X111.773 Y134.938 E1002.51365
G1 X111.847 Y135.012
G0 F9000 X112.618 Y135.189
G1 F1800 X99.815 Y122.386 E1002.82981
G0 F9000 X99.609 Y121.586
G1 F1800 X113.409 Y135.385 E1003.17058
G0 F9000 X114.162 Y135.545
G1 F1800 X99.446 Y120.829 E1003.53398
G0 F9000 X99.338 Y120.127
G1 F1800 X114.875 Y135.664 E1003.91766
G0 F9000 X115.549 Y135.744
G1 F1800 X99.25 Y119.444 E1004.32017
G0 F9000 X99.192 Y118.793
G1 F1800 X116.203 Y135.804 E1004.74024
G0 F9000 X116.827 Y135.835
G1 F1800 X99.162 Y118.169 E1005.17648
G0 F9000 X99.142 Y117.555
G1 F1800 X117.439 Y135.852 E1005.62831
G0 F9000 X118.025 Y135.844
G1 F1800 X99.158 Y116.977 E1006.09422
G0 F9000 X99.176 Y116.401
G1 F1800 X118.592 Y135.818 E1006.5737
G0 F9000 X119.144 Y135.775
G1 F1800 X99.223 Y115.854 E1007.06564
G0 F9000 X99.271 Y115.309
G1 F1800 X119.681 Y135.719 E1007.56965
G0 F9000 X120.205 Y135.649
G1 F1800 X99.349 Y114.792 E1008.08469
G0 F9000 X99.426 Y114.275
G1 F1800 X120.719 Y135.568 E1008.61051
G0 F9000 X121.215 Y135.47
G1 F1800 X99.528 Y113.783 E1009.14605
G0 F9000 X99.633 Y113.295
G1 F1800 X121.704 Y135.366 E1009.69108
G0 F9000 X122.175 Y135.242
G1 F1800 X99.757 Y112.824 E1010.24468
G0 F9000 X99.885 Y112.359
G1 F1800 X122.644 Y135.117 E1010.80669
G0 F9000 X123.095 Y134.975
G1 F1800 X100.022 Y111.902 E1011.37646
G0 F9000 X100.172 Y111.457
G1 F1800 X123.545 Y134.83 E1011.95365
G0 F9000 X123.977 Y134.668
G1 F1800 X100.324 Y111.015 E1012.53774
G0 F9000 X100.496 Y110.594
G1 F1800 X124.402 Y134.499 E1013.12807
G0 F9000 X124.823 Y134.327
G1 F1800 X100.669 Y110.172 E1013.72455
G0 F9000 X100.856 Y109.766
G1 F1800 X125.23 Y134.14 E1014.32646
G0 F9000 X125.637 Y133.953
G1 F1800 X101.051 Y109.366 E1014.9336
G0 F9000 X101.247 Y108.969
G1 F1800 X126.028 Y133.75 E1015.54556
G0 F9000 X126.414 Y133.541
G1 F1800 X101.459 Y108.586 E1016.1618
G0 F9000 X101.67 Y108.204
G1 F1800 X114.07 Y120.603 E1016.468
G0 F9000 X114.372 Y120.905
G1 F1800 X126.793 Y133.327 E1016.77474
G0 F9000 X127.161 Y133.101
G1 F1800 X115.925 Y121.865 E1017.05221
G0 F9000 X116.72 Y122.066
G1 F1800 X127.529 Y132.875 E1017.31913
G0 F9000 X127.881 Y132.633
G1 F1800 X117.378 Y122.129 E1017.57851
G0 F9000 X117.948 Y122.105
G1 F1800 X128.229 Y132.387 E1017.8324
G0 F9000 X128.575 Y132.138
G1 F1800 X118.462 Y122.026 E1018.08213
G0 F9000 X118.933 Y121.902
G1 F1800 X128.905 Y131.875 E1018.32839
G0 F9000 X129.236 Y131.612
G1 F1800 X119.37 Y121.745 E1018.57204
G0 F9000 X119.757 Y121.539
G1 F1800 X129.556 Y131.338 E1018.81402
G0 F9000 X129.869 Y131.057
G1 F1800 X120.126 Y121.314 E1019.05462
G0 F9000 X120.467 Y121.061
G1 F1800 X130.18 Y130.774 E1019.29447
G0 F9000 X130.477 Y130.477
G1 F1800 X120.772 Y120.772 E1019.53413
G0 F9000 X121.064 Y120.47
G1 F1800 X130.773 Y130.179 E1019.77389
G0 F9000 X131.062 Y129.874
G1 F1800 X121.312 Y120.124 E1020.01466
G0 F9000 X121.544 Y119.762
G1 F1800 X131.339 Y129.557 E1020.25654
G0 F9000 X131.615 Y129.239
G1 F1800 X121.743 Y119.367 E1020.50033
G0 F9000 X121.903 Y118.933
G1 F1800 X131.878 Y128.908 E1020.74665
G0 F9000 X132.136 Y128.572
G1 F1800 X122.034 Y118.47 E1020.99611
G0 F9000 X122.116 Y117.958
G1 F1800 X132.392 Y128.234 E1021.24987
G0 F9000 X132.632 Y127.88
G1 F1800 X122.131 Y117.379 E1021.50919
G0 F9000 X122.065 Y116.719
G1 F1800 X132.872 Y127.526 E1021.77606
G0 F9000 X133.102 Y127.163
G1 F1800 X121.849 Y115.909 E1022.05396
G1 X121.775 Y115.835
G0 F9000 X121.02 Y114.486
G1 F1800 X133.325 Y126.791 E1022.35782
G0 F9000 X133.547 Y126.419
G1 F1800 X108.583 Y101.455 E1022.9743
G0 F9000 X108.206 Y101.673
G1 F1800 X120.474 Y113.94 E1023.27723
G1 X120.548 Y114.014
G0 F9000 X119.088 Y113.148
G1 F1800 X107.831 Y101.891 E1023.55522
G0 F9000 X107.474 Y102.128
G1 F1800 X118.279 Y112.933 E1023.82204
G0 F9000 X117.624 Y112.872
G1 F1800 X107.117 Y102.365 E1024.08151
G0 F9000 X106.768 Y102.61
G1 F1800 X117.046 Y112.888 E1024.33531
G0 F9000 X116.533 Y112.97
G1 F1800 X106.429 Y102.865 E1024.58484
G0 F9000 X106.09 Y103.12
G1 F1800 X116.064 Y113.094 E1024.83114
G0 F9000 X115.637 Y113.261
G1 F1800 X105.767 Y103.391 E1025.07487
G0 F9000 X105.445 Y103.663
G1 F1800 X115.232 Y113.45 E1025.31656
G0 F9000 X114.873 Y113.685
G1 F1800 X105.128 Y103.94 E1025.55721
G0 F9000 X104.824 Y104.23
G1 F1800 X114.535 Y113.941 E1025.79701
G0 F9000 X114.222 Y114.222
G1 F1800 X104.52 Y104.52 E1026.0366
G0 F9000 X104.228 Y104.822
G1 F1800 X113.945 Y114.539 E1026.27655
G0 F9000 X113.682 Y114.869
G1 F1800 X103.94 Y105.128 E1026.51711
G0 F9000 X103.655 Y105.437
G1 F1800 X113.461 Y115.243 E1026.75927
G0 F9000 X113.262 Y115.637
G1 F1800 X103.388 Y105.764 E1027.00309
G0 F9000 X103.122 Y106.091
G1 F1800 X113.088 Y116.057 E1027.24919
G0 F9000 X112.972 Y116.536
G1 F1800 X102.864 Y106.428 E1027.4988
G0 F9000 X102.613 Y106.77
G1 F1800 X112.892 Y117.05 E1027.75265
G0 F9000 X112.872 Y117.624
G1 F1800 X102.361 Y107.113 E1028.01221
G0 F9000 X102.127 Y107.473
G1 F1800 X112.928 Y118.274 E1028.27893
G1 X113.002 Y118.348
G0 F9000 X113.157 Y119.097
G1 F1800 X101.896 Y107.836 E1028.55702
G1 X101.822 Y107.762
G1 F1500 E1027.55702
G0 F9000 X108.969 Y101.247
G1 F1500 E1028.55702
G1 F1800 X133.749 Y126.028 E1029.16896
G0 F9000 X133.951 Y125.636
G1 F1800 X109.365 Y101.049 E1029.77611
G0 F9000 X109.761 Y100.851
G1 F1800 X134.144 Y125.234 E1030.37823
G0 F9000 X134.326 Y124.823
G1 F1800 X110.175 Y100.671 E1030.97464
G0 F9000 X110.592 Y100.494
G1 F1800 X134.507 Y124.409 E1031.5652
G0 F9000 X134.67 Y123.978
G1 F1800 X111.017 Y100.326 E1032.14929
G0 F9000 X111.453 Y100.167
G1 F1800 X134.833 Y123.547 E1032.72664
G0 F9000 X134.98 Y123.1
G1 F1800 X111.891 Y100.012 E1033.2968
G0 F9000 X112.352 Y99.879
G1 F1800 X135.117 Y122.644 E1033.85897
G0 F9000 X135.247 Y122.18
G1 F1800 X112.814 Y99.747 E1034.41293
G0 F9000 X113.295 Y99.634
G1 F1800 X135.364 Y121.703 E1034.95792
G0 F9000 X135.477 Y121.222
G1 F1800 X113.779 Y99.524 E1035.49373
G0 F9000 X114.28 Y99.431
G1 F1800 X135.568 Y120.719 E1036.01943
G0 F9000 X135.657 Y120.214
G1 F1800 X114.789 Y99.346 E1036.53475
G0 F9000 X115.312 Y99.275
G1 F1800 X135.721 Y119.683 E1037.03873
G0 F9000 X135.785 Y119.154
G1 F1800 X115.85 Y99.218 E1037.53102
G0 F9000 X116.403 Y99.177
G1 F1800 X135.821 Y118.596 E1038.01055
G0 F9000 X135.856 Y118.037
G1 F1800 X116.97 Y99.151 E1038.47693
G0 F9000 X117.556 Y99.143
G1 F1800 X135.856 Y117.443 E1038.92883
G0 F9000 X135.848 Y116.841
G1 F1800 X118.161 Y99.154 E1039.3656
G0 F9000 X118.795 Y99.194
G1 F1800 X135.808 Y116.207 E1039.78573
G0 F9000 X135.75 Y115.555
G1 F1800 X119.441 Y99.246 E1040.18847
G0 F9000 X120.127 Y99.338
G1 F1800 X135.669 Y114.88 E1040.57227
G0 F9000 X135.548 Y114.165
G1 F1800 X120.835 Y99.452 E1040.9356
G0 F9000 X121.572 Y99.595
G1 F1800 X135.399 Y113.422 E1041.27705
G0 F9000 X135.207 Y112.636
G1 F1800 X122.376 Y99.805 E1041.5939
G1 X122.302 Y99.731
G0 F9000 X123.227 Y100.063
G1 F1800 X134.936 Y111.772 E1041.88305
G1 X135.01 Y111.846
G0 F9000 X134.605 Y110.846
G1 F1800 X124.153 Y100.394 E1042.14116
G1 X124.079 Y100.32
G0 F9000 X125.181 Y100.828
G1 F1800 X134.168 Y109.815 E1042.36308
G1 X134.242 Y109.889
G0 F9000 X133.574 Y108.627
G1 F1800 X126.378 Y101.432 E1042.54077
G1 X126.304 Y101.358
G0 F9000 X127.942 Y102.401
G1 F1800 X132.583 Y107.043 E1042.65539
G1 X132.657 Y107.117
G1 F1500 E1041.65539
;MESH:NONMESH
G0 F600 X132.657 Y107.117 Z2.22
G0 F9000 X98.555 Y117.5
;TIME_ELAPSED:2240.184534
;LAYER:21
;TYPE:WALL-INNER
;MESH:ranella v1.stl
G1 F1500 E1042.65539
G1 F1800 X98.555 Y117.507 E1042.65551
G1 X98.589 Y118.641 E1042.67532
G1 X98.688 Y119.751 E1042.69478
G1 X98.858 Y120.891 E1042.71491
G1 X99.092 Y121.981 E1042.73438
G1 X99.4 Y123.09 E1042.75447
G1 X99.761 Y124.148 E1042.77399
G1 X100.188 Y125.197 E1042.79377
G1 X100.689 Y126.236 E1042.81391
G1 X101.23 Y127.208 E1042.83334
G1 X101.848 Y128.172 E1042.85333
G1 X102.512 Y129.09 E1042.87312
G1 X103.232 Y129.965 E1042.8929
G1 X104.005 Y130.799 E1042.91276
G1 X104.815 Y131.575 E1042.93235
G1 X105.695 Y132.318 E1042.95246
G1 X106.589 Y132.989 E1042.97197
G1 X107.549 Y133.622 E1042.99205
G1 X108.515 Y134.179 E1043.01152
G1 X109.543 Y134.695 E1043.03161
G1 X110.588 Y135.142 E1043.05146
G1 X111.656 Y135.524 E1043.07126
G1 X112.728 Y135.834 E1043.09075
G1 X113.84 Y136.089 E1043.11067
G1 X114.973 Y136.278 E1043.13073
G1 X116.075 Y136.392 E1043.15007
G1 X117.226 Y136.445 E1043.17019
G1 X118.344 Y136.43 E1043.18972
G1 X119.482 Y136.343 E1043.20964
G1 X120.616 Y136.191 E1043.22962
G1 X121.709 Y135.976 E1043.24907
G1 X122.825 Y135.683 E1043.26922
G1 X123.889 Y135.339 E1043.28875
G1 X124.958 Y134.918 E1043.30881
G1 X125.99 Y134.44 E1043.32867
G1 X126.971 Y133.913 E1043.34811
G1 X127.937 Y133.319 E1043.36792
G1 X128.876 Y132.656 E1043.38799
G1 X129.763 Y131.947 E1043.40782
G1 X130.59 Y131.2 E1043.42728
G1 X131.402 Y130.381 E1043.44741
G1 X132.139 Y129.533 E1043.46703
G1 X132.833 Y128.634 E1043.48686
G1 X133.467 Y127.705 E1043.5065
G1 X134.058 Y126.72 E1043.52656
G1 X134.573 Y125.721 E1043.54619
G1 X135.032 Y124.693 E1043.56585
G1 X135.437 Y123.612 E1043.586
G1 X135.771 Y122.528 E1043.60581
G1 X136.04 Y121.43 E1043.62555
G1 X136.237 Y120.331 E1043.64504
G1 X136.377 Y119.184 E1043.66522
G1 X136.446 Y118.056 E1043.68496
G1 X136.446 Y116.945 E1043.70436
G1 X136.374 Y115.793 E1043.72451
G1 X136.237 Y114.665 E1043.74435
G1 X136.036 Y113.551 E1043.76412
G1 X135.771 Y112.469 E1043.78357
G1 X135.429 Y111.364 E1043.80377
G1 X135.036 Y110.311 E1043.82339
G1 X134.573 Y109.276 E1043.84319
G1 X134.058 Y108.279 E1043.86279
G1 X133.466 Y107.29 E1043.88291
G1 X132.829 Y106.353 E1043.9027
G1 X132.148 Y105.472 E1043.92214
G1 X131.402 Y104.62 E1043.94192
G1 X130.589 Y103.795 E1043.96214
G1 X129.763 Y103.049 E1043.98158
G1 X128.877 Y102.341 E1044.00138
G1 X127.934 Y101.678 E1044.02151
G1 X126.967 Y101.082 E1044.04134
G1 X125.989 Y100.556 E1044.06073
G1 X124.959 Y100.079 E1044.08055
G1 X123.886 Y99.658 E1044.10068
G1 X122.821 Y99.313 E1044.12023
G1 X121.714 Y99.025 E1044.1402
G1 X120.616 Y98.809 E1044.15974
G1 X119.482 Y98.657 E1044.17972
G1 X118.342 Y98.57 E1044.19969
G1 X117.224 Y98.551 E1044.21921
G1 X116.076 Y98.604 E1044.23928
G1 X114.969 Y98.721 E1044.25872
G1 X113.839 Y98.907 E1044.27871
G1 X112.728 Y99.162 E1044.29862
G1 X111.657 Y99.471 E1044.31808
G1 X110.589 Y99.858 E1044.33792
G1 X109.545 Y100.302 E1044.35773
G1 X108.514 Y100.818 E1044.37786
G1 X107.55 Y101.374 E1044.39729
G1 X106.589 Y102.011 E1044.41742
G1 X105.695 Y102.678 E1044.4369
G1 X104.816 Y103.425 E1044.45704
G1 X104.012 Y104.194 E1044.47647
G1 X103.232 Y105.032 E1044.49646
G1 X102.516 Y105.906 E1044.51619
G1 X101.848 Y106.825 E1044.53603
G1 X101.23 Y107.788 E1044.55601
G1 X100.689 Y108.76 E1044.57543
G1 X100.188 Y109.799 E1044.59557
G1 X99.761 Y110.848 E1044.61535
G1 X99.4 Y111.906 E1044.63487
G1 X99.093 Y113.019 E1044.65503
G1 X98.858 Y114.109 E1044.6745
G1 X98.688 Y115.245 E1044.69456
G1 X98.589 Y116.355 E1044.71402
G1 X98.555 Y117.5 E1044.73402
G0 F9000 X98.135 Y117.5
G1 F1800 X98.135 Y117.507 E1044.73414
G1 X98.17 Y118.666 E1044.75439
G1 X98.27 Y119.801 E1044.77428
G1 X98.445 Y120.967 E1044.79487
G1 X98.684 Y122.081 E1044.81477
G1 X98.999 Y123.214 E1044.8353
G1 X99.367 Y124.295 E1044.85524
G1 X99.804 Y125.368 E1044.87547
G1 X100.316 Y126.429 E1044.89604
G1 X100.869 Y127.424 E1044.91592
G1 X101.501 Y128.409 E1044.93636
G1 X102.179 Y129.346 E1044.95655
G1 X102.915 Y130.241 E1044.97679
G1 X103.706 Y131.093 E1044.99709
G1 X104.534 Y131.887 E1045.01712
G1 X105.433 Y132.646 E1045.03766
G1 X106.347 Y133.332 E1045.05762
G1 X107.328 Y133.979 E1045.07814
G1 X108.315 Y134.549 E1045.09804
G1 X109.366 Y135.076 E1045.11857
G1 X110.435 Y135.533 E1045.13887
G1 X111.527 Y135.924 E1045.15912
G1 X112.623 Y136.241 E1045.17905
G1 X113.759 Y136.501 E1045.19939
G1 X114.917 Y136.695 E1045.2199
G1 X116.043 Y136.811 E1045.23966
G1 X117.219 Y136.865 E1045.26022
G1 X118.363 Y136.85 E1045.2802
G1 X119.526 Y136.761 E1045.30056
G1 X120.685 Y136.606 E1045.32098
G1 X121.803 Y136.385 E1045.34088
G1 X122.943 Y136.087 E1045.36146
G1 X124.031 Y135.734 E1045.38143
G1 X125.123 Y135.304 E1045.40192
G1 X126.178 Y134.816 E1045.42222
G1 X127.181 Y134.277 E1045.4421
G1 X128.168 Y133.669 E1045.46235
G1 X129.129 Y132.992 E1045.48287
G1 X130.035 Y132.267 E1045.50313
G1 X130.88 Y131.504 E1045.52301
G1 X131.71 Y130.667 E1045.5436
G1 X132.464 Y129.8 E1045.56366
G1 X133.173 Y128.881 E1045.58393
G1 X133.821 Y127.932 E1045.60399
G1 X134.425 Y126.925 E1045.6245
G1 X134.951 Y125.903 E1045.64457
G1 X135.42 Y124.852 E1045.66467
G1 X135.835 Y123.748 E1045.68526
G1 X136.176 Y122.64 E1045.7055
G1 X136.451 Y121.517 E1045.72569
G1 X136.652 Y120.394 E1045.74561
G1 X136.796 Y119.222 E1045.76623
G1 X136.866 Y118.069 E1045.7864
G1 X136.866 Y116.932 E1045.80626
G1 X136.792 Y115.754 E1045.82687
G1 X136.652 Y114.602 E1045.84713
G1 X136.447 Y113.463 E1045.86734
G1 X136.176 Y112.357 E1045.88722
G1 X135.827 Y111.228 E1045.90786
G1 X135.424 Y110.152 E1045.92792
G1 X134.952 Y109.094 E1045.94815
G1 X134.425 Y108.075 E1045.96818
G1 X133.82 Y107.064 E1045.98875
G1 X133.169 Y106.107 E1046.00896
G1 X132.473 Y105.205 E1046.02886
G1 X131.71 Y104.334 E1046.04908
G1 X130.88 Y103.492 E1046.06972
G1 X130.035 Y102.729 E1046.0896
G1 X129.129 Y102.005 E1046.10985
G1 X128.165 Y101.327 E1046.13043
G1 X127.177 Y100.718 E1046.1507
G1 X126.177 Y100.18 E1046.17053
G1 X125.124 Y99.692 E1046.19079
G1 X124.027 Y99.262 E1046.21137
G1 X122.939 Y98.91 E1046.23134
G1 X121.807 Y98.615 E1046.25176
G1 X120.685 Y98.394 E1046.27173
G1 X119.526 Y98.239 E1046.29215
G1 X118.362 Y98.15 E1046.31253
G1 X117.218 Y98.131 E1046.33251
G1 X116.044 Y98.185 E1046.35303
G1 X114.913 Y98.305 E1046.37289
G1 X113.758 Y98.495 E1046.39333
G1 X112.623 Y98.755 E1046.41366
G1 X111.527 Y99.072 E1046.43359
G1 X110.435 Y99.467 E1046.45386
G1 X109.369 Y99.921 E1046.4741
G1 X108.315 Y100.448 E1046.49467
G1 X107.328 Y101.016 E1046.51456
G1 X106.347 Y101.668 E1046.53513
G1 X105.433 Y102.35 E1046.55504
G1 X104.535 Y103.113 E1046.57562
G1 X103.713 Y103.899 E1046.59547
G1 X102.915 Y104.755 E1046.61591
G1 X102.183 Y105.649 E1046.63609
G1 X101.501 Y106.588 E1046.65635
G1 X100.869 Y107.572 E1046.67677
G1 X100.316 Y108.567 E1046.69665
G1 X99.804 Y109.628 E1046.71722
G1 X99.367 Y110.701 E1046.73745
G1 X98.999 Y111.782 E1046.75739
G1 X98.685 Y112.919 E1046.77799
G1 X98.444 Y114.034 E1046.79791
G1 X98.27 Y115.195 E1046.81841
G1 X98.17 Y116.33 E1046.8383
G1 X98.135 Y117.5 E1046.85874
G1 F1500 E1045.85874
G0 F9000 X98.425 Y117.5
G0 X113.453 Y117.5
G1 F1500 E1046.85874
G1 F1800 X113.45 Y117.468 E1046.8593
G1 X113.497 Y116.884 E1046.86953
G1 X113.645 Y116.257 E1046.88078
G1 X113.873 Y115.698 E1046.89132
G1 X114.202 Y115.154 E1046.90242
G1 X114.617 Y114.657 E1046.91373
G1 X115.026 Y114.296 E1046.92326
G1 X115.555 Y113.943 E1046.93436
G1 X116.141 Y113.68 E1046.94558
G1 X116.757 Y113.519 E1046.95669
G1 X117.277 Y113.455 E1046.96584
G1 X117.933 Y113.472 E1046.9773
G1 X118.598 Y113.597 E1046.98912
G1 X119.174 Y113.806 E1046.99982
G1 X119.683 Y114.085 E1047.00995
G1 X120.172 Y114.452 E1047.02063
G1 X120.633 Y114.926 E1047.03217
G1 X120.982 Y115.429 E1047.04286
G1 X121.272 Y116.011 E1047.05422
G1 X121.451 Y116.575 E1047.06455
G1 X121.545 Y117.202 E1047.07562
G1 X121.545 Y117.796 E1047.08599
G1 X121.445 Y118.434 E1047.09727
G1 X121.248 Y119.045 E1047.10848
G1 X120.981 Y119.577 E1047.11887
G1 X120.613 Y120.098 E1047.13001
G1 X120.205 Y120.52 E1047.14026
G1 X119.683 Y120.911 E1047.15165
G1 X119.14 Y121.204 E1047.16242
G1 X118.598 Y121.398 E1047.17248
G1 X117.958 Y121.521 E1047.18386
G1 X117.353 Y121.55 E1047.19443
G1 X116.724 Y121.475 E1047.20549
G1 X116.129 Y121.315 E1047.21625
G1 X115.571 Y121.058 E1047.22698
G1 X115.048 Y120.725 E1047.23781
G1 X114.574 Y120.295 E1047.24898
G1 X114.193 Y119.833 E1047.25944
G1 X113.869 Y119.291 E1047.27046
G1 X113.636 Y118.709 E1047.28141
G1 X113.504 Y118.158 E1047.2913
G1 X113.453 Y117.5 E1047.30283
G0 F9000 X113.871 Y117.5
G1 F1800 X113.87 Y117.481 E1047.30316
G1 X113.912 Y116.946 E1047.31253
G1 X114.037 Y116.41 E1047.32214
G1 X114.236 Y115.92 E1047.33138
G1 X114.521 Y115.431 E1047.34126
G1 X114.908 Y114.96 E1047.3519
G1 X115.291 Y114.622 E1047.36082
G1 X115.766 Y114.307 E1047.37078
G1 X116.312 Y114.07 E1047.38117
G1 X116.787 Y113.941 E1047.38976
G1 X117.332 Y113.872 E1047.39936
G1 X117.901 Y113.891 E1047.4093
G1 X118.427 Y113.987 E1047.41863
G1 X118.977 Y114.179 E1047.42881
G1 X119.463 Y114.443 E1047.43846
G1 X119.904 Y114.775 E1047.4481
G1 X120.308 Y115.192 E1047.45824
G1 X120.607 Y115.621 E1047.46737
G1 X120.864 Y116.122 E1047.4772
G1 X121.03 Y116.637 E1047.48665
G1 X121.124 Y117.209 E1047.49678
G1 X121.124 Y117.79 E1047.50692
G1 X121.042 Y118.311 E1047.51613
G1 X120.864 Y118.873 E1047.52642
G1 X120.634 Y119.334 E1047.53542
G1 X120.296 Y119.822 E1047.54579
G1 X119.894 Y120.233 E1047.55582
G1 X119.481 Y120.541 E1047.56482
G1 X119.024 Y120.795 E1047.57395
G1 X118.477 Y120.996 E1047.58413
G1 X117.936 Y121.101 E1047.59375
G1 X117.358 Y121.126 E1047.60385
G1 X116.787 Y121.059 E1047.61389
G1 X116.299 Y120.926 E1047.62272
G1 X115.769 Y120.688 E1047.63287
G1 X115.331 Y120.408 E1047.64194
G1 X114.923 Y120.05 E1047.65142
G1 X114.541 Y119.594 E1047.66181
G1 X114.259 Y119.123 E1047.6714
G1 X114.043 Y118.604 E1047.68121
G1 X113.912 Y118.054 E1047.69108
G1 X113.871 Y117.5 E1047.70078
G0 F9000 X114.291 Y117.5
;TYPE:WALL-OUTER
G1 F1800 X114.29 Y117.483 E1047.70108
G1 X114.331 Y116.992 E1047.70969
G1 X114.445 Y116.516 E1047.71823
G1 X114.626 Y116.076 E1047.72654
G1 X114.877 Y115.654 E1047.73511
G1 X115.204 Y115.258 E1047.74408
G1 X115.573 Y114.936 E1047.75263
G1 X115.982 Y114.672 E1047.76113
G1 X116.432 Y114.473 E1047.76972
G1 X116.893 Y114.348 E1047.77807
G1 X117.369 Y114.29 E1047.78644
G1 X117.88 Y114.311 E1047.79537
G1 X118.357 Y114.402 E1047.80385
G1 X118.821 Y114.569 E1047.81246
G1 X119.26 Y114.812 E1047.82122
G1 X119.635 Y115.098 E1047.82946
G1 X119.987 Y115.463 E1047.83831
G1 X120.268 Y115.873 E1047.84699
G1 X120.483 Y116.299 E1047.85532
G1 X120.632 Y116.779 E1047.8641
G1 X120.706 Y117.254 E1047.87249
G1 X120.704 Y117.766 E1047.88143
G1 X120.629 Y118.234 E1047.88971
G1 X120.483 Y118.697 E1047.89819
G1 X120.261 Y119.141 E1047.90685
G1 X119.979 Y119.546 E1047.91547
G1 X119.632 Y119.905 E1047.92419
G1 X119.243 Y120.195 E1047.93266
G1 X118.809 Y120.432 E1047.9413
G1 X118.35 Y120.596 E1047.94981
G1 X117.88 Y120.685 E1047.95816
G1 X117.369 Y120.706 E1047.96709
G1 X116.887 Y120.651 E1047.97556
G1 X116.405 Y120.518 E1047.98429
G1 X115.968 Y120.318 E1047.99269
G1 X115.547 Y120.045 E1048.00145
G1 X115.181 Y119.714 E1048.01006
G1 X114.871 Y119.332 E1048.01865
G1 X114.626 Y118.92 E1048.02702
G1 X114.435 Y118.449 E1048.0359
G1 X114.328 Y117.992 E1048.04409
G1 X114.291 Y117.5 E1048.05271
G0 F9000 X114.29 Y117.483
G0 X114.305 Y117.301
G1 F1500 E1047.05271
G0 F9000 X113.602 Y117.246
G0 X98.425 Y117.5
G0 X97.715 Y117.5
G1 F1500 E1048.05271
G1 F1800 X97.715 Y117.507 E1048.05283
G1 X97.75 Y118.691 E1048.07352
G1 X97.853 Y119.851 E1048.09385
G1 X98.031 Y121.042 E1048.11488
G1 X98.276 Y122.181 E1048.13522
G1 X98.597 Y123.338 E1048.15619
G1 X98.973 Y124.442 E1048.17655
G1 X99.42 Y125.538 E1048.19722
G1 X99.943 Y126.623 E1048.21825
G1 X100.509 Y127.64 E1048.23858
G1 X101.154 Y128.645 E1048.25943
G1 X101.847 Y129.603 E1048.28008
G1 X102.599 Y130.517 E1048.30074
G1 X103.406 Y131.388 E1048.32148
G1 X104.253 Y132.199 E1048.34195
G1 X105.171 Y132.975 E1048.36294
G1 X106.105 Y133.676 E1048.38333
G1 X107.107 Y134.337 E1048.40429
G1 X108.116 Y134.919 E1048.42463
G1 X109.189 Y135.457 E1048.44559
G1 X110.281 Y135.924 E1048.46633
G1 X111.397 Y136.324 E1048.48703
G1 X112.517 Y136.648 E1048.50739
G1 X113.677 Y136.913 E1048.52817
G1 X114.861 Y137.111 E1048.54913
G1 X116.012 Y137.23 E1048.56934
G1 X117.212 Y137.285 E1048.59031
G1 X118.382 Y137.27 E1048.61074
G1 X119.57 Y137.179 E1048.63155
G1 X120.753 Y137.02 E1048.65239
G1 X121.897 Y136.795 E1048.67275
G1 X123.061 Y136.49 E1048.69376
G1 X124.173 Y136.13 E1048.71417
G1 X125.289 Y135.69 E1048.73512
G1 X126.366 Y135.192 E1048.75584
G1 X127.391 Y134.641 E1048.77616
G1 X128.4 Y134.02 E1048.79685
G1 X129.381 Y133.328 E1048.81781
G1 X130.307 Y132.587 E1048.83852
G1 X131.17 Y131.808 E1048.85882
G1 X132.018 Y130.953 E1048.87985
G1 X132.789 Y130.066 E1048.90037
G1 X133.513 Y129.128 E1048.92106
G1 X134.175 Y128.158 E1048.94156
G1 X134.792 Y127.129 E1048.96252
G1 X135.33 Y126.085 E1048.98302
G1 X135.809 Y125.012 E1049.00354
G1 X136.233 Y123.884 E1049.02458
G1 X136.581 Y122.752 E1049.04526
G1 X136.862 Y121.604 E1049.0659
G1 X137.068 Y120.456 E1049.08627
G1 X137.214 Y119.26 E1049.10731
G1 X137.286 Y118.081 E1049.12793
G1 X137.286 Y116.919 E1049.14822
G1 X137.21 Y115.716 E1049.16927
G1 X137.068 Y114.54 E1049.18995
G1 X136.858 Y113.376 E1049.21061
G1 X136.581 Y112.245 E1049.23094
G1 X136.225 Y111.092 E1049.25201
G1 X135.813 Y109.992 E1049.27252
G1 X135.33 Y108.912 E1049.29318
G1 X134.792 Y107.871 E1049.31364
G1 X134.174 Y106.838 E1049.33466
G1 X133.509 Y105.86 E1049.35531
G1 X132.797 Y104.938 E1049.37565
G1 X132.018 Y104.048 E1049.39631
G1 X131.17 Y103.188 E1049.4174
G1 X130.307 Y102.409 E1049.4377
G1 X129.381 Y101.669 E1049.4584
G1 X128.396 Y100.976 E1049.47943
G1 X127.387 Y100.354 E1049.50012
G1 X126.365 Y99.804 E1049.52039
G1 X125.289 Y99.306 E1049.54109
G1 X124.169 Y98.866 E1049.5621
G1 X123.057 Y98.506 E1049.58251
G1 X121.901 Y98.205 E1049.60337
G1 X120.753 Y97.98 E1049.6238
G1 X119.57 Y97.821 E1049.64464
G1 X118.382 Y97.73 E1049.66545
G1 X117.212 Y97.711 E1049.68588
G1 X116.012 Y97.766 E1049.70686
G1 X114.857 Y97.889 E1049.72714
G1 X113.677 Y98.083 E1049.74802
G1 X112.517 Y98.348 E1049.7688
G1 X111.397 Y98.672 E1049.78916
G1 X110.281 Y99.076 E1049.80988
G1 X109.193 Y99.539 E1049.83053
G1 X108.116 Y100.078 E1049.85156
G1 X107.107 Y100.659 E1049.87189
G1 X106.105 Y101.324 E1049.89289
G1 X105.171 Y102.021 E1049.91324
G1 X104.253 Y102.801 E1049.93427
G1 X103.414 Y103.604 E1049.95455
G1 X102.599 Y104.479 E1049.97543
G1 X101.851 Y105.393 E1049.99605
G1 X101.154 Y106.351 E1050.01674
G1 X100.509 Y107.356 E1050.03759
G1 X99.943 Y108.373 E1050.05792
G1 X99.42 Y109.458 E1050.07895
G1 X98.973 Y110.554 E1050.09962
G1 X98.597 Y111.658 E1050.11998
G1 X98.277 Y112.819 E1050.14101
G1 X98.031 Y113.958 E1050.16136
G1 X97.853 Y115.145 E1050.18232
G1 X97.75 Y116.305 E1050.20265
G1 X97.715 Y117.5 E1050.22353
G0 F9000 X97.715 Y117.507
G0 X97.72 Y117.699
G1 F1500 E1049.22353
G0 F9000 X98.43 Y117.679
G0 X113.074 Y117.5
;TYPE:SKIN
G1 F1500 E1050.22353
G1 F1800 X113.121 Y118.177 E1050.23538
G1 X113.273 Y118.84 E1050.24725
G1 X113.522 Y119.434 E1050.2585
G1 X113.871 Y120.038 E1050.27068
G1 X114.331 Y120.589 E1050.28322
G1 X114.816 Y121.021 E1050.29456
G1 X115.363 Y121.379 E1050.30597
G1 X115.976 Y121.66 E1050.31775
G1 X116.651 Y121.847 E1050.32998
G1 X117.321 Y121.922 E1050.34175
G1 X118.004 Y121.893 E1050.35369
G1 X118.654 Y121.78 E1050.36521
G1 X119.314 Y121.544 E1050.37745
G1 X119.883 Y121.231 E1050.38879
G1 X120.411 Y120.841 E1050.40025
G1 X120.899 Y120.343 E1050.41242
G1 X121.301 Y119.781 E1050.42449
G1 X121.619 Y119.149 E1050.43684
G1 X121.815 Y118.513 E1050.44846
G1 X121.92 Y117.858 E1050.46005
G1 X121.922 Y117.179 E1050.4719
G1 X121.817 Y116.49 E1050.48407
G1 X121.625 Y115.878 E1050.49527
G1 X121.305 Y115.231 E1050.50788
G1 X120.923 Y114.681 E1050.51957
G1 X120.45 Y114.185 E1050.53154
G1 X119.96 Y113.812 E1050.54229
G1 X119.344 Y113.464 E1050.55464
G1 X118.65 Y113.216 E1050.56751
G1 X118.048 Y113.103 E1050.57821
G1 X117.315 Y113.066 E1050.59102
G1 X116.697 Y113.144 E1050.6019
G1 X116.019 Y113.32 E1050.61413
G1 X115.353 Y113.622 E1050.6269
G1 X114.821 Y113.968 E1050.63798
G1 X114.316 Y114.414 E1050.64975
G1 X113.854 Y114.987 E1050.6626
G1 X113.534 Y115.529 E1050.67359
G1 X113.276 Y116.148 E1050.6853
G1 X113.123 Y116.808 E1050.69713
G1 X113.07 Y117.443 E1050.70826
G1 X113.074 Y117.5 E1050.70926
G1 F1500 E1049.70926
G0 F9000 X98.931 Y117.5
G1 F1500 E1050.70926
G1 F1800 X98.966 Y116.369 E1050.72901
G1 X99.061 Y115.297 E1050.74781
G1 X99.227 Y114.186 E1050.76742
G1 X99.457 Y113.119 E1050.78648
G1 X99.765 Y112.006 E1050.80665
G1 X100.109 Y110.986 E1050.82544
G1 X100.528 Y109.962 E1050.84476
G1 X101.031 Y108.925 E1050.86489
G1 X101.549 Y107.988 E1050.88358
G1 X102.162 Y107.031 E1050.90343
G1 X102.863 Y106.077 E1050.9241
G1 X103.507 Y105.287 E1050.9419
G1 X104.286 Y104.452 E1050.96184
G1 X105.061 Y103.713 E1050.98054
G1 X105.94 Y102.969 E1051.00065
G1 X106.814 Y102.312 E1051.01974
G1 X107.739 Y101.699 E1051.03912
G1 X108.684 Y101.154 E1051.05816
G1 X109.713 Y100.639 E1051.07826
G1 X110.737 Y100.204 E1051.09768
G1 X111.781 Y99.824 E1051.11708
G1 X112.813 Y99.528 E1051.13583
G1 X113.909 Y99.279 E1051.15546
G1 X115.029 Y99.093 E1051.17528
G1 X116.096 Y98.982 E1051.19401
G1 X117.232 Y98.927 E1051.21387
G1 X118.313 Y98.946 E1051.23275
G1 X119.441 Y99.033 E1051.25251
G1 X120.561 Y99.184 E1051.27224
G1 X121.617 Y99.389 E1051.29102
G1 X122.721 Y99.678 E1051.31095
G1 X123.749 Y100.01 E1051.32981
G1 X124.817 Y100.43 E1051.34985
G1 X125.83 Y100.896 E1051.36932
G1 X126.766 Y101.402 E1051.3879
G1 X127.724 Y101.992 E1051.40755
G1 X128.653 Y102.644 E1051.42737
G1 X129.523 Y103.344 E1051.44687
G1 X130.33 Y104.072 E1051.46584
G1 X131.118 Y104.868 E1051.4854
G1 X131.845 Y105.702 E1051.50472
G1 X132.525 Y106.584 E1051.52417
G1 X133.138 Y107.486 E1051.54321
G1 X133.72 Y108.455 E1051.56295
G1 X134.234 Y109.448 E1051.58247
G1 X134.681 Y110.452 E1051.60166
G1 X135.065 Y111.477 E1051.62078
G1 X135.409 Y112.581 E1051.64097
G1 X135.662 Y113.616 E1051.65957
G1 X135.86 Y114.712 E1051.67902
G1 X135.994 Y115.816 E1051.69844
G1 X136.066 Y116.967 E1051.71858
G1 X136.066 Y118.033 E1051.73719
G1 X135.998 Y119.136 E1051.75649
G1 X135.86 Y120.28 E1051.77661
G1 X135.67 Y121.34 E1051.79541
G1 X135.405 Y122.416 E1051.81476
G1 X135.143 Y123.283 E1051.83058
G1 X135.153 Y123.296 E1051.83087
G1 X134.681 Y124.54 E1051.8541
G1 X134.234 Y125.545 E1051.87331
G1 X133.72 Y126.541 E1051.89288
G1 X133.15 Y127.49 E1051.91221
G1 X132.529 Y128.404 E1051.9315
G1 X131.841 Y129.298 E1051.9512
G1 X131.114 Y130.132 E1051.97052
G1 X130.334 Y130.92 E1051.98988
G1 X129.524 Y131.651 E1052.00893
G1 X128.649 Y132.347 E1052.02846
G1 X127.72 Y133.004 E1052.04832
G1 X126.775 Y133.586 E1052.0677
G1 X125.83 Y134.096 E1052.08645
G1 X124.817 Y134.562 E1052.10592
G1 X123.749 Y134.986 E1052.12599
G1 X122.725 Y135.314 E1052.14477
G1 X121.613 Y135.607 E1052.16485
G1 X120.561 Y135.812 E1052.18356
G1 X119.441 Y135.963 E1052.20329
G1 X118.314 Y136.05 E1052.22303
G1 X117.236 Y136.065 E1052.24186
G1 X116.092 Y136.01 E1052.26186
G1 X115.032 Y135.903 E1052.28046
G1 X113.913 Y135.717 E1052.30027
G1 X112.813 Y135.464 E1052.31998
G1 X111.781 Y135.164 E1052.33874
G1 X110.733 Y134.792 E1052.35816
G1 X109.697 Y134.349 E1052.37784
G1 X108.692 Y133.843 E1052.39748
G1 X107.755 Y133.305 E1052.41635
G1 X106.798 Y132.672 E1052.43639
G1 X105.923 Y132.015 E1052.45549
G1 X105.069 Y131.295 E1052.475
G1 X104.27 Y130.528 E1052.49434
G1 X103.515 Y129.713 E1052.51374
G1 X102.811 Y128.855 E1052.53312
G1 X102.154 Y127.949 E1052.55266
G1 X101.549 Y127.004 E1052.57225
G1 X101.031 Y126.067 E1052.59095
G1 X100.528 Y125.03 E1052.61107
G1 X100.109 Y124.006 E1052.63039
G1 X99.757 Y122.966 E1052.64956
G1 X99.457 Y121.877 E1052.66929
G1 X99.227 Y120.81 E1052.68835
G1 X99.061 Y119.695 E1052.70803
G1 X98.966 Y118.627 E1052.72675
G1 X98.931 Y117.515 E1052.74618
G1 X98.931 Y117.5 E1052.74644
G1 F1500 E1051.74644
G0 F9000 X103.843 Y105.234
G1 F1500 E1052.74644
G1 F1800 X105.247 Y103.83 E1052.78111
G1 X105.321 Y103.756
G0 F9000 X107.682 Y101.989
G1 F1800 X102.006 Y107.665 E1052.92128
G1 X101.932 Y107.739
G0 F9000 X101.194 Y109.071
G1 F1800 X109.069 Y101.196 E1053.11575
G1 X109.143 Y101.122
G0 F9000 X110.198 Y100.661
G1 F1800 X100.657 Y110.203 E1053.35137
G1 X100.583 Y110.277
G0 F9000 X100.262 Y111.191
G1 F1800 X111.192 Y100.261 E1053.62128
G1 X111.266 Y100.187
G0 F9000 X112.095 Y99.952
G1 F1800 X99.962 Y112.085 E1053.9209
G1 X99.888 Y112.159
G0 F9000 X99.735 Y112.907
G1 F1800 X112.924 Y99.718 E1054.24659
G0 F9000 X113.692 Y99.543
G1 F1800 X99.551 Y113.684 E1054.59579
G0 F9000 X99.404 Y114.425
G1 F1800 X114.423 Y99.406 E1054.96668
G0 F9000 X115.13 Y99.293
G1 F1800 X99.3 Y115.123 E1055.35759
G0 F9000 X99.229 Y115.788
G1 F1800 X115.793 Y99.224 E1055.76663
G0 F9000 X116.436 Y99.175
G1 F1800 X99.175 Y116.436 E1056.19288
G0 F9000 X99.156 Y117.049
G1 F1800 X117.059 Y99.146 E1056.63498
G0 F9000 X117.655 Y99.144
G1 F1800 X99.146 Y117.653 E1057.09205
G0 F9000 X99.164 Y118.229
G1 F1800 X118.238 Y99.155 E1057.56307
G0 F9000 X118.793 Y99.194
G1 F1800 X99.192 Y118.795 E1058.04711
G0 F9000 X99.241 Y119.34
G1 F1800 X119.345 Y99.236 E1058.54356
G0 F9000 X119.872 Y99.303
G1 F1800 X99.301 Y119.874 E1059.05155
G0 F9000 X99.378 Y120.391
G1 F1800 X120.396 Y99.373 E1059.57058
G0 F9000 X120.899 Y99.464
G1 F1800 X99.462 Y120.9 E1060.09994
G0 F9000 X99.567 Y121.39
G1 F1800 X121.396 Y99.561 E1060.63899
G0 F9000 X121.877 Y99.674
G1 F1800 X99.675 Y121.876 E1061.18726
G0 F9000 X99.803 Y122.341
G1 F1800 X122.348 Y99.797 E1061.74398
G0 F9000 X122.811 Y99.928
G1 F1800 X99.932 Y122.807 E1062.30896
G0 F9000 X100.078 Y123.255
G1 F1800 X123.26 Y100.073 E1062.88143
G0 F9000 X123.708 Y100.219
G1 F1800 X100.227 Y123.699 E1063.46126
G0 F9000 X100.388 Y124.133
G1 F1800 X124.134 Y100.387 E1064.04766
G0 F9000 X124.56 Y100.554
G1 F1800 X100.561 Y124.553 E1064.6403
G0 F9000 X100.735 Y124.973
G1 F1800 X124.975 Y100.733 E1065.23889
G0 F9000 X125.382 Y100.92
G1 F1800 X100.929 Y125.374 E1065.84275
G0 F9000 X101.123 Y125.774
G1 F1800 X125.787 Y101.11 E1066.45182
G0 F9000 X126.172 Y101.319
G1 F1800 X101.326 Y126.165 E1067.06537
G0 F9000 X101.538 Y126.547
G1 F1800 X126.557 Y101.528 E1067.6832
G0 F9000 X126.928 Y101.75
G1 F1800 X115.22 Y113.458 E1067.97232
G1 X115.146 Y113.532
G0 F9000 X116.219 Y113.054
G1 F1800 X127.296 Y101.976 E1068.24588
G0 F9000 X127.662 Y102.204
G1 F1800 X116.967 Y112.899 E1068.50998
G0 F9000 X117.589 Y112.871
G1 F1800 X128.011 Y102.449 E1068.76735
G0 F9000 X128.36 Y102.695
G1 F1800 X118.146 Y112.909 E1069.01958
G0 F9000 X118.645 Y113.003
G1 F1800 X128.698 Y102.95 E1069.26783
G0 F9000 X129.028 Y103.214
G1 F1800 X119.092 Y113.151 E1069.5132
G0 F9000 X119.513 Y113.323
G1 F1800 X129.357 Y103.479 E1069.7563
G0 F9000 X129.671 Y103.759
G1 F1800 X119.894 Y113.536 E1069.99773
G0 F9000 X120.253 Y113.771
G1 F1800 X129.983 Y104.041 E1070.23801
G0 F9000 X130.289 Y104.329
G1 F1800 X120.589 Y114.029 E1070.47755
G0 F9000 X120.88 Y114.332
G1 F1800 X130.584 Y104.628 E1070.71718
G0 F9000 X130.88 Y104.926
G1 F1800 X121.156 Y114.65 E1070.95731
G0 F9000 X121.4 Y115
G1 F1800 X131.162 Y105.238 E1071.19837
G0 F9000 X131.438 Y105.555
G1 F1800 X121.614 Y115.38 E1071.44098
G0 F9000 X121.811 Y115.777
G1 F1800 X131.713 Y105.875 E1071.68551
G0 F9000 X131.972 Y106.21
G1 F1800 X121.954 Y116.228 E1071.9329
G0 F9000 X122.063 Y116.713
G1 F1800 X132.23 Y106.545 E1072.18398
G0 F9000 X132.479 Y106.891
G1 F1800 X122.131 Y117.238 E1072.4395
G0 F9000 X122.131 Y117.833
G1 F1800 X132.72 Y107.244 E1072.70099
G0 F9000 X132.96 Y107.598
G1 F1800 X122.025 Y118.533 E1072.97102
G1 X121.951 Y118.607
G0 F9000 X121.702 Y119.45
G1 F1800 X133.183 Y107.969 E1073.25454
G0 F9000 X133.406 Y108.339
G1 F1800 X108.344 Y133.402 E1073.87344
G0 F9000 X108.721 Y133.618
G1 F1800 X133.621 Y108.719 E1074.48832
G0 F9000 X133.823 Y109.111
G1 F1800 X109.113 Y133.821 E1075.09852
G0 F9000 X109.508 Y134.019
G1 F1800 X134.025 Y109.503 E1075.70394
G0 F9000 X134.21 Y109.911
G1 F1800 X109.91 Y134.212 E1076.30403
G0 F9000 X110.326 Y134.39
G1 F1800 X134.393 Y110.322 E1076.89836
G0 F9000 X134.566 Y110.744
G1 F1800 X110.741 Y134.568 E1077.48669
G0 F9000 X111.176 Y134.727
G1 F1800 X134.727 Y111.176 E1078.06827
G0 F9000 X134.886 Y111.611
G1 F1800 X111.615 Y134.883 E1078.64294
G0 F9000 X112.064 Y135.028
G1 F1800 X135.027 Y112.064 E1079.21001
G0 F9000 X135.168 Y112.517
G1 F1800 X112.523 Y135.162 E1079.76922
G0 F9000 X112.989 Y135.29
G1 F1800 X135.292 Y112.987 E1080.31998
G0 F9000 X135.409 Y113.464
G1 F1800 X113.472 Y135.401 E1080.8617
G0 F9000 X113.956 Y135.511
G1 F1800 X135.51 Y113.957 E1081.39396
G0 F9000 X135.6 Y114.461
G1 F1800 X114.465 Y135.596 E1081.91588
G0 F9000 X114.974 Y135.681
G1 F1800 X135.68 Y114.976 E1082.42719
G0 F9000 X135.744 Y115.505
G1 F1800 X115.509 Y135.74 E1082.92688
G0 F9000 X116.049 Y135.794
G1 F1800 X135.798 Y116.045 E1083.41457
G0 F9000 X135.832 Y116.605
G1 F1800 X116.613 Y135.824 E1083.88917
G0 F9000 X117.18 Y135.851
G1 F1800 X135.856 Y117.175 E1084.35036
G0 F9000 X135.856 Y117.769
G1 F1800 X117.777 Y135.848 E1084.79681
G0 F9000 X118.385 Y135.835
G1 F1800 X135.834 Y118.385 E1085.22771
G0 F9000 X135.795 Y119.018
G1 F1800 X119.028 Y135.785 E1085.64177
G0 F9000 X119.688 Y135.719
G1 F1800 X135.72 Y119.687 E1086.03767
G0 F9000 X135.629 Y120.371
G1 F1800 X120.375 Y135.626 E1086.41437
G0 F9000 X121.101 Y135.494
G1 F1800 X135.5 Y121.095 E1086.76994
G0 F9000 X135.324 Y121.865
G1 F1800 X121.865 Y135.324 E1087.1023
G0 F9000 X122.672 Y135.111
G1 F1800 X135.107 Y122.676 E1087.40938
G1 X135.181 Y122.602
G0 F9000 X134.834 Y123.543
G1 F1800 X123.546 Y134.83 E1087.68812
G1 X123.472 Y134.904
G0 F9000 X124.515 Y134.456
G1 F1800 X134.467 Y124.504 E1087.93387
G1 X134.541 Y124.43
G0 F9000 X133.976 Y125.589
G1 F1800 X125.589 Y133.976 E1088.14099
G1 X125.515 Y134.05
G0 F9000 X126.89 Y133.268
G1 F1800 X133.259 Y126.9 E1088.29825
G1 X133.333 Y126.826
G0 F9000 X131.984 Y128.769
G1 F1800 X128.768 Y131.984 E1088.37766
G1 X128.694 Y132.058
G1 F1500 E1087.37766
G0 F9000 X119.435 Y121.717
G1 F1500 E1088.37766
G1 F1800 X107.966 Y133.186 E1088.66088
G0 F9000 X107.604 Y132.954
G1 F1800 X118.547 Y122.011 E1088.93111
G0 F9000 X117.856 Y122.108
G1 F1800 X107.247 Y132.717 E1089.19309
G0 F9000 X106.891 Y132.479
G1 F1800 X117.245 Y122.124 E1089.44879
G0 F9000 X116.712 Y122.064
G1 F1800 X106.552 Y132.224 E1089.69968
G0 F9000 X106.212 Y131.969
G1 F1800 X116.233 Y121.949 E1089.94713
G0 F9000 X115.787 Y121.801
G1 F1800 X105.881 Y131.706 E1090.19174
G0 F9000 X105.559 Y131.435
G1 F1800 X115.379 Y121.615 E1090.43424
G0 F9000 X115.005 Y121.395
G1 F1800 X105.237 Y131.163 E1090.67546
G0 F9000 X104.933 Y130.873
G1 F1800 X114.652 Y121.154 E1090.91546
G0 F9000 X114.338 Y120.874
G1 F1800 X104.629 Y130.583 E1091.15522
G0 F9000 X104.332 Y130.286
G1 F1800 X114.044 Y120.574 E1091.39505
G0 F9000 X113.773 Y120.251
G1 F1800 X104.047 Y129.978 E1091.63524
G0 F9000 X103.762 Y129.669
G1 F1800 X113.543 Y119.887 E1091.87679
G0 F9000 X113.328 Y119.508
G1 F1800 X103.488 Y129.348 E1092.11978
G0 F9000 X103.22 Y129.022
G1 F1800 X113.153 Y119.089 E1092.36507
G0 F9000 X113.011 Y118.638
G1 F1800 X102.954 Y128.694 E1092.61341
G0 F9000 X102.704 Y128.35
G1 F1800 X112.909 Y118.145 E1092.86542
G0 F9000 X112.869 Y117.591
G1 F1800 X102.455 Y128.005 E1093.12259
G0 F9000 X102.214 Y127.652
G1 F1800 X112.898 Y116.968 E1093.38642
G0 F9000 X113.042 Y116.23
G1 F1800 X101.982 Y127.29 E1093.65954
G0 F9000 X101.751 Y126.928
G1 F1800 X113.496 Y115.182 E1093.94959
G1 X113.57 Y115.108
G1 F1500 E1092.94959
;MESH:NONMESH
G0 F600 X113.57 Y115.108 Z2.32
G0 F9000 X98.555 Y117.5
;TIME_ELAPSED:2347.632600
;LAYER:22
;TYPE:WALL-INNER
;MESH:ranella v1.stl
G1 F1500 E1093.94959
G1 F1800 X98.555 Y117.507 E1093.94971
G1 X98.589 Y118.641 E1093.96952
G1 X98.688 Y119.751 E1093.98898
G1 X98.858 Y120.891 E1094.00911
G1 X99.092 Y121.981 E1094.02857
G1 X99.4 Y123.09 E1094.04867
G1 X99.761 Y124.148 E1094.06819
G1 X100.188 Y125.197 E1094.08797
G1 X100.689 Y126.236 E1094.10811
G1 X101.23 Y127.208 E1094.12753
G1 X101.848 Y128.172 E1094.14753
G1 X102.512 Y129.09 E1094.16731
G1 X103.232 Y129.965 E1094.1871
G1 X104.005 Y130.799 E1094.20696
G1 X104.815 Y131.575 E1094.22654
G1 X105.695 Y132.318 E1094.24665
G1 X106.589 Y132.989 E1094.26617
G1 X107.549 Y133.622 E1094.28625
G1 X108.515 Y134.179 E1094.30572
G1 X109.543 Y134.695 E1094.32581
G1 X110.588 Y135.142 E1094.34565
G1 X111.656 Y135.524 E1094.36546
G1 X112.728 Y135.834 E1094.38495
G1 X113.84 Y136.089 E1094.40487
G1 X114.973 Y136.278 E1094.42492
G1 X116.075 Y136.392 E1094.44427
G1 X117.226 Y136.445 E1094.46439
G1 X118.344 Y136.43 E1094.48391
G1 X119.482 Y136.343 E1094.50384
G1 X120.616 Y136.191 E1094.52382
G1 X121.709 Y135.976 E1094.54327
G1 X122.825 Y135.683 E1094.56342
G1 X123.889 Y135.339 E1094.58294
G1 X124.958 Y134.918 E1094.60301
G1 X125.99 Y134.44 E1094.62287
G1 X126.971 Y133.913 E1094.64231
G1 X127.937 Y133.319 E1094.66211
G1 X128.876 Y132.656 E1094.68218
G1 X129.763 Y131.947 E1094.70201
G1 X130.59 Y131.2 E1094.72147
G1 X131.402 Y130.381 E1094.74161
G1 X132.139 Y129.533 E1094.76123
G1 X132.833 Y128.634 E1094.78106
G1 X133.467 Y127.705 E1094.8007
G1 X134.058 Y126.72 E1094.82076
G1 X134.573 Y125.721 E1094.84038
G1 X135.032 Y124.693 E1094.86004
G1 X135.437 Y123.612 E1094.8802
G1 X135.771 Y122.528 E1094.90001
G1 X136.04 Y121.43 E1094.91975
G1 X136.237 Y120.331 E1094.93924
G1 X136.377 Y119.184 E1094.95942
G1 X136.446 Y118.056 E1094.97915
G1 X136.446 Y116.945 E1094.99855
G1 X136.374 Y115.793 E1095.01871
G1 X136.237 Y114.665 E1095.03855
G1 X136.036 Y113.551 E1095.05831
G1 X135.771 Y112.469 E1095.07777
G1 X135.429 Y111.364 E1095.09796
G1 X135.036 Y110.311 E1095.11759
G1 X134.573 Y109.276 E1095.13739
G1 X134.058 Y108.279 E1095.15698
G1 X133.466 Y107.29 E1095.17711
G1 X132.829 Y106.353 E1095.1969
G1 X132.148 Y105.472 E1095.21634
G1 X131.402 Y104.62 E1095.23611
G1 X130.589 Y103.795 E1095.25634
G1 X129.763 Y103.049 E1095.27577
G1 X128.877 Y102.341 E1095.29558
G1 X127.934 Y101.678 E1095.31571
G1 X126.967 Y101.082 E1095.33554
G1 X125.989 Y100.556 E1095.35493
G1 X124.959 Y100.079 E1095.37475
G1 X123.886 Y99.658 E1095.39488
G1 X122.821 Y99.313 E1095.41443
G1 X121.714 Y99.025 E1095.4344
G1 X120.616 Y98.809 E1095.45394
G1 X119.482 Y98.657 E1095.47392
G1 X118.342 Y98.57 E1095.49388
G1 X117.224 Y98.551 E1095.51341
G1 X116.076 Y98.604 E1095.53347
G1 X114.969 Y98.721 E1095.55291
G1 X113.839 Y98.907 E1095.57291
G1 X112.728 Y99.162 E1095.59281
G1 X111.657 Y99.471 E1095.61228
G1 X110.589 Y99.858 E1095.63211
G1 X109.545 Y100.302 E1095.65192
G1 X108.514 Y100.818 E1095.67206
G1 X107.55 Y101.374 E1095.69149
G1 X106.589 Y102.011 E1095.71162
G1 X105.695 Y102.678 E1095.7311
G1 X104.816 Y103.425 E1095.75124
G1 X104.012 Y104.194 E1095.77067
G1 X103.232 Y105.032 E1095.79066
G1 X102.516 Y105.906 E1095.81039
G1 X101.848 Y106.825 E1095.83022
G1 X101.23 Y107.788 E1095.8502
G1 X100.689 Y108.76 E1095.86963
G1 X100.188 Y109.799 E1095.88977
G1 X99.761 Y110.848 E1095.90955
G1 X99.4 Y111.906 E1095.92907
G1 X99.093 Y113.019 E1095.94923
G1 X98.858 Y114.109 E1095.9687
G1 X98.688 Y115.245 E1095.98876
G1 X98.589 Y116.355 E1096.00821
G1 X98.555 Y117.5 E1096.02822
G0 F9000 X98.135 Y117.5
G1 F1800 X98.135 Y117.507 E1096.02834
G1 X98.17 Y118.666 E1096.04859
G1 X98.27 Y119.801 E1096.06848
G1 X98.445 Y120.967 E1096.08907
G1 X98.684 Y122.081 E1096.10896
G1 X98.999 Y123.214 E1096.1295
G1 X99.367 Y124.295 E1096.14944
G1 X99.804 Y125.368 E1096.16967
G1 X100.316 Y126.429 E1096.19024
G1 X100.869 Y127.424 E1096.21012
G1 X101.501 Y128.409 E1096.23055
G1 X102.179 Y129.346 E1096.25075
G1 X102.915 Y130.241 E1096.27098
G1 X103.706 Y131.093 E1096.29128
G1 X104.534 Y131.887 E1096.31131
G1 X105.433 Y132.646 E1096.33186
G1 X106.347 Y133.332 E1096.35181
G1 X107.328 Y133.979 E1096.37233
G1 X108.315 Y134.549 E1096.39224
G1 X109.366 Y135.076 E1096.41277
G1 X110.435 Y135.533 E1096.43307
G1 X111.527 Y135.924 E1096.45332
G1 X112.623 Y136.241 E1096.47324
G1 X113.759 Y136.501 E1096.49359
G1 X114.917 Y136.695 E1096.51409
G1 X116.043 Y136.811 E1096.53386
G1 X117.219 Y136.865 E1096.55442
G1 X118.363 Y136.85 E1096.57439
G1 X119.526 Y136.761 E1096.59476
G1 X120.685 Y136.606 E1096.61518
G1 X121.803 Y136.385 E1096.63508
G1 X122.943 Y136.087 E1096.65565
G1 X124.031 Y135.734 E1096.67563
G1 X125.123 Y135.304 E1096.69612
G1 X126.178 Y134.816 E1096.71642
G1 X127.181 Y134.277 E1096.7363
G1 X128.168 Y133.669 E1096.75654
G1 X129.129 Y132.992 E1096.77707
G1 X130.035 Y132.267 E1096.79733
G1 X130.88 Y131.504 E1096.81721
G1 X131.71 Y130.667 E1096.83779
G1 X132.464 Y129.8 E1096.85786
G1 X133.173 Y128.881 E1096.87813
G1 X133.821 Y127.932 E1096.89819
G1 X134.425 Y126.925 E1096.9187
G1 X134.951 Y125.903 E1096.93877
G1 X135.42 Y124.852 E1096.95886
G1 X135.835 Y123.748 E1096.97946
G1 X136.176 Y122.64 E1096.9997
G1 X136.451 Y121.517 E1097.01989
G1 X136.652 Y120.394 E1097.03981
G1 X136.796 Y119.222 E1097.06043
G1 X136.866 Y118.069 E1097.0806
G1 X136.866 Y116.932 E1097.10045
G1 X136.792 Y115.754 E1097.12106
G1 X136.652 Y114.602 E1097.14133
G1 X136.447 Y113.463 E1097.16153
G1 X136.176 Y112.357 E1097.18142
G1 X135.827 Y111.228 E1097.20205
G1 X135.424 Y110.152 E1097.22212
G1 X134.952 Y109.094 E1097.24235
G1 X134.425 Y108.075 E1097.26238
G1 X133.82 Y107.064 E1097.28295
G1 X133.169 Y106.107 E1097.30316
G1 X132.473 Y105.205 E1097.32306
G1 X131.71 Y104.334 E1097.34327
G1 X130.88 Y103.492 E1097.36392
G1 X130.035 Y102.729 E1097.3838
G1 X129.129 Y102.005 E1097.40405
G1 X128.165 Y101.327 E1097.42463
G1 X127.177 Y100.718 E1097.4449
G1 X126.177 Y100.18 E1097.46472
G1 X125.124 Y99.692 E1097.48499
G1 X124.027 Y99.262 E1097.50556
G1 X122.939 Y98.91 E1097.52553
G1 X121.807 Y98.615 E1097.54596
G1 X120.685 Y98.394 E1097.56593
G1 X119.526 Y98.239 E1097.58635
G1 X118.362 Y98.15 E1097.60673
G1 X117.218 Y98.131 E1097.62671
G1 X116.044 Y98.185 E1097.64723
G1 X114.913 Y98.305 E1097.66709
G1 X113.758 Y98.495 E1097.68753
G1 X112.623 Y98.755 E1097.70786
G1 X111.527 Y99.072 E1097.72778
G1 X110.435 Y99.467 E1097.74806
G1 X109.369 Y99.921 E1097.76829
G1 X108.315 Y100.448 E1097.78887
G1 X107.328 Y101.016 E1097.80875
G1 X106.347 Y101.668 E1097.82932
G1 X105.433 Y102.35 E1097.84924
G1 X104.535 Y103.113 E1097.86981
G1 X103.713 Y103.899 E1097.88967
G1 X102.915 Y104.755 E1097.91011
G1 X102.183 Y105.649 E1097.93028
G1 X101.501 Y106.588 E1097.95055
G1 X100.869 Y107.572 E1097.97097
G1 X100.316 Y108.567 E1097.99085
G1 X99.804 Y109.628 E1098.01142
G1 X99.367 Y110.701 E1098.03165
G1 X98.999 Y111.782 E1098.05159
G1 X98.685 Y112.919 E1098.07218
G1 X98.444 Y114.034 E1098.0921
G1 X98.27 Y115.195 E1098.1126
G1 X98.17 Y116.33 E1098.1325
G1 X98.135 Y117.5 E1098.15294
G1 F1500 E1097.15294
G0 F9000 X98.425 Y117.5
G0 X113.453 Y117.5
G1 F1500 E1098.15294
G1 F1800 X113.45 Y117.468 E1098.1535
G1 X113.497 Y116.884 E1098.16373
G1 X113.645 Y116.257 E1098.17498
G1 X113.873 Y115.698 E1098.18552
G1 X114.202 Y115.154 E1098.19662
G1 X114.617 Y114.657 E1098.20793
G1 X115.026 Y114.296 E1098.21745
G1 X115.555 Y113.943 E1098.22856
G1 X116.141 Y113.68 E1098.23977
G1 X116.757 Y113.519 E1098.25089
G1 X117.277 Y113.455 E1098.26004
G1 X117.933 Y113.472 E1098.2715
G1 X118.598 Y113.597 E1098.28331
G1 X119.174 Y113.806 E1098.29401
G1 X119.683 Y114.085 E1098.30415
G1 X120.172 Y114.452 E1098.31482
G1 X120.633 Y114.926 E1098.32637
G1 X120.982 Y115.429 E1098.33706
G1 X121.272 Y116.011 E1098.34842
G1 X121.451 Y116.575 E1098.35875
G1 X121.545 Y117.202 E1098.36982
G1 X121.545 Y117.796 E1098.38019
G1 X121.445 Y118.434 E1098.39147
G1 X121.248 Y119.045 E1098.40268
G1 X120.981 Y119.573 E1098.41301
G1 X120.613 Y120.098 E1098.4242
G1 X120.205 Y120.52 E1098.43445
G1 X119.683 Y120.911 E1098.44584
G1 X119.14 Y121.204 E1098.45662
G1 X118.598 Y121.398 E1098.46667
G1 X117.958 Y121.521 E1098.47805
G1 X117.353 Y121.55 E1098.48862
G1 X116.724 Y121.475 E1098.49969
G1 X116.129 Y121.315 E1098.51044
G1 X115.571 Y121.058 E1098.52117
G1 X115.048 Y120.725 E1098.532
G1 X114.574 Y120.295 E1098.54317
G1 X114.193 Y119.833 E1098.55363
G1 X113.869 Y119.291 E1098.56466
G1 X113.636 Y118.709 E1098.5756
G1 X113.504 Y118.158 E1098.5855
G1 X113.453 Y117.5 E1098.59702
G0 F9000 X113.871 Y117.5
G1 F1800 X113.87 Y117.481 E1098.59735
G1 X113.912 Y116.946 E1098.60672
G1 X114.037 Y116.41 E1098.61633
G1 X114.236 Y115.92 E1098.62557
G1 X114.521 Y115.431 E1098.63545
G1 X114.908 Y114.96 E1098.6461
G1 X115.291 Y114.622 E1098.65502
G1 X115.766 Y114.307 E1098.66497
G1 X116.312 Y114.07 E1098.67536
G1 X116.787 Y113.941 E1098.68396
G1 X117.332 Y113.872 E1098.69355
G1 X117.901 Y113.891 E1098.70349
G1 X118.427 Y113.987 E1098.71283
G1 X118.977 Y114.179 E1098.723
G1 X119.463 Y114.443 E1098.73266
G1 X119.904 Y114.775 E1098.7423
G1 X120.308 Y115.192 E1098.75243
G1 X120.607 Y115.621 E1098.76156
G1 X120.864 Y116.122 E1098.7714
G1 X121.03 Y116.637 E1098.78084
G1 X121.124 Y117.209 E1098.79097
G1 X121.124 Y117.79 E1098.80111
G1 X121.042 Y118.311 E1098.81032
G1 X120.864 Y118.873 E1098.82062
G1 X120.634 Y119.334 E1098.82961
G1 X120.296 Y119.822 E1098.83998
G1 X119.894 Y120.233 E1098.85002
G1 X119.481 Y120.541 E1098.85901
G1 X119.024 Y120.795 E1098.86814
G1 X118.477 Y120.996 E1098.87832
G1 X117.936 Y121.101 E1098.88794
G1 X117.358 Y121.126 E1098.89804
G1 X116.787 Y121.059 E1098.90808
G1 X116.299 Y120.926 E1098.91691
G1 X115.769 Y120.688 E1098.92706
G1 X115.331 Y120.408 E1098.93614
G1 X114.923 Y120.05 E1098.94561
G1 X114.541 Y119.594 E1098.956
G1 X114.259 Y119.123 E1098.96559
G1 X114.043 Y118.604 E1098.9754
G1 X113.912 Y118.054 E1098.98528
G1 X113.871 Y117.5 E1098.99498
G0 F9000 X114.291 Y117.5
;TYPE:WALL-OUTER
G1 F1800 X114.29 Y117.483 E1098.99527
G1 X114.331 Y116.992 E1099.00388
G1 X114.445 Y116.516 E1099.01242
G1 X114.626 Y116.076 E1099.02073
G1 X114.877 Y115.654 E1099.02931
G1 X115.204 Y115.258 E1099.03827
G1 X115.573 Y114.936 E1099.04682
G1 X115.982 Y114.672 E1099.05532
G1 X116.432 Y114.473 E1099.06392
G1 X116.893 Y114.348 E1099.07226
G1 X117.369 Y114.29 E1099.08063
G1 X117.88 Y114.311 E1099.08956
G1 X118.357 Y114.402 E1099.09804
G1 X118.821 Y114.569 E1099.10665
G1 X119.26 Y114.812 E1099.11541
G1 X119.635 Y115.098 E1099.12365
G1 X119.987 Y115.463 E1099.1325
G1 X120.268 Y115.873 E1099.14118
G1 X120.483 Y116.299 E1099.14951
G1 X120.632 Y116.779 E1099.15829
G1 X120.706 Y117.254 E1099.16668
G1 X120.704 Y117.766 E1099.17562
G1 X120.629 Y118.234 E1099.1839
G1 X120.483 Y118.697 E1099.19238
G1 X120.261 Y119.141 E1099.20105
G1 X119.979 Y119.546 E1099.20966
G1 X119.632 Y119.905 E1099.21838
G1 X119.243 Y120.195 E1099.22685
G1 X118.809 Y120.432 E1099.23549
G1 X118.35 Y120.596 E1099.244
G1 X117.88 Y120.685 E1099.25235
G1 X117.369 Y120.706 E1099.26128
G1 X116.887 Y120.651 E1099.26975
G1 X116.405 Y120.518 E1099.27849
G1 X115.968 Y120.318 E1099.28688
G1 X115.547 Y120.045 E1099.29564
G1 X115.181 Y119.714 E1099.30426
G1 X114.871 Y119.332 E1099.31285
G1 X114.626 Y118.92 E1099.32122
G1 X114.435 Y118.449 E1099.33009
G1 X114.328 Y117.992 E1099.33829
G1 X114.291 Y117.5 E1099.3469
G0 F9000 X114.29 Y117.483
G0 X114.305 Y117.301
G1 F1500 E1098.3469
G0 F9000 X113.602 Y117.246
G0 X98.425 Y117.5
G0 X97.715 Y117.5
G1 F1500 E1099.3469
G1 F1800 X97.715 Y117.507 E1099.34702
G1 X97.75 Y118.691 E1099.36771
G1 X97.853 Y119.851 E1099.38804
G1 X98.031 Y121.042 E1099.40907
G1 X98.276 Y122.181 E1099.42941
G1 X98.597 Y123.338 E1099.45038
G1 X98.973 Y124.442 E1099.47075
G1 X99.42 Y125.538 E1099.49141
G1 X99.943 Y126.623 E1099.51245
G1 X100.509 Y127.64 E1099.53277
G1 X101.154 Y128.645 E1099.55362
G1 X101.847 Y129.603 E1099.57427
G1 X102.599 Y130.517 E1099.59493
G1 X103.406 Y131.388 E1099.61567
G1 X104.253 Y132.199 E1099.63614
G1 X105.171 Y132.975 E1099.65713
G1 X106.105 Y133.676 E1099.67753
G1 X107.107 Y134.337 E1099.69849
G1 X108.116 Y134.919 E1099.71883
G1 X109.189 Y135.457 E1099.73979
G1 X110.281 Y135.924 E1099.76052
G1 X111.397 Y136.324 E1099.78123
G1 X112.517 Y136.648 E1099.80158
G1 X113.677 Y136.913 E1099.82236
G1 X114.861 Y137.111 E1099.84332
G1 X116.012 Y137.23 E1099.86353
G1 X117.212 Y137.285 E1099.8845
G1 X118.382 Y137.27 E1099.90494
G1 X119.57 Y137.179 E1099.92574
G1 X120.753 Y137.02 E1099.94658
G1 X121.897 Y136.795 E1099.96694
G1 X123.061 Y136.49 E1099.98795
G1 X124.173 Y136.13 E1100.00836
G1 X125.289 Y135.69 E1100.02931
G1 X126.366 Y135.192 E1100.05003
G1 X127.391 Y134.641 E1100.07035
G1 X128.4 Y134.02 E1100.09104
G1 X129.381 Y133.328 E1100.112
G1 X130.307 Y132.587 E1100.13271
G1 X131.17 Y131.808 E1100.15301
G1 X132.018 Y130.953 E1100.17404
G1 X132.789 Y130.066 E1100.19456
G1 X133.513 Y129.128 E1100.21525
G1 X134.175 Y128.158 E1100.23576
G1 X134.792 Y127.129 E1100.25671
G1 X135.33 Y126.085 E1100.27722
G1 X135.809 Y125.012 E1100.29773
G1 X136.233 Y123.884 E1100.31878
G1 X136.581 Y122.752 E1100.33946
G1 X136.862 Y121.604 E1100.36009
G1 X137.068 Y120.456 E1100.38046
G1 X137.214 Y119.26 E1100.4015
G1 X137.286 Y118.081 E1100.42212
G1 X137.286 Y116.919 E1100.44241
G1 X137.21 Y115.716 E1100.46346
G1 X137.068 Y114.54 E1100.48415
G1 X136.858 Y113.376 E1100.5048
G1 X136.581 Y112.245 E1100.52513
G1 X136.225 Y111.092 E1100.5462
G1 X135.813 Y109.992 E1100.56671
G1 X135.33 Y108.912 E1100.58737
G1 X134.792 Y107.871 E1100.60783
G1 X134.174 Y106.838 E1100.62885
G1 X133.509 Y105.86 E1100.6495
G1 X132.797 Y104.938 E1100.66985
G1 X132.018 Y104.048 E1100.6905
G1 X131.17 Y103.188 E1100.71159
G1 X130.307 Y102.409 E1100.73189
G1 X129.381 Y101.669 E1100.75259
G1 X128.396 Y100.976 E1100.77362
G1 X127.387 Y100.354 E1100.79431
G1 X126.365 Y99.804 E1100.81458
G1 X125.289 Y99.306 E1100.83528
G1 X124.169 Y98.866 E1100.8563
G1 X123.057 Y98.506 E1100.87671
G1 X121.901 Y98.205 E1100.89756
G1 X120.753 Y97.98 E1100.91799
G1 X119.57 Y97.821 E1100.93883
G1 X118.382 Y97.73 E1100.95964
G1 X117.212 Y97.711 E1100.98007
G1 X116.012 Y97.766 E1101.00105
G1 X114.857 Y97.889 E1101.02133
G1 X113.677 Y98.083 E1101.04221
G1 X112.517 Y98.348 E1101.06299
G1 X111.397 Y98.672 E1101.08335
G1 X110.281 Y99.076 E1101.10407
G1 X109.193 Y99.539 E1101.12472
G1 X108.116 Y100.078 E1101.14575
G1 X107.107 Y100.659 E1101.16608
G1 X106.105 Y101.324 E1101.18708
G1 X105.171 Y102.021 E1101.20743
G1 X104.253 Y102.801 E1101.22846
G1 X103.414 Y103.604 E1101.24874
G1 X102.599 Y104.479 E1101.26962
G1 X101.851 Y105.393 E1101.29025
G1 X101.154 Y106.351 E1101.31093
G1 X100.509 Y107.356 E1101.33178
G1 X99.943 Y108.373 E1101.35211
G1 X99.42 Y109.458 E1101.37314
G1 X98.973 Y110.554 E1101.39381
G1 X98.597 Y111.658 E1101.41417
G1 X98.277 Y112.819 E1101.4352
G1 X98.031 Y113.958 E1101.45555
G1 X97.853 Y115.145 E1101.47651
G1 X97.75 Y116.305 E1101.49684
G1 X97.715 Y117.5 E1101.51772
G0 F9000 X97.715 Y117.507
G0 X97.72 Y117.699
G1 F1500 E1100.51772
G0 F9000 X98.43 Y117.679
G0 X113.074 Y117.5
;TYPE:SKIN
G1 F1500 E1101.51772
G1 F1800 X113.121 Y118.177 E1101.52957
G1 X113.273 Y118.84 E1101.54145
G1 X113.522 Y119.434 E1101.55269
G1 X113.871 Y120.038 E1101.56487
G1 X114.331 Y120.589 E1101.57741
G1 X114.816 Y121.021 E1101.58875
G1 X115.363 Y121.379 E1101.60016
G1 X115.976 Y121.66 E1101.61194
G1 X116.651 Y121.847 E1101.62417
G1 X117.321 Y121.922 E1101.63594
G1 X118.004 Y121.893 E1101.64788
G1 X118.654 Y121.78 E1101.6594
G1 X119.314 Y121.544 E1101.67164
G1 X119.883 Y121.231 E1101.68298
G1 X120.411 Y120.841 E1101.69444
G1 X120.899 Y120.343 E1101.70661
G1 X121.301 Y119.781 E1101.71868
G1 X121.619 Y119.149 E1101.73103
G1 X121.815 Y118.513 E1101.74265
G1 X121.92 Y117.858 E1101.75424
G1 X121.922 Y117.179 E1101.76609
G1 X121.817 Y116.49 E1101.77826
G1 X121.625 Y115.878 E1101.78946
G1 X121.305 Y115.231 E1101.80207
G1 X120.923 Y114.681 E1101.81376
G1 X120.45 Y114.185 E1101.82573
G1 X119.96 Y113.812 E1101.83648
G1 X119.344 Y113.464 E1101.84884
G1 X118.65 Y113.216 E1101.86171
G1 X118.048 Y113.103 E1101.8724
G1 X117.315 Y113.066 E1101.88522
G1 X116.697 Y113.144 E1101.89609
G1 X116.019 Y113.32 E1101.90832
G1 X115.353 Y113.622 E1101.92109
G1 X114.821 Y113.968 E1101.93218
G1 X114.316 Y114.414 E1101.94394
G1 X113.854 Y114.987 E1101.95679
G1 X113.534 Y115.529 E1101.96778
G1 X113.276 Y116.148 E1101.97949
G1 X113.123 Y116.808 E1101.99132
G1 X113.07 Y117.443 E1102.00245
G1 X113.074 Y117.5 E1102.00345
G1 F1500 E1101.00345
G0 F9000 X98.931 Y117.5
G1 F1500 E1102.00345
G1 F1800 X98.966 Y116.369 E1102.02321
G1 X99.061 Y115.297 E1102.042
G1 X99.227 Y114.186 E1102.06161
G1 X99.457 Y113.119 E1102.08067
G1 X99.765 Y112.006 E1102.10084
G1 X100.109 Y110.986 E1102.11963
G1 X100.528 Y109.962 E1102.13895
G1 X101.031 Y108.925 E1102.15908
G1 X101.549 Y107.988 E1102.17778
G1 X102.162 Y107.031 E1102.19762
G1 X102.863 Y106.077 E1102.21829
G1 X103.507 Y105.287 E1102.23609
G1 X104.286 Y104.452 E1102.25603
G1 X105.061 Y103.713 E1102.27473
G1 X105.94 Y102.969 E1102.29484
G1 X106.814 Y102.312 E1102.31393
G1 X107.739 Y101.699 E1102.33331
G1 X108.684 Y101.154 E1102.35236
G1 X109.713 Y100.639 E1102.37245
G1 X110.737 Y100.204 E1102.39188
G1 X111.781 Y99.824 E1102.41128
G1 X112.813 Y99.528 E1102.43002
G1 X113.909 Y99.279 E1102.44965
G1 X115.029 Y99.093 E1102.46947
G1 X116.096 Y98.982 E1102.4882
G1 X117.232 Y98.927 E1102.50806
G1 X118.313 Y98.946 E1102.52694
G1 X119.441 Y99.033 E1102.5467
G1 X120.561 Y99.184 E1102.56643
G1 X121.617 Y99.389 E1102.58522
G1 X122.721 Y99.678 E1102.60514
G1 X123.749 Y100.01 E1102.62401
G1 X124.817 Y100.43 E1102.64405
G1 X125.83 Y100.896 E1102.66352
G1 X126.766 Y101.402 E1102.6821
G1 X127.724 Y101.992 E1102.70174
G1 X128.653 Y102.644 E1102.72156
G1 X129.523 Y103.344 E1102.74106
G1 X130.33 Y104.072 E1102.76004
G1 X131.118 Y104.868 E1102.77959
G1 X131.845 Y105.702 E1102.79891
G1 X132.525 Y106.584 E1102.81836
G1 X133.138 Y107.486 E1102.8374
G1 X133.72 Y108.455 E1102.85714
G1 X134.234 Y109.448 E1102.87667
G1 X134.681 Y110.452 E1102.89586
G1 X135.065 Y111.477 E1102.91497
G1 X135.409 Y112.581 E1102.93516
G1 X135.662 Y113.616 E1102.95377
G1 X135.86 Y114.712 E1102.97321
G1 X135.994 Y115.816 E1102.99263
G1 X136.066 Y116.967 E1103.01277
G1 X136.066 Y118.033 E1103.03138
G1 X135.998 Y119.136 E1103.05068
G1 X135.86 Y120.28 E1103.0708
G1 X135.67 Y121.34 E1103.08961
G1 X135.405 Y122.416 E1103.10896
G1 X135.143 Y123.283 E1103.12477
G1 X135.153 Y123.296 E1103.12506
G1 X134.681 Y124.54 E1103.14829
G1 X134.234 Y125.545 E1103.1675
G1 X133.72 Y126.541 E1103.18707
G1 X133.15 Y127.49 E1103.2064
G1 X132.529 Y128.404 E1103.22569
G1 X131.841 Y129.298 E1103.24539
G1 X131.114 Y130.132 E1103.26471
G1 X130.334 Y130.92 E1103.28407
G1 X129.524 Y131.651 E1103.30312
G1 X128.649 Y132.347 E1103.32265
G1 X127.72 Y133.004 E1103.34252
G1 X126.775 Y133.586 E1103.3619
G1 X125.83 Y134.096 E1103.38065
G1 X124.817 Y134.562 E1103.40012
G1 X123.749 Y134.986 E1103.42018
G1 X122.725 Y135.314 E1103.43896
G1 X121.613 Y135.607 E1103.45904
G1 X120.561 Y135.812 E1103.47775
G1 X119.441 Y135.963 E1103.49749
G1 X118.314 Y136.05 E1103.51722
G1 X117.236 Y136.065 E1103.53605
G1 X116.092 Y136.01 E1103.55605
G1 X115.032 Y135.903 E1103.57465
G1 X113.913 Y135.717 E1103.59446
G1 X112.813 Y135.464 E1103.61417
G1 X111.781 Y135.164 E1103.63293
G1 X110.733 Y134.792 E1103.65235
G1 X109.697 Y134.349 E1103.67203
G1 X108.692 Y133.843 E1103.69168
G1 X107.755 Y133.305 E1103.71054
G1 X106.798 Y132.672 E1103.73058
G1 X105.923 Y132.015 E1103.74968
G1 X105.069 Y131.295 E1103.76919
G1 X104.27 Y130.528 E1103.78853
G1 X103.515 Y129.713 E1103.80793
G1 X102.811 Y128.855 E1103.82731
G1 X102.154 Y127.949 E1103.84685
G1 X101.549 Y127.004 E1103.86644
G1 X101.031 Y126.067 E1103.88514
G1 X100.528 Y125.03 E1103.90526
G1 X100.109 Y124.006 E1103.92458
G1 X99.757 Y122.966 E1103.94375
G1 X99.457 Y121.877 E1103.96348
G1 X99.227 Y120.81 E1103.98254
G1 X99.061 Y119.695 E1104.00222
G1 X98.966 Y118.627 E1104.02095
G1 X98.931 Y117.515 E1104.04037
G1 X98.931 Y117.5 E1104.04063
G1 F1500 E1103.04063
G0 F9000 X102.428 Y127.969
G1 F1500 E1104.04063
G1 F1800 X107.037 Y132.578 E1104.15445
G1 X107.111 Y132.652
G0 F9000 X108.602 Y133.549
G1 F1800 X101.458 Y126.405 E1104.33087
G1 X101.384 Y126.331
G0 F9000 X100.841 Y125.194
G1 F1800 X109.82 Y134.173 E1104.5526
G1 X109.894 Y134.247
G0 F9000 X110.852 Y134.611
G1 F1800 X100.397 Y124.156 E1104.81078
G1 X100.323 Y124.082
G0 F9000 X100.07 Y123.235
G1 F1800 X111.773 Y134.938 E1105.09978
G1 X111.847 Y135.012
G0 F9000 X112.618 Y135.189
G1 F1800 X99.815 Y122.386 E1105.41594
G0 F9000 X99.609 Y121.586
G1 F1800 X113.409 Y135.385 E1105.75671
G0 F9000 X114.162 Y135.545
G1 F1800 X99.446 Y120.829 E1106.12011
G0 F9000 X99.338 Y120.127
G1 F1800 X114.875 Y135.664 E1106.50379
G0 F9000 X115.549 Y135.744
G1 F1800 X99.25 Y119.444 E1106.90629
G0 F9000 X99.192 Y118.793
G1 F1800 X116.203 Y135.804 E1107.32637
G0 F9000 X116.827 Y135.835
G1 F1800 X99.162 Y118.169 E1107.76261
G0 F9000 X99.142 Y117.555
G1 F1800 X117.439 Y135.852 E1108.21444
G0 F9000 X118.025 Y135.844
G1 F1800 X99.158 Y116.977 E1108.68035
G0 F9000 X99.176 Y116.401
G1 F1800 X118.592 Y135.818 E1109.15983
G0 F9000 X119.144 Y135.775
G1 F1800 X99.223 Y115.854 E1109.65177
G0 F9000 X99.271 Y115.309
G1 F1800 X119.681 Y135.719 E1110.15578
G0 F9000 X120.205 Y135.649
G1 F1800 X99.349 Y114.792 E1110.67082
G0 F9000 X99.426 Y114.275
G1 F1800 X120.719 Y135.568 E1111.19664
G0 F9000 X121.215 Y135.47
G1 F1800 X99.528 Y113.783 E1111.73218
G0 F9000 X99.633 Y113.295
G1 F1800 X121.704 Y135.366 E1112.27721
G0 F9000 X122.175 Y135.242
G1 F1800 X99.757 Y112.824 E1112.83081
G0 F9000 X99.885 Y112.359
G1 F1800 X122.644 Y135.117 E1113.39282
G0 F9000 X123.095 Y134.975
G1 F1800 X100.022 Y111.902 E1113.96259
G0 F9000 X100.172 Y111.457
G1 F1800 X123.545 Y134.83 E1114.53978
G0 F9000 X123.977 Y134.668
G1 F1800 X100.324 Y111.015 E1115.12387
G0 F9000 X100.496 Y110.594
G1 F1800 X124.402 Y134.499 E1115.7142
G0 F9000 X124.823 Y134.327
G1 F1800 X100.669 Y110.172 E1116.31068
G0 F9000 X100.856 Y109.766
G1 F1800 X125.23 Y134.14 E1116.91258
G0 F9000 X125.637 Y133.953
G1 F1800 X101.051 Y109.366 E1117.51973
G0 F9000 X101.247 Y108.969
G1 F1800 X126.028 Y133.75 E1118.13169
G0 F9000 X126.414 Y133.541
G1 F1800 X101.459 Y108.586 E1118.74793
G0 F9000 X101.67 Y108.204
G1 F1800 X114.07 Y120.603 E1119.05413
G0 F9000 X114.372 Y120.905
G1 F1800 X126.793 Y133.327 E1119.36087
G0 F9000 X127.161 Y133.101
G1 F1800 X115.925 Y121.865 E1119.63834
G0 F9000 X116.72 Y122.066
G1 F1800 X127.529 Y132.875 E1119.90526
G0 F9000 X127.881 Y132.633
G1 F1800 X117.378 Y122.129 E1120.16464
G0 F9000 X117.948 Y122.105
G1 F1800 X128.229 Y132.387 E1120.41853
G0 F9000 X128.575 Y132.138
G1 F1800 X118.462 Y122.026 E1120.66826
G0 F9000 X118.933 Y121.902
G1 F1800 X128.905 Y131.875 E1120.91452
G0 F9000 X129.236 Y131.612
G1 F1800 X119.37 Y121.745 E1121.15817
G0 F9000 X119.757 Y121.539
G1 F1800 X129.556 Y131.338 E1121.40015
G0 F9000 X129.869 Y131.057
G1 F1800 X120.126 Y121.314 E1121.64075
G0 F9000 X120.467 Y121.061
G1 F1800 X130.18 Y130.774 E1121.8806
G0 F9000 X130.477 Y130.477
G1 F1800 X120.772 Y120.772 E1122.12026
G0 F9000 X121.064 Y120.47
G1 F1800 X130.773 Y130.179 E1122.36002
G0 F9000 X131.062 Y129.874
G1 F1800 X121.312 Y120.124 E1122.60079
G0 F9000 X121.544 Y119.762
G1 F1800 X131.339 Y129.557 E1122.84267
G0 F9000 X131.615 Y129.239
G1 F1800 X121.743 Y119.367 E1123.08645
G0 F9000 X121.903 Y118.933
G1 F1800 X131.878 Y128.908 E1123.33278
G0 F9000 X132.136 Y128.572
G1 F1800 X122.034 Y118.47 E1123.58224
G0 F9000 X122.116 Y117.958
G1 F1800 X132.392 Y128.234 E1123.836
G0 F9000 X132.632 Y127.88
G1 F1800 X122.131 Y117.379 E1124.09532
G0 F9000 X122.062 Y116.716
G1 F1800 X132.872 Y127.526 E1124.36227
G0 F9000 X133.102 Y127.163
G1 F1800 X121.856 Y115.916 E1124.63999
G1 X121.782 Y115.842
G0 F9000 X121.089 Y114.556
G1 F1800 X133.325 Y126.791 E1124.94214
G0 F9000 X133.547 Y126.419
G1 F1800 X108.583 Y101.455 E1125.55861
G0 F9000 X108.206 Y101.673
G1 F1800 X120.47 Y113.937 E1125.86146
G1 X120.544 Y114.011
G0 F9000 X119.088 Y113.148
G1 F1800 X107.831 Y101.891 E1126.13945
G0 F9000 X107.474 Y102.128
G1 F1800 X118.279 Y112.933 E1126.40627
G0 F9000 X117.624 Y112.872
G1 F1800 X107.117 Y102.365 E1126.66573
G0 F9000 X106.768 Y102.61
G1 F1800 X117.046 Y112.888 E1126.91954
G0 F9000 X116.533 Y112.97
G1 F1800 X106.429 Y102.865 E1127.16907
G0 F9000 X106.09 Y103.12
G1 F1800 X116.064 Y113.094 E1127.41537
G0 F9000 X115.637 Y113.261
G1 F1800 X105.767 Y103.391 E1127.6591
G0 F9000 X105.445 Y103.663
G1 F1800 X115.232 Y113.45 E1127.90079
G0 F9000 X114.873 Y113.685
G1 F1800 X105.128 Y103.94 E1128.14143
G0 F9000 X104.824 Y104.23
G1 F1800 X114.535 Y113.941 E1128.38124
G0 F9000 X114.222 Y114.222
G1 F1800 X104.52 Y104.52 E1128.62083
G0 F9000 X104.228 Y104.822
G1 F1800 X113.945 Y114.539 E1128.86078
G0 F9000 X113.682 Y114.869
G1 F1800 X103.94 Y105.128 E1129.10134
G0 F9000 X103.655 Y105.437
G1 F1800 X113.461 Y115.243 E1129.34349
G0 F9000 X113.262 Y115.637
G1 F1800 X103.388 Y105.764 E1129.58731
G0 F9000 X103.122 Y106.091
G1 F1800 X113.088 Y116.057 E1129.83342
G0 F9000 X112.972 Y116.536
G1 F1800 X102.864 Y106.428 E1130.08303
G0 F9000 X102.613 Y106.77
G1 F1800 X112.892 Y117.05 E1130.33688
G0 F9000 X112.872 Y117.624
G1 F1800 X102.361 Y107.113 E1130.59644
G0 F9000 X102.127 Y107.473
G1 F1800 X112.928 Y118.274 E1130.86316
G1 X113.002 Y118.348
G0 F9000 X113.157 Y119.097
G1 F1800 X101.896 Y107.836 E1131.14125
G1 X101.822 Y107.762
G1 F1500 E1130.14125
G0 F9000 X108.969 Y101.247
G1 F1500 E1131.14125
G1 F1800 X133.749 Y126.028 E1131.75319
G0 F9000 X133.951 Y125.636
G1 F1800 X109.365 Y101.049 E1132.36033
G0 F9000 X109.761 Y100.851
G1 F1800 X134.144 Y125.234 E1132.96246
G0 F9000 X134.326 Y124.823
G1 F1800 X110.175 Y100.671 E1133.55886
G0 F9000 X110.592 Y100.494
G1 F1800 X134.507 Y124.409 E1134.14943
G0 F9000 X134.67 Y123.978
G1 F1800 X111.017 Y100.326 E1134.73351
G0 F9000 X111.453 Y100.167
G1 F1800 X134.833 Y123.547 E1135.31087
G0 F9000 X134.98 Y123.1
G1 F1800 X111.891 Y100.012 E1135.88103
G0 F9000 X112.352 Y99.879
G1 F1800 X135.117 Y122.644 E1136.44319
G0 F9000 X135.247 Y122.18
G1 F1800 X112.814 Y99.747 E1136.99716
G0 F9000 X113.295 Y99.634
G1 F1800 X135.364 Y121.703 E1137.54214
G0 F9000 X135.477 Y121.222
G1 F1800 X113.779 Y99.524 E1138.07796
G0 F9000 X114.28 Y99.431
G1 F1800 X135.568 Y120.719 E1138.60366
G0 F9000 X135.657 Y120.214
G1 F1800 X114.789 Y99.346 E1139.11898
G0 F9000 X115.312 Y99.275
G1 F1800 X135.721 Y119.683 E1139.62295
G0 F9000 X135.785 Y119.154
G1 F1800 X115.85 Y99.218 E1140.11525
G0 F9000 X116.403 Y99.177
G1 F1800 X135.821 Y118.596 E1140.59478
G0 F9000 X135.856 Y118.037
G1 F1800 X116.97 Y99.151 E1141.06116
G0 F9000 X117.556 Y99.143
G1 F1800 X135.856 Y117.443 E1141.51306
G0 F9000 X135.848 Y116.841
G1 F1800 X118.161 Y99.154 E1141.94983
G0 F9000 X118.795 Y99.194
G1 F1800 X135.808 Y116.207 E1142.36996
G0 F9000 X135.75 Y115.555
G1 F1800 X119.441 Y99.246 E1142.7727
G0 F9000 X120.127 Y99.338
G1 F1800 X135.669 Y114.88 E1143.1565
G0 F9000 X135.548 Y114.165
G1 F1800 X120.835 Y99.452 E1143.51983
G0 F9000 X121.572 Y99.595
G1 F1800 X135.399 Y113.422 E1143.86128
G0 F9000 X135.207 Y112.636
G1 F1800 X122.376 Y99.805 E1144.17813
G1 X122.302 Y99.731
G0 F9000 X123.227 Y100.063
G1 F1800 X134.936 Y111.772 E1144.46728
G1 X135.01 Y111.846
G0 F9000 X134.605 Y110.846
G1 F1800 X124.153 Y100.394 E1144.72538
G1 X124.079 Y100.32
G0 F9000 X125.181 Y100.828
G1 F1800 X134.168 Y109.815 E1144.94731
G1 X134.242 Y109.889
G0 F9000 X133.574 Y108.627
G1 F1800 X126.378 Y101.432 E1145.125
G1 X126.304 Y101.358
G0 F9000 X127.942 Y102.401
G1 F1800 X132.583 Y107.043 E1145.23962
G1 X132.657 Y107.117
G1 F1500 E1144.23962
;MESH:NONMESH
G0 F600 X132.657 Y107.117 Z2.42
G0 F9000 X98.555 Y117.5
;TIME_ELAPSED:2455.126487
;LAYER:23
;TYPE:WALL-INNER
;MESH:ranella v1.stl
G1 F1500 E1145.23962
G1 F1800 X98.555 Y117.507 E1145.23974
G1 X98.589 Y118.641 E1145.25955
G1 X98.688 Y119.751 E1145.27901
G1 X98.858 Y120.891 E1145.29914
G1 X99.092 Y121.981 E1145.3186
G1 X99.4 Y123.09 E1145.3387
G1 X99.761 Y124.148 E1145.35822
G1 X100.188 Y125.197 E1145.378
G1 X100.689 Y126.236 E1145.39814
G1 X101.23 Y127.208 E1145.41756
G1 X101.848 Y128.172 E1145.43756
G1 X102.512 Y129.09 E1145.45734
G1 X103.232 Y129.965 E1145.47713
G1 X104.005 Y130.799 E1145.49699
G1 X104.815 Y131.575 E1145.51657
G1 X105.695 Y132.318 E1145.53668
G1 X106.589 Y132.989 E1145.5562
G1 X107.549 Y133.622 E1145.57628
G1 X108.515 Y134.179 E1145.59575
G1 X109.543 Y134.695 E1145.61584
G1 X110.588 Y135.142 E1145.63568
G1 X111.656 Y135.524 E1145.65549
G1 X112.728 Y135.834 E1145.67498
G1 X113.84 Y136.089 E1145.6949
G1 X114.973 Y136.278 E1145.71495
G1 X116.075 Y136.392 E1145.7343
G1 X117.226 Y136.445 E1145.75442
G1 X118.344 Y136.43 E1145.77394
G1 X119.482 Y136.343 E1145.79387
G1 X120.616 Y136.191 E1145.81385
G1 X121.709 Y135.976 E1145.8333
G1 X122.825 Y135.683 E1145.85345
G1 X123.889 Y135.339 E1145.87298
G1 X124.958 Y134.918 E1145.89304
G1 X125.99 Y134.44 E1145.9129
G1 X126.971 Y133.913 E1145.93234
G1 X127.937 Y133.319 E1145.95214
G1 X128.876 Y132.656 E1145.97222
G1 X129.763 Y131.947 E1145.99204
G1 X130.59 Y131.2 E1146.0115
G1 X131.402 Y130.381 E1146.03164
G1 X132.139 Y129.533 E1146.05126
G1 X132.833 Y128.634 E1146.07109
G1 X133.467 Y127.705 E1146.09073
G1 X134.058 Y126.72 E1146.11079
G1 X134.573 Y125.721 E1146.13041
G1 X135.032 Y124.693 E1146.15007
G1 X135.437 Y123.612 E1146.17023
G1 X135.771 Y122.528 E1146.19004
G1 X136.04 Y121.43 E1146.20978
G1 X136.237 Y120.331 E1146.22927
G1 X136.377 Y119.184 E1146.24945
G1 X136.446 Y118.056 E1146.26918
G1 X136.446 Y116.945 E1146.28858
G1 X136.374 Y115.793 E1146.30874
G1 X136.237 Y114.665 E1146.32858
G1 X136.036 Y113.551 E1146.34835
G1 X135.771 Y112.469 E1146.3678
G1 X135.429 Y111.364 E1146.388
G1 X135.036 Y110.311 E1146.40762
G1 X134.573 Y109.276 E1146.42742
G1 X134.058 Y108.279 E1146.44701
G1 X133.466 Y107.29 E1146.46714
G1 X132.829 Y106.353 E1146.48693
G1 X132.148 Y105.472 E1146.50637
G1 X131.402 Y104.62 E1146.52614
G1 X130.589 Y103.795 E1146.54637
G1 X129.763 Y103.049 E1146.5658
G1 X128.877 Y102.341 E1146.58561
G1 X127.934 Y101.678 E1146.60574
G1 X126.967 Y101.082 E1146.62557
G1 X125.989 Y100.556 E1146.64496
G1 X124.959 Y100.079 E1146.66478
G1 X123.886 Y99.658 E1146.68491
G1 X122.821 Y99.313 E1146.70446
G1 X121.714 Y99.025 E1146.72443
G1 X120.616 Y98.809 E1146.74397
G1 X119.482 Y98.657 E1146.76395
G1 X118.342 Y98.57 E1146.78391
G1 X117.224 Y98.551 E1146.80344
G1 X116.076 Y98.604 E1146.82351
G1 X114.969 Y98.721 E1146.84294
G1 X113.839 Y98.907 E1146.86294
G1 X112.728 Y99.162 E1146.88284
G1 X111.657 Y99.471 E1146.90231
G1 X110.589 Y99.858 E1146.92214
G1 X109.545 Y100.302 E1146.94195
G1 X108.514 Y100.818 E1146.96209
G1 X107.55 Y101.374 E1146.98152
G1 X106.589 Y102.011 E1147.00165
G1 X105.695 Y102.678 E1147.02113
G1 X104.816 Y103.425 E1147.04127
G1 X104.012 Y104.194 E1147.0607
G1 X103.232 Y105.032 E1147.08069
G1 X102.516 Y105.906 E1147.10042
G1 X101.848 Y106.825 E1147.12025
G1 X101.23 Y107.788 E1147.14023
G1 X100.689 Y108.76 E1147.15966
G1 X100.188 Y109.799 E1147.1798
G1 X99.761 Y110.848 E1147.19958
G1 X99.4 Y111.906 E1147.2191
G1 X99.093 Y113.019 E1147.23926
G1 X98.858 Y114.109 E1147.25873
G1 X98.688 Y115.245 E1147.27879
G1 X98.589 Y116.355 E1147.29825
G1 X98.555 Y117.5 E1147.31825
G0 F9000 X98.135 Y117.5
G1 F1800 X98.135 Y117.507 E1147.31837
G1 X98.17 Y118.666 E1147.33862
G1 X98.27 Y119.801 E1147.35851
G1 X98.445 Y120.967 E1147.3791
G1 X98.684 Y122.081 E1147.399
G1 X98.999 Y123.214 E1147.41953
G1 X99.367 Y124.295 E1147.43947
G1 X99.804 Y125.368 E1147.4597
G1 X100.316 Y126.429 E1147.48027
G1 X100.869 Y127.424 E1147.50015
G1 X101.501 Y128.409 E1147.52058
G1 X102.179 Y129.346 E1147.54078
G1 X102.915 Y130.241 E1147.56101
G1 X103.706 Y131.093 E1147.58131
G1 X104.534 Y131.887 E1147.60135
G1 X105.433 Y132.646 E1147.62189
G1 X106.347 Y133.332 E1147.64184
G1 X107.328 Y133.979 E1147.66236
G1 X108.315 Y134.549 E1147.68227
G1 X109.366 Y135.076 E1147.7028
G1 X110.435 Y135.533 E1147.7231
G1 X111.527 Y135.924 E1147.74335
G1 X112.623 Y136.241 E1147.76327
G1 X113.759 Y136.501 E1147.78362
G1 X114.917 Y136.695 E1147.80412
G1 X116.043 Y136.811 E1147.82389
G1 X117.219 Y136.865 E1147.84445
G1 X118.363 Y136.85 E1147.86442
G1 X119.526 Y136.761 E1147.88479
G1 X120.685 Y136.606 E1147.90521
G1 X121.803 Y136.385 E1147.92511
G1 X122.943 Y136.087 E1147.94569
G1 X124.031 Y135.734 E1147.96566
G1 X125.123 Y135.304 E1147.98615
G1 X126.178 Y134.816 E1148.00645
G1 X127.181 Y134.277 E1148.02633
G1 X128.168 Y133.669 E1148.04657
G1 X129.129 Y132.992 E1148.0671
G1 X130.035 Y132.267 E1148.08736
G1 X130.88 Y131.504 E1148.10724
G1 X131.71 Y130.667 E1148.12782
G1 X132.464 Y129.8 E1148.14789
G1 X133.173 Y128.881 E1148.16816
G1 X133.821 Y127.932 E1148.18822
G1 X134.425 Y126.925 E1148.20873
G1 X134.951 Y125.903 E1148.2288
G1 X135.42 Y124.852 E1148.24889
G1 X135.835 Y123.748 E1148.26949
G1 X136.176 Y122.64 E1148.28973
G1 X136.451 Y121.517 E1148.30992
G1 X136.652 Y120.394 E1148.32984
G1 X136.796 Y119.222 E1148.35046
G1 X136.866 Y118.069 E1148.37063
G1 X136.866 Y116.932 E1148.39048
G1 X136.792 Y115.754 E1148.41109
G1 X136.652 Y114.602 E1148.43136
G1 X136.447 Y113.463 E1148.45157
G1 X136.176 Y112.357 E1148.47145
G1 X135.827 Y111.228 E1148.49208
G1 X135.424 Y110.152 E1148.51215
G1 X134.952 Y109.094 E1148.53238
G1 X134.425 Y108.075 E1148.55241
G1 X133.82 Y107.064 E1148.57298
G1 X133.169 Y106.107 E1148.59319
G1 X132.473 Y105.205 E1148.61309
G1 X131.71 Y104.334 E1148.63331
G1 X130.88 Y103.492 E1148.65395
G1 X130.035 Y102.729 E1148.67383
G1 X129.129 Y102.005 E1148.69408
G1 X128.165 Y101.327 E1148.71466
G1 X127.177 Y100.718 E1148.73493
G1 X126.177 Y100.18 E1148.75476
G1 X125.124 Y99.692 E1148.77502
G1 X124.027 Y99.262 E1148.7956
G1 X122.939 Y98.91 E1148.81556
G1 X121.807 Y98.615 E1148.83599
G1 X120.685 Y98.394 E1148.85596
G1 X119.526 Y98.239 E1148.87638
G1 X118.362 Y98.15 E1148.89676
G1 X117.218 Y98.131 E1148.91674
G1 X116.044 Y98.185 E1148.93726
G1 X114.913 Y98.305 E1148.95712
G1 X113.758 Y98.495 E1148.97756
G1 X112.623 Y98.755 E1148.99789
G1 X111.527 Y99.072 E1149.01781
G1 X110.435 Y99.467 E1149.03809
G1 X109.369 Y99.921 E1149.05832
G1 X108.315 Y100.448 E1149.0789
G1 X107.328 Y101.016 E1149.09879
G1 X106.347 Y101.668 E1149.11935
G1 X105.433 Y102.35 E1149.13927
G1 X104.535 Y103.113 E1149.15984
G1 X103.713 Y103.899 E1149.1797
G1 X102.915 Y104.755 E1149.20014
G1 X102.183 Y105.649 E1149.22031
G1 X101.501 Y106.588 E1149.24058
G1 X100.869 Y107.572 E1149.261
G1 X100.316 Y108.567 E1149.28088
G1 X99.804 Y109.628 E1149.30145
G1 X99.367 Y110.701 E1149.32168
G1 X98.999 Y111.782 E1149.34162
G1 X98.685 Y112.919 E1149.36221
G1 X98.444 Y114.034 E1149.38213
G1 X98.27 Y115.195 E1149.40263
G1 X98.17 Y116.33 E1149.42253
G1 X98.135 Y117.5 E1149.44297
G1 F1500 E1148.44297
G0 F9000 X98.425 Y117.5
G0 X113.453 Y117.5
G1 F1500 E1149.44297
G1 F1800 X113.45 Y117.468 E1149.44353
G1 X113.497 Y116.884 E1149.45376
G1 X113.645 Y116.257 E1149.46501
G1 X113.873 Y115.698 E1149.47555
G1 X114.202 Y115.154 E1149.48665
G1 X114.617 Y114.657 E1149.49796
G1 X115.026 Y114.296 E1149.50748
G1 X115.555 Y113.943 E1149.51859
G1 X116.141 Y113.68 E1149.5298
G1 X116.757 Y113.519 E1149.54092
G1 X117.277 Y113.455 E1149.55007
G1 X117.933 Y113.472 E1149.56153
G1 X118.598 Y113.597 E1149.57334
G1 X119.174 Y113.806 E1149.58404
G1 X119.683 Y114.085 E1149.59418
G1 X120.172 Y114.452 E1149.60486
G1 X120.633 Y114.926 E1149.6164
G1 X120.982 Y115.429 E1149.62709
G1 X121.272 Y116.011 E1149.63845
G1 X121.451 Y116.575 E1149.64878
G1 X121.545 Y117.202 E1149.65985
G1 X121.545 Y117.796 E1149.67022
G1 X121.445 Y118.434 E1149.6815
G1 X121.248 Y119.045 E1149.69271
G1 X120.981 Y119.577 E1149.7031
G1 X120.613 Y120.098 E1149.71424
G1 X120.205 Y120.52 E1149.72449
G1 X119.683 Y120.911 E1149.73588
G1 X119.14 Y121.204 E1149.74665
G1 X118.598 Y121.398 E1149.7567
G1 X117.958 Y121.521 E1149.76808
G1 X117.353 Y121.55 E1149.77866
G1 X116.724 Y121.475 E1149.78972
G1 X116.129 Y121.315 E1149.80048
G1 X115.571 Y121.058 E1149.81121
G1 X115.048 Y120.725 E1149.82203
G1 X114.574 Y120.295 E1149.83321
G1 X114.193 Y119.833 E1149.84367
G1 X113.869 Y119.291 E1149.85469
G1 X113.636 Y118.709 E1149.86564
G1 X113.504 Y118.158 E1149.87553
G1 X113.453 Y117.5 E1149.88706
G0 F9000 X113.871 Y117.5
G1 F1800 X113.87 Y117.481 E1149.88739
G1 X113.912 Y116.946 E1149.89676
G1 X114.037 Y116.41 E1149.90637
G1 X114.236 Y115.92 E1149.9156
G1 X114.521 Y115.431 E1149.92549
G1 X114.908 Y114.96 E1149.93613
G1 X115.291 Y114.622 E1149.94505
G1 X115.766 Y114.307 E1149.955
G1 X116.312 Y114.07 E1149.9654
G1 X116.787 Y113.941 E1149.97399
G1 X117.332 Y113.872 E1149.98358
G1 X117.901 Y113.891 E1149.99353
G1 X118.427 Y113.987 E1150.00286
G1 X118.977 Y114.179 E1150.01303
G1 X119.463 Y114.443 E1150.02269
G1 X119.904 Y114.775 E1150.03233
G1 X120.308 Y115.192 E1150.04247
G1 X120.607 Y115.621 E1150.0516
G1 X120.864 Y116.122 E1150.06143
G1 X121.03 Y116.637 E1150.07088
G1 X121.124 Y117.209 E1150.081
G1 X121.124 Y117.79 E1150.09115
G1 X121.042 Y118.311 E1150.10036
G1 X120.864 Y118.873 E1150.11065
G1 X120.634 Y119.334 E1150.11965
G1 X120.296 Y119.822 E1150.13001
G1 X119.894 Y120.233 E1150.14005
G1 X119.481 Y120.541 E1150.14905
G1 X119.024 Y120.795 E1150.15818
G1 X118.477 Y120.996 E1150.16835
G1 X117.936 Y121.101 E1150.17798
G1 X117.358 Y121.126 E1150.18808
G1 X116.787 Y121.059 E1150.19812
G1 X116.299 Y120.926 E1150.20695
G1 X115.769 Y120.688 E1150.21709
G1 X115.331 Y120.408 E1150.22617
G1 X114.923 Y120.05 E1150.23565
G1 X114.541 Y119.594 E1150.24604
G1 X114.259 Y119.123 E1150.25562
G1 X114.043 Y118.604 E1150.26544
G1 X113.912 Y118.054 E1150.27531
G1 X113.871 Y117.5 E1150.28501
G0 F9000 X114.291 Y117.5
;TYPE:WALL-OUTER
G1 F1800 X114.29 Y117.483 E1150.28531
G1 X114.331 Y116.992 E1150.29391
G1 X114.445 Y116.516 E1150.30246
G1 X114.626 Y116.076 E1150.31077
G1 X114.877 Y115.654 E1150.31934
G1 X115.204 Y115.258 E1150.32831
G1 X115.573 Y114.936 E1150.33686
G1 X115.982 Y114.672 E1150.34536
G1 X116.432 Y114.473 E1150.35395
G1 X116.893 Y114.348 E1150.36229
G1 X117.369 Y114.29 E1150.37067
G1 X117.88 Y114.311 E1150.3796
G1 X118.357 Y114.402 E1150.38808
G1 X118.821 Y114.569 E1150.39669
G1 X119.26 Y114.812 E1150.40545
G1 X119.635 Y115.098 E1150.41368
G1 X119.987 Y115.463 E1150.42254
G1 X120.268 Y115.873 E1150.43122
G1 X120.483 Y116.299 E1150.43955
G1 X120.632 Y116.779 E1150.44833
G1 X120.706 Y117.254 E1150.45672
G1 X120.704 Y117.766 E1150.46566
G1 X120.629 Y118.234 E1150.47394
G1 X120.483 Y118.697 E1150.48241
G1 X120.261 Y119.141 E1150.49108
G1 X119.979 Y119.546 E1150.4997
G1 X119.632 Y119.905 E1150.50842
G1 X119.243 Y120.195 E1150.51689
G1 X118.809 Y120.432 E1150.52552
G1 X118.35 Y120.596 E1150.53404
G1 X117.88 Y120.685 E1150.54239
G1 X117.369 Y120.706 E1150.55132
G1 X116.887 Y120.651 E1150.55979
G1 X116.405 Y120.518 E1150.56852
G1 X115.968 Y120.318 E1150.57691
G1 X115.547 Y120.045 E1150.58567
G1 X115.181 Y119.714 E1150.59429
G1 X114.871 Y119.332 E1150.60288
G1 X114.626 Y118.92 E1150.61125
G1 X114.435 Y118.449 E1150.62013
G1 X114.328 Y117.992 E1150.62832
G1 X114.291 Y117.5 E1150.63694
G0 F9000 X114.29 Y117.483
G0 X114.305 Y117.301
G1 F1500 E1149.63694
G0 F9000 X113.602 Y117.246
G0 X98.425 Y117.5
G0 X97.715 Y117.5
G1 F1500 E1150.63694
G1 F1800 X97.715 Y117.507 E1150.63706
G1 X97.75 Y118.691 E1150.65774
G1 X97.853 Y119.851 E1150.67808
G1 X98.031 Y121.042 E1150.69911
G1 X98.276 Y122.181 E1150.71945
G1 X98.597 Y123.338 E1150.74042
G1 X98.973 Y124.442 E1150.76078
G1 X99.42 Y125.538 E1150.78145
G1 X99.943 Y126.623 E1150.80248
G1 X100.509 Y127.64 E1150.8228
G1 X101.154 Y128.645 E1150.84366
G1 X101.847 Y129.603 E1150.8643
G1 X102.599 Y130.517 E1150.88497
G1 X103.406 Y131.388 E1150.9057
G1 X104.253 Y132.199 E1150.92618
G1 X105.171 Y132.975 E1150.94717
G1 X106.105 Y133.676 E1150.96756
G1 X107.107 Y134.337 E1150.98852
G1 X108.116 Y134.919 E1151.00886
G1 X109.189 Y135.457 E1151.02982
G1 X110.281 Y135.924 E1151.05056
G1 X111.397 Y136.324 E1151.07126
G1 X112.517 Y136.648 E1151.09162
G1 X113.677 Y136.913 E1151.1124
G1 X114.861 Y137.111 E1151.13336
G1 X116.012 Y137.23 E1151.15356
G1 X117.212 Y137.285 E1151.17454
G1 X118.382 Y137.27 E1151.19497
G1 X119.57 Y137.179 E1151.21578
G1 X120.753 Y137.02 E1151.23662
G1 X121.897 Y136.795 E1151.25698
G1 X123.061 Y136.49 E1151.27799
G1 X124.173 Y136.13 E1151.2984
G1 X125.289 Y135.69 E1151.31935
G1 X126.366 Y135.192 E1151.34007
G1 X127.391 Y134.641 E1151.36039
G1 X128.4 Y134.02 E1151.38107
G1 X129.381 Y133.328 E1151.40204
G1 X130.307 Y132.587 E1151.42275
G1 X131.17 Y131.808 E1151.44305
G1 X132.018 Y130.953 E1151.46407
G1 X132.789 Y130.066 E1151.4846
G1 X133.513 Y129.128 E1151.50529
G1 X134.175 Y128.158 E1151.52579
G1 X134.792 Y127.129 E1151.54674
G1 X135.33 Y126.085 E1151.56725
G1 X135.809 Y125.012 E1151.58777
G1 X136.233 Y123.884 E1151.60881
G1 X136.581 Y122.752 E1151.62949
G1 X136.862 Y121.604 E1151.65013
G1 X137.068 Y120.456 E1151.67049
G1 X137.214 Y119.26 E1151.69153
G1 X137.286 Y118.081 E1151.71216
G1 X137.286 Y116.919 E1151.73245
G1 X137.21 Y115.716 E1151.7535
G1 X137.068 Y114.54 E1151.77418
G1 X136.858 Y113.376 E1151.79484
G1 X136.581 Y112.245 E1151.81517
G1 X136.225 Y111.092 E1151.83624
G1 X135.813 Y109.992 E1151.85675
G1 X135.33 Y108.912 E1151.87741
G1 X134.792 Y107.871 E1151.89787
G1 X134.174 Y106.838 E1151.91889
G1 X133.509 Y105.86 E1151.93954
G1 X132.797 Y104.938 E1151.95988
G1 X132.018 Y104.048 E1151.98053
G1 X131.17 Y103.188 E1152.00162
G1 X130.307 Y102.409 E1152.02193
G1 X129.381 Y101.669 E1152.04262
G1 X128.396 Y100.976 E1152.06365
G1 X127.387 Y100.354 E1152.08435
G1 X126.365 Y99.804 E1152.10462
G1 X125.289 Y99.306 E1152.12532
G1 X124.169 Y98.866 E1152.14633
G1 X123.057 Y98.506 E1152.16674
G1 X121.901 Y98.205 E1152.1876
G1 X120.753 Y97.98 E1152.20803
G1 X119.57 Y97.821 E1152.22887
G1 X118.382 Y97.73 E1152.24968
G1 X117.212 Y97.711 E1152.27011
G1 X116.012 Y97.766 E1152.29108
G1 X114.857 Y97.889 E1152.31137
G1 X113.677 Y98.083 E1152.33225
G1 X112.517 Y98.348 E1152.35302
G1 X111.397 Y98.672 E1152.37338
G1 X110.281 Y99.076 E1152.39411
G1 X109.193 Y99.539 E1152.41475
G1 X108.116 Y100.078 E1152.43578
G1 X107.107 Y100.659 E1152.45612
G1 X106.105 Y101.324 E1152.47711
G1 X105.171 Y102.021 E1152.49746
G1 X104.253 Y102.801 E1152.5185
G1 X103.414 Y103.604 E1152.53878
G1 X102.599 Y104.479 E1152.55966
G1 X101.851 Y105.393 E1152.58028
G1 X101.154 Y106.351 E1152.60097
G1 X100.509 Y107.356 E1152.62182
G1 X99.943 Y108.373 E1152.64214
G1 X99.42 Y109.458 E1152.66318
G1 X98.973 Y110.554 E1152.68384
G1 X98.597 Y111.658 E1152.70421
G1 X98.277 Y112.819 E1152.72524
G1 X98.031 Y113.958 E1152.74559
G1 X97.853 Y115.145 E1152.76654
G1 X97.75 Y116.305 E1152.78688
G1 X97.715 Y117.5 E1152.80775
G0 F9000 X97.715 Y117.507
G0 X97.72 Y117.699
G1 F1500 E1151.80775
G0 F9000 X98.43 Y117.679
G0 X113.074 Y117.5
;TYPE:SKIN
G1 F1500 E1152.80775
G1 F1800 X113.121 Y118.177 E1152.8196
G1 X113.273 Y118.84 E1152.83148
G1 X113.522 Y119.434 E1152.84273
G1 X113.871 Y120.038 E1152.85491
G1 X114.331 Y120.589 E1152.86744
G1 X114.816 Y121.021 E1152.87878
G1 X115.363 Y121.379 E1152.8902
G1 X115.976 Y121.66 E1152.90197
G1 X116.651 Y121.847 E1152.9142
G1 X117.321 Y121.922 E1152.92598
G1 X118.004 Y121.893 E1152.93791
G1 X118.654 Y121.78 E1152.94943
G1 X119.314 Y121.544 E1152.96167
G1 X119.883 Y121.231 E1152.97301
G1 X120.411 Y120.841 E1152.98448
G1 X120.899 Y120.343 E1152.99665
G1 X121.301 Y119.781 E1153.00872
G1 X121.619 Y119.149 E1153.02107
G1 X121.815 Y118.513 E1153.03269
G1 X121.92 Y117.858 E1153.04427
G1 X121.922 Y117.179 E1153.05613
G1 X121.817 Y116.49 E1153.0683
G1 X121.625 Y115.878 E1153.0795
G1 X121.305 Y115.231 E1153.0921
G1 X120.923 Y114.681 E1153.1038
G1 X120.45 Y114.185 E1153.11577
G1 X119.96 Y113.812 E1153.12652
G1 X119.344 Y113.464 E1153.13887
G1 X118.65 Y113.216 E1153.15174
G1 X118.048 Y113.103 E1153.16244
G1 X117.315 Y113.066 E1153.17525
G1 X116.697 Y113.144 E1153.18613
G1 X116.019 Y113.32 E1153.19836
G1 X115.353 Y113.622 E1153.21113
G1 X114.821 Y113.968 E1153.22221
G1 X114.316 Y114.414 E1153.23398
G1 X113.854 Y114.987 E1153.24683
G1 X113.534 Y115.529 E1153.25782
G1 X113.276 Y116.148 E1153.26953
G1 X113.123 Y116.808 E1153.28136
G1 X113.07 Y117.443 E1153.29249
G1 X113.074 Y117.5 E1153.29348
G1 F1500 E1152.29348
G0 F9000 X98.931 Y117.5
G1 F1500 E1153.29348
G1 F1800 X98.966 Y116.369 E1153.31324
G1 X99.061 Y115.297 E1153.33203
G1 X99.227 Y114.186 E1153.35165
G1 X99.457 Y113.119 E1153.37071
G1 X99.765 Y112.006 E1153.39087
G1 X100.109 Y110.986 E1153.40967
G1 X100.528 Y109.962 E1153.42899
G1 X101.031 Y108.925 E1153.44912
G1 X101.549 Y107.988 E1153.46781
G1 X102.162 Y107.031 E1153.48766
G1 X102.863 Y106.077 E1153.50833
G1 X103.507 Y105.287 E1153.52613
G1 X104.286 Y104.452 E1153.54607
G1 X105.061 Y103.713 E1153.56476
G1 X105.94 Y102.969 E1153.58487
G1 X106.814 Y102.312 E1153.60397
G1 X107.739 Y101.699 E1153.62334
G1 X108.684 Y101.154 E1153.64239
G1 X109.713 Y100.639 E1153.66248
G1 X110.737 Y100.204 E1153.68191
G1 X111.781 Y99.824 E1153.70131
G1 X112.813 Y99.528 E1153.72006
G1 X113.909 Y99.279 E1153.73968
G1 X115.029 Y99.093 E1153.75951
G1 X116.096 Y98.982 E1153.77824
G1 X117.232 Y98.927 E1153.7981
G1 X118.313 Y98.946 E1153.81698
G1 X119.441 Y99.033 E1153.83673
G1 X120.561 Y99.184 E1153.85647
G1 X121.617 Y99.389 E1153.87525
G1 X122.721 Y99.678 E1153.89518
G1 X123.749 Y100.01 E1153.91404
G1 X124.817 Y100.43 E1153.93408
G1 X125.83 Y100.896 E1153.95355
G1 X126.766 Y101.402 E1153.97213
G1 X127.724 Y101.992 E1153.99178
G1 X128.653 Y102.644 E1154.0116
G1 X129.523 Y103.344 E1154.03109
G1 X130.33 Y104.072 E1154.05007
G1 X131.118 Y104.868 E1154.06963
G1 X131.845 Y105.702 E1154.08895
G1 X132.525 Y106.584 E1154.1084
G1 X133.138 Y107.486 E1154.12744
G1 X133.72 Y108.455 E1154.14718
G1 X134.234 Y109.448 E1154.1667
G1 X134.681 Y110.452 E1154.18589
G1 X135.065 Y111.477 E1154.20501
G1 X135.409 Y112.581 E1154.2252
G1 X135.662 Y113.616 E1154.2438
G1 X135.86 Y114.712 E1154.26325
G1 X135.994 Y115.816 E1154.28267
G1 X136.066 Y116.967 E1154.30281
G1 X136.066 Y118.033 E1154.32142
G1 X135.998 Y119.136 E1154.34072
G1 X135.86 Y120.28 E1154.36084
G1 X135.67 Y121.34 E1154.37964
G1 X135.405 Y122.416 E1154.39899
G1 X135.143 Y123.283 E1154.41481
G1 X135.153 Y123.296 E1154.41509
G1 X134.681 Y124.54 E1154.43833
G1 X134.234 Y125.545 E1154.45753
G1 X133.72 Y126.541 E1154.4771
G1 X133.15 Y127.49 E1154.49643
G1 X132.529 Y128.404 E1154.51573
G1 X131.841 Y129.298 E1154.53543
G1 X131.114 Y130.132 E1154.55475
G1 X130.334 Y130.92 E1154.57411
G1 X129.524 Y131.651 E1154.59316
G1 X128.649 Y132.347 E1154.61268
G1 X127.72 Y133.004 E1154.63255
G1 X126.775 Y133.586 E1154.65193
G1 X125.83 Y134.096 E1154.67068
G1 X124.817 Y134.562 E1154.69015
G1 X123.749 Y134.986 E1154.71022
G1 X122.725 Y135.314 E1154.72899
G1 X121.613 Y135.607 E1154.74907
G1 X120.561 Y135.812 E1154.76779
G1 X119.441 Y135.963 E1154.78752
G1 X118.314 Y136.05 E1154.80726
G1 X117.236 Y136.065 E1154.82608
G1 X116.092 Y136.01 E1154.84608
G1 X115.032 Y135.903 E1154.86469
G1 X113.913 Y135.717 E1154.88449
G1 X112.813 Y135.464 E1154.9042
G1 X111.781 Y135.164 E1154.92297
G1 X110.733 Y134.792 E1154.94239
G1 X109.697 Y134.349 E1154.96206
G1 X108.692 Y133.843 E1154.98171
G1 X107.755 Y133.305 E1155.00058
G1 X106.798 Y132.672 E1155.02061
G1 X105.923 Y132.015 E1155.03972
G1 X105.069 Y131.295 E1155.05922
G1 X104.27 Y130.528 E1155.07856
G1 X103.515 Y129.713 E1155.09796
G1 X102.811 Y128.855 E1155.11734
G1 X102.154 Y127.949 E1155.13689
G1 X101.549 Y127.004 E1155.15648
G1 X101.031 Y126.067 E1155.17517
G1 X100.528 Y125.03 E1155.1953
G1 X100.109 Y124.006 E1155.21462
G1 X99.757 Y122.966 E1155.23379
G1 X99.457 Y121.877 E1155.25351
G1 X99.227 Y120.81 E1155.27257
G1 X99.061 Y119.695 E1155.29226
G1 X98.966 Y118.627 E1155.31098
G1 X98.931 Y117.515 E1155.33041
G1 X98.931 Y117.5 E1155.33067
G1 F1500 E1154.33067
G0 F9000 X103.843 Y105.234
G1 F1500 E1155.33067
G1 F1800 X105.247 Y103.83 E1155.36534
G1 X105.321 Y103.756
G0 F9000 X107.682 Y101.989
G1 F1800 X102.006 Y107.665 E1155.50551
G1 X101.932 Y107.739
G0 F9000 X101.194 Y109.071
G1 F1800 X109.069 Y101.196 E1155.69997
G1 X109.143 Y101.122
G0 F9000 X110.198 Y100.661
G1 F1800 X100.657 Y110.203 E1155.9356
G1 X100.583 Y110.277
G0 F9000 X100.262 Y111.191
G1 F1800 X111.192 Y100.261 E1156.20551
G1 X111.266 Y100.187
G0 F9000 X112.095 Y99.952
G1 F1800 X99.962 Y112.085 E1156.50512
G1 X99.888 Y112.159
G0 F9000 X99.735 Y112.907
G1 F1800 X112.924 Y99.718 E1156.83082
G0 F9000 X113.692 Y99.543
G1 F1800 X99.551 Y113.684 E1157.18002
G0 F9000 X99.404 Y114.425
G1 F1800 X114.423 Y99.406 E1157.55091
G0 F9000 X115.13 Y99.293
G1 F1800 X99.3 Y115.123 E1157.94182
G0 F9000 X99.229 Y115.788
G1 F1800 X115.793 Y99.224 E1158.35086
G0 F9000 X116.436 Y99.175
G1 F1800 X99.175 Y116.436 E1158.77711
G0 F9000 X99.156 Y117.049
G1 F1800 X117.059 Y99.146 E1159.21921
G0 F9000 X117.655 Y99.144
G1 F1800 X99.146 Y117.653 E1159.67628
G0 F9000 X99.164 Y118.229
G1 F1800 X118.238 Y99.155 E1160.1473
G0 F9000 X118.793 Y99.194
G1 F1800 X99.192 Y118.795 E1160.63133
G0 F9000 X99.241 Y119.34
G1 F1800 X119.345 Y99.236 E1161.12779
G0 F9000 X119.872 Y99.303
G1 F1800 X99.301 Y119.874 E1161.63578
G0 F9000 X99.378 Y120.391
G1 F1800 X120.396 Y99.373 E1162.1548
G0 F9000 X120.899 Y99.464
G1 F1800 X99.462 Y120.9 E1162.68417
G0 F9000 X99.567 Y121.39
G1 F1800 X121.396 Y99.561 E1163.22322
G0 F9000 X121.877 Y99.674
G1 F1800 X99.675 Y121.876 E1163.77148
G0 F9000 X99.803 Y122.341
G1 F1800 X122.348 Y99.797 E1164.32821
G0 F9000 X122.811 Y99.928
G1 F1800 X99.932 Y122.807 E1164.89319
G0 F9000 X100.078 Y123.255
G1 F1800 X123.26 Y100.073 E1165.46566
G0 F9000 X123.708 Y100.219
G1 F1800 X100.227 Y123.699 E1166.04549
G0 F9000 X100.388 Y124.133
G1 F1800 X124.134 Y100.387 E1166.63188
G0 F9000 X124.56 Y100.554
G1 F1800 X100.561 Y124.553 E1167.22453
G0 F9000 X100.735 Y124.973
G1 F1800 X124.975 Y100.733 E1167.82312
G0 F9000 X125.382 Y100.92
G1 F1800 X100.929 Y125.374 E1168.42698
G0 F9000 X101.123 Y125.774
G1 F1800 X125.787 Y101.11 E1169.03604
G0 F9000 X126.172 Y101.319
G1 F1800 X101.326 Y126.165 E1169.6496
G0 F9000 X101.538 Y126.547
G1 F1800 X126.557 Y101.528 E1170.26743
G0 F9000 X126.928 Y101.75
G1 F1800 X115.22 Y113.458 E1170.55655
G1 X115.146 Y113.532
G0 F9000 X116.219 Y113.054
G1 F1800 X127.296 Y101.976 E1170.8301
G0 F9000 X127.662 Y102.204
G1 F1800 X116.967 Y112.899 E1171.09421
G0 F9000 X117.589 Y112.871
G1 F1800 X128.011 Y102.449 E1171.35158
G0 F9000 X128.36 Y102.695
G1 F1800 X118.146 Y112.909 E1171.6038
G0 F9000 X118.645 Y113.003
G1 F1800 X128.698 Y102.95 E1171.85206
G0 F9000 X129.028 Y103.214
G1 F1800 X119.092 Y113.151 E1172.09743
G0 F9000 X119.513 Y113.323
G1 F1800 X129.357 Y103.479 E1172.34052
G0 F9000 X129.671 Y103.759
G1 F1800 X119.894 Y113.536 E1172.58196
G0 F9000 X120.253 Y113.771
G1 F1800 X129.983 Y104.041 E1172.82224
G0 F9000 X130.289 Y104.329
G1 F1800 X120.589 Y114.029 E1173.06177
G0 F9000 X120.88 Y114.332
G1 F1800 X130.584 Y104.628 E1173.30141
G0 F9000 X130.88 Y104.926
G1 F1800 X121.156 Y114.65 E1173.54154
G0 F9000 X121.4 Y115
G1 F1800 X131.162 Y105.238 E1173.7826
G0 F9000 X131.438 Y105.555
G1 F1800 X121.614 Y115.38 E1174.02521
G0 F9000 X121.811 Y115.777
G1 F1800 X131.713 Y105.875 E1174.26974
G0 F9000 X131.972 Y106.21
G1 F1800 X121.954 Y116.228 E1174.51712
G0 F9000 X122.063 Y116.713
G1 F1800 X132.23 Y106.545 E1174.7682
G0 F9000 X132.479 Y106.891
G1 F1800 X122.131 Y117.238 E1175.02373
G0 F9000 X122.131 Y117.833
G1 F1800 X132.72 Y107.244 E1175.28522
G0 F9000 X132.96 Y107.598
G1 F1800 X122.025 Y118.533 E1175.55525
G1 X121.951 Y118.607
G0 F9000 X121.702 Y119.45
G1 F1800 X133.183 Y107.969 E1175.83877
G0 F9000 X133.406 Y108.339
G1 F1800 X108.344 Y133.402 E1176.45767
G0 F9000 X108.721 Y133.618
G1 F1800 X133.621 Y108.719 E1177.07255
G0 F9000 X133.823 Y109.111
G1 F1800 X109.113 Y133.821 E1177.68275
G0 F9000 X109.508 Y134.019
G1 F1800 X134.025 Y109.503 E1178.28817
G0 F9000 X134.21 Y109.911
G1 F1800 X109.91 Y134.212 E1178.88825
G0 F9000 X110.326 Y134.39
G1 F1800 X134.393 Y110.322 E1179.48259
G0 F9000 X134.566 Y110.744
G1 F1800 X110.741 Y134.568 E1180.07092
G0 F9000 X111.176 Y134.727
G1 F1800 X134.727 Y111.176 E1180.6525
G0 F9000 X134.886 Y111.611
G1 F1800 X111.615 Y134.883 E1181.22717
G0 F9000 X112.064 Y135.028
G1 F1800 X135.027 Y112.064 E1181.79424
G0 F9000 X135.168 Y112.517
G1 F1800 X112.523 Y135.162 E1182.35345
G0 F9000 X112.989 Y135.29
G1 F1800 X135.292 Y112.987 E1182.9042
G0 F9000 X135.409 Y113.464
G1 F1800 X113.472 Y135.401 E1183.44592
G0 F9000 X113.956 Y135.511
G1 F1800 X135.51 Y113.957 E1183.97819
G0 F9000 X135.6 Y114.461
G1 F1800 X114.465 Y135.596 E1184.5001
G0 F9000 X114.974 Y135.681
G1 F1800 X135.68 Y114.976 E1185.01141
G0 F9000 X135.744 Y115.505
G1 F1800 X115.509 Y135.74 E1185.5111
G0 F9000 X116.049 Y135.794
G1 F1800 X135.798 Y116.045 E1185.99879
G0 F9000 X135.832 Y116.605
G1 F1800 X116.613 Y135.824 E1186.4734
G0 F9000 X117.18 Y135.851
G1 F1800 X135.856 Y117.175 E1186.93459
G0 F9000 X135.856 Y117.769
G1 F1800 X117.777 Y135.848 E1187.38104
G0 F9000 X118.385 Y135.835
G1 F1800 X135.834 Y118.385 E1187.81194
G0 F9000 X135.795 Y119.018
G1 F1800 X119.028 Y135.785 E1188.22599
G0 F9000 X119.688 Y135.719
G1 F1800 X135.72 Y119.687 E1188.62189
G0 F9000 X135.629 Y120.371
G1 F1800 X120.375 Y135.626 E1188.99859
G0 F9000 X121.101 Y135.494
G1 F1800 X135.5 Y121.095 E1189.35417
G0 F9000 X135.324 Y121.865
G1 F1800 X121.865 Y135.324 E1189.68653
G0 F9000 X122.672 Y135.111
G1 F1800 X135.107 Y122.676 E1189.99361
G1 X135.181 Y122.602
G0 F9000 X134.834 Y123.543
G1 F1800 X123.546 Y134.83 E1190.27234
G1 X123.472 Y134.904
G0 F9000 X124.515 Y134.456
G1 F1800 X134.467 Y124.504 E1190.5181
G1 X134.541 Y124.43
G0 F9000 X133.976 Y125.589
G1 F1800 X125.589 Y133.976 E1190.72521
G1 X125.515 Y134.05
G0 F9000 X126.89 Y133.268
G1 F1800 X133.259 Y126.9 E1190.88248
G1 X133.333 Y126.826
G0 F9000 X131.984 Y128.769
G1 F1800 X128.768 Y131.984 E1190.96188
G1 X128.694 Y132.058
G1 F1500 E1189.96188
G0 F9000 X119.435 Y121.717
G1 F1500 E1190.96188
G1 F1800 X107.966 Y133.186 E1191.2451
G0 F9000 X107.604 Y132.954
G1 F1800 X118.547 Y122.011 E1191.51534
G0 F9000 X117.856 Y122.108
G1 F1800 X107.247 Y132.717 E1191.77732
G0 F9000 X106.891 Y132.479
G1 F1800 X117.245 Y122.124 E1192.03302
G0 F9000 X116.712 Y122.064
G1 F1800 X106.552 Y132.224 E1192.28391
G0 F9000 X106.212 Y131.969
G1 F1800 X116.233 Y121.949 E1192.53136
G0 F9000 X115.787 Y121.801
G1 F1800 X105.881 Y131.706 E1192.77597
G0 F9000 X105.559 Y131.435
G1 F1800 X115.379 Y121.615 E1193.01847
G0 F9000 X115.005 Y121.395
G1 F1800 X105.237 Y131.163 E1193.25969
G0 F9000 X104.933 Y130.873
G1 F1800 X114.652 Y121.154 E1193.49969
G0 F9000 X114.338 Y120.874
G1 F1800 X104.629 Y130.583 E1193.73945
G0 F9000 X104.332 Y130.286
G1 F1800 X114.044 Y120.574 E1193.97928
G0 F9000 X113.773 Y120.251
G1 F1800 X104.047 Y129.978 E1194.21947
G0 F9000 X103.762 Y129.669
G1 F1800 X113.543 Y119.887 E1194.46102
G0 F9000 X113.328 Y119.508
G1 F1800 X103.488 Y129.348 E1194.70401
G0 F9000 X103.22 Y129.022
G1 F1800 X113.153 Y119.089 E1194.9493
G0 F9000 X113.011 Y118.638
G1 F1800 X102.954 Y128.694 E1195.19764
G0 F9000 X102.704 Y128.35
G1 F1800 X112.909 Y118.145 E1195.44965
G0 F9000 X112.869 Y117.591
G1 F1800 X102.455 Y128.005 E1195.70681
G0 F9000 X102.214 Y127.652
G1 F1800 X112.898 Y116.968 E1195.97065
G0 F9000 X113.042 Y116.23
G1 F1800 X101.982 Y127.29 E1196.24377
G0 F9000 X101.751 Y126.928
G1 F1800 X113.496 Y115.182 E1196.53382
G1 X113.57 Y115.108
G1 F1500 E1195.53382
;MESH:NONMESH
G0 F600 X113.57 Y115.108 Z2.52
G0 F9000 X98.555 Y117.5
;TIME_ELAPSED:2562.574554
;LAYER:24
;TYPE:WALL-INNER
;MESH:ranella v1.stl
G1 F1500 E1196.53382
G1 F1800 X98.555 Y117.507 E1196.53394
G1 X98.589 Y118.641 E1196.55375
G1 X98.688 Y119.751 E1196.57321
G1 X98.858 Y120.891 E1196.59333
G1 X99.092 Y121.981 E1196.6128
G1 X99.4 Y123.09 E1196.6329
G1 X99.761 Y124.148 E1196.65242
G1 X100.188 Y125.197 E1196.6722
G1 X100.689 Y126.236 E1196.69234
G1 X101.23 Y127.208 E1196.71176
G1 X101.848 Y128.172 E1196.73176
G1 X102.512 Y129.09 E1196.75154
G1 X103.232 Y129.965 E1196.77133
G1 X104.005 Y130.799 E1196.79118
G1 X104.815 Y131.575 E1196.81077
G1 X105.695 Y132.318 E1196.83088
G1 X106.589 Y132.989 E1196.8504
G1 X107.549 Y133.622 E1196.87048
G1 X108.515 Y134.179 E1196.88995
G1 X109.543 Y134.695 E1196.91003
G1 X110.588 Y135.142 E1196.92988
G1 X111.656 Y135.524 E1196.94969
G1 X112.728 Y135.834 E1196.96917
G1 X113.84 Y136.089 E1196.98909
G1 X114.973 Y136.278 E1197.00915
G1 X116.075 Y136.392 E1197.0285
G1 X117.226 Y136.445 E1197.04862
G1 X118.344 Y136.43 E1197.06814
G1 X119.482 Y136.343 E1197.08807
G1 X120.616 Y136.191 E1197.10805
G1 X121.709 Y135.976 E1197.1275
G1 X122.825 Y135.683 E1197.14765
G1 X123.889 Y135.339 E1197.16717
G1 X124.958 Y134.918 E1197.18723
G1 X125.99 Y134.44 E1197.20709
G1 X126.971 Y133.913 E1197.22654
G1 X127.937 Y133.319 E1197.24634
G1 X128.876 Y132.656 E1197.26641
G1 X129.763 Y131.947 E1197.28624
G1 X130.59 Y131.2 E1197.3057
G1 X131.402 Y130.381 E1197.32584
G1 X132.139 Y129.533 E1197.34546
G1 X132.833 Y128.634 E1197.36529
G1 X133.467 Y127.705 E1197.38493
G1 X134.058 Y126.72 E1197.40499
G1 X134.573 Y125.721 E1197.42461
G1 X135.032 Y124.693 E1197.44427
G1 X135.437 Y123.612 E1197.46443
G1 X135.771 Y122.528 E1197.48423
G1 X136.04 Y121.43 E1197.50397
G1 X136.237 Y120.331 E1197.52347
G1 X136.377 Y119.184 E1197.54365
G1 X136.446 Y118.056 E1197.56338
G1 X136.446 Y116.945 E1197.58278
G1 X136.374 Y115.793 E1197.60293
G1 X136.237 Y114.665 E1197.62278
G1 X136.036 Y113.551 E1197.64254
G1 X135.771 Y112.469 E1197.66199
G1 X135.429 Y111.364 E1197.68219
G1 X135.036 Y110.311 E1197.70182
G1 X134.573 Y109.276 E1197.72162
G1 X134.058 Y108.279 E1197.74121
G1 X133.466 Y107.29 E1197.76134
G1 X132.829 Y106.353 E1197.78112
G1 X132.148 Y105.472 E1197.80057
G1 X131.402 Y104.62 E1197.82034
G1 X130.589 Y103.795 E1197.84057
G1 X129.763 Y103.049 E1197.86
G1 X128.877 Y102.341 E1197.8798
G1 X127.934 Y101.678 E1197.89993
G1 X126.967 Y101.082 E1197.91977
G1 X125.989 Y100.556 E1197.93916
G1 X124.959 Y100.079 E1197.95898
G1 X123.886 Y99.658 E1197.97911
G1 X122.821 Y99.313 E1197.99865
G1 X121.714 Y99.025 E1198.01863
G1 X120.616 Y98.809 E1198.03817
G1 X119.482 Y98.657 E1198.05815
G1 X118.342 Y98.57 E1198.07811
G1 X117.224 Y98.551 E1198.09764
G1 X116.076 Y98.604 E1198.1177
G1 X114.969 Y98.721 E1198.13714
G1 X113.839 Y98.907 E1198.15714
G1 X112.728 Y99.162 E1198.17704
G1 X111.657 Y99.471 E1198.19651
G1 X110.589 Y99.858 E1198.21634
G1 X109.545 Y100.302 E1198.23615
G1 X108.514 Y100.818 E1198.25628
G1 X107.55 Y101.374 E1198.27572
G1 X106.589 Y102.011 E1198.29585
G1 X105.695 Y102.678 E1198.31532
G1 X104.816 Y103.425 E1198.33547
G1 X104.012 Y104.194 E1198.35489
G1 X103.232 Y105.032 E1198.37488
G1 X102.516 Y105.906 E1198.39461
G1 X101.848 Y106.825 E1198.41445
G1 X101.23 Y107.788 E1198.43443
G1 X100.689 Y108.76 E1198.45386
G1 X100.188 Y109.799 E1198.474
G1 X99.761 Y110.848 E1198.49377
G1 X99.4 Y111.906 E1198.51329
G1 X99.093 Y113.019 E1198.53346
G1 X98.858 Y114.109 E1198.55293
G1 X98.688 Y115.245 E1198.57298
G1 X98.589 Y116.355 E1198.59244
G1 X98.555 Y117.5 E1198.61244
G0 F9000 X98.135 Y117.5
G1 F1800 X98.135 Y117.507 E1198.61257
G1 X98.17 Y118.666 E1198.63281
G1 X98.27 Y119.801 E1198.65271
G1 X98.445 Y120.967 E1198.6733
G1 X98.684 Y122.081 E1198.69319
G1 X98.999 Y123.214 E1198.71373
G1 X99.367 Y124.295 E1198.73367
G1 X99.804 Y125.368 E1198.7539
G1 X100.316 Y126.429 E1198.77447
G1 X100.869 Y127.424 E1198.79435
G1 X101.501 Y128.409 E1198.81478
G1 X102.179 Y129.346 E1198.83498
G1 X102.915 Y130.241 E1198.85521
G1 X103.706 Y131.093 E1198.87551
G1 X104.534 Y131.887 E1198.89554
G1 X105.433 Y132.646 E1198.91609
G1 X106.347 Y133.332 E1198.93604
G1 X107.328 Y133.979 E1198.95656
G1 X108.315 Y134.549 E1198.97646
G1 X109.366 Y135.076 E1198.99699
G1 X110.435 Y135.533 E1199.01729
G1 X111.527 Y135.924 E1199.03755
G1 X112.623 Y136.241 E1199.05747
G1 X113.759 Y136.501 E1199.07782
G1 X114.917 Y136.695 E1199.09832
G1 X116.043 Y136.811 E1199.11809
G1 X117.219 Y136.865 E1199.13864
G1 X118.363 Y136.85 E1199.15862
G1 X119.526 Y136.761 E1199.17899
G1 X120.685 Y136.606 E1199.19941
G1 X121.803 Y136.385 E1199.21931
G1 X122.943 Y136.087 E1199.23988
G1 X124.031 Y135.734 E1199.25986
G1 X125.123 Y135.304 E1199.28035
G1 X126.178 Y134.816 E1199.30065
G1 X127.181 Y134.277 E1199.32053
G1 X128.168 Y133.669 E1199.34077
G1 X129.129 Y132.992 E1199.3613
G1 X130.035 Y132.267 E1199.38156
G1 X130.88 Y131.504 E1199.40144
G1 X131.71 Y130.667 E1199.42202
G1 X132.464 Y129.8 E1199.44209
G1 X133.173 Y128.881 E1199.46235
G1 X133.821 Y127.932 E1199.48242
G1 X134.425 Y126.925 E1199.50292
G1 X134.951 Y125.903 E1199.52299
G1 X135.42 Y124.852 E1199.54309
G1 X135.835 Y123.748 E1199.56368
G1 X136.176 Y122.64 E1199.58393
G1 X136.451 Y121.517 E1199.60412
G1 X136.652 Y120.394 E1199.62404
G1 X136.796 Y119.222 E1199.64466
G1 X136.866 Y118.069 E1199.66483
G1 X136.866 Y116.932 E1199.68468
G1 X136.792 Y115.754 E1199.70529
G1 X136.652 Y114.602 E1199.72555
G1 X136.447 Y113.463 E1199.74576
G1 X136.176 Y112.357 E1199.76565
G1 X135.827 Y111.228 E1199.78628
G1 X135.424 Y110.152 E1199.80634
G1 X134.952 Y109.094 E1199.82657
G1 X134.425 Y108.075 E1199.84661
G1 X133.82 Y107.064 E1199.86718
G1 X133.169 Y106.107 E1199.88739
G1 X132.473 Y105.205 E1199.90728
G1 X131.71 Y104.334 E1199.9275
G1 X130.88 Y103.492 E1199.94815
G1 X130.035 Y102.729 E1199.96803
G1 X129.129 Y102.005 E1199.98828
G1 X128.165 Y101.327 E1200.00886
G1 X127.177 Y100.718 E1200.02912
G1 X126.177 Y100.18 E1200.04895
G1 X125.124 Y99.692 E1200.06922
G1 X124.027 Y99.262 E1200.08979
G1 X122.939 Y98.91 E1200.10976
G1 X121.807 Y98.615 E1200.13019
G1 X120.685 Y98.394 E1200.15016
G1 X119.526 Y98.239 E1200.17057
G1 X118.362 Y98.15 E1200.19096
G1 X117.218 Y98.131 E1200.21094
G1 X116.044 Y98.185 E1200.23146
G1 X114.913 Y98.305 E1200.25132
G1 X113.758 Y98.495 E1200.27176
G1 X112.623 Y98.755 E1200.29209
G1 X111.527 Y99.072 E1200.31201
G1 X110.435 Y99.467 E1200.33229
G1 X109.369 Y99.921 E1200.35252
G1 X108.315 Y100.448 E1200.3731
G1 X107.328 Y101.016 E1200.39298
G1 X106.347 Y101.668 E1200.41355
G1 X105.433 Y102.35 E1200.43346
G1 X104.535 Y103.113 E1200.45404
G1 X103.713 Y103.899 E1200.4739
G1 X102.915 Y104.755 E1200.49433
G1 X102.183 Y105.649 E1200.51451
G1 X101.501 Y106.588 E1200.53477
G1 X100.869 Y107.572 E1200.5552
G1 X100.316 Y108.567 E1200.57507
G1 X99.804 Y109.628 E1200.59564
G1 X99.367 Y110.701 E1200.61587
G1 X98.999 Y111.782 E1200.63581
G1 X98.685 Y112.919 E1200.65641
G1 X98.444 Y114.034 E1200.67633
G1 X98.27 Y115.195 E1200.69683
G1 X98.17 Y116.33 E1200.71673
G1 X98.135 Y117.5 E1200.73716
G1 F1500 E1199.73716
G0 F9000 X98.425 Y117.5
G0 X113.453 Y117.5
G1 F1500 E1200.73716
G1 F1800 X113.45 Y117.468 E1200.73773
G1 X113.497 Y116.884 E1200.74796
G1 X113.645 Y116.257 E1200.75921
G1 X113.873 Y115.698 E1200.76975
G1 X114.202 Y115.154 E1200.78085
G1 X114.617 Y114.657 E1200.79215
G1 X115.026 Y114.296 E1200.80168
G1 X115.555 Y113.943 E1200.81279
G1 X116.141 Y113.68 E1200.824
G1 X116.757 Y113.519 E1200.83512
G1 X117.277 Y113.455 E1200.84427
G1 X117.933 Y113.472 E1200.85573
G1 X118.598 Y113.597 E1200.86754
G1 X119.174 Y113.806 E1200.87824
G1 X119.683 Y114.085 E1200.88838
G1 X120.172 Y114.452 E1200.89905
G1 X120.633 Y114.926 E1200.9106
G1 X120.982 Y115.429 E1200.92129
G1 X121.272 Y116.011 E1200.93264
G1 X121.451 Y116.575 E1200.94298
G1 X121.545 Y117.202 E1200.95405
G1 X121.545 Y117.796 E1200.96442
G1 X121.445 Y118.434 E1200.97569
G1 X121.248 Y119.045 E1200.9869
G1 X120.981 Y119.577 E1200.9973
G1 X120.613 Y120.098 E1201.00844
G1 X120.205 Y120.52 E1201.01869
G1 X119.683 Y120.911 E1201.03007
G1 X119.14 Y121.204 E1201.04085
G1 X118.598 Y121.398 E1201.0509
G1 X117.958 Y121.521 E1201.06228
G1 X117.353 Y121.55 E1201.07286
G1 X116.724 Y121.475 E1201.08392
G1 X116.129 Y121.315 E1201.09468
G1 X115.571 Y121.058 E1201.1054
G1 X115.048 Y120.725 E1201.11623
G1 X114.574 Y120.295 E1201.12741
G1 X114.193 Y119.833 E1201.13786
G1 X113.869 Y119.291 E1201.14889
G1 X113.636 Y118.709 E1201.15984
G1 X113.504 Y118.158 E1201.16973
G1 X113.453 Y117.5 E1201.18125
G0 F9000 X113.871 Y117.5
G1 F1800 X113.87 Y117.481 E1201.18159
G1 X113.912 Y116.946 E1201.19096
G1 X114.037 Y116.41 E1201.20057
G1 X114.236 Y115.92 E1201.2098
G1 X114.521 Y115.431 E1201.21968
G1 X114.908 Y114.96 E1201.23033
G1 X115.291 Y114.622 E1201.23925
G1 X115.766 Y114.307 E1201.2492
G1 X116.312 Y114.07 E1201.25959
G1 X116.787 Y113.941 E1201.26819
G1 X117.332 Y113.872 E1201.27778
G1 X117.901 Y113.891 E1201.28772
G1 X118.427 Y113.987 E1201.29706
G1 X118.977 Y114.179 E1201.30723
G1 X119.463 Y114.443 E1201.31689
G1 X119.904 Y114.775 E1201.32653
G1 X120.308 Y115.192 E1201.33667
G1 X120.607 Y115.621 E1201.3458
G1 X120.864 Y116.122 E1201.35563
G1 X121.03 Y116.637 E1201.36508
G1 X121.124 Y117.209 E1201.3752
G1 X121.124 Y117.79 E1201.38534
G1 X121.042 Y118.311 E1201.39455
G1 X120.864 Y118.873 E1201.40485
G1 X120.634 Y119.334 E1201.41384
G1 X120.296 Y119.822 E1201.42421
G1 X119.894 Y120.233 E1201.43425
G1 X119.481 Y120.541 E1201.44324
G1 X119.024 Y120.795 E1201.45237
G1 X118.477 Y120.996 E1201.46255
G1 X117.936 Y121.101 E1201.47217
G1 X117.358 Y121.126 E1201.48228
G1 X116.787 Y121.059 E1201.49231
G1 X116.275 Y120.918 E1201.50159
G1 X115.769 Y120.688 E1201.51129
G1 X115.331 Y120.408 E1201.52037
G1 X114.923 Y120.05 E1201.52985
G1 X114.541 Y119.594 E1201.54024
G1 X114.259 Y119.123 E1201.54982
G1 X114.043 Y118.604 E1201.55964
G1 X113.912 Y118.054 E1201.56951
G1 X113.871 Y117.5 E1201.57921
G0 F9000 X114.291 Y117.5
;TYPE:WALL-OUTER
G1 F1800 X114.29 Y117.483 E1201.57951
G1 X114.331 Y116.992 E1201.58811
G1 X114.445 Y116.516 E1201.59666
G1 X114.626 Y116.076 E1201.60497
G1 X114.877 Y115.654 E1201.61354
G1 X115.204 Y115.258 E1201.62251
G1 X115.573 Y114.936 E1201.63106
G1 X115.982 Y114.672 E1201.63956
G1 X116.432 Y114.473 E1201.64815
G1 X116.893 Y114.348 E1201.65649
G1 X117.369 Y114.29 E1201.66486
G1 X117.88 Y114.311 E1201.6738
G1 X118.357 Y114.402 E1201.68227
G1 X118.821 Y114.569 E1201.69089
G1 X119.26 Y114.812 E1201.69965
G1 X119.635 Y115.098 E1201.70788
G1 X119.987 Y115.463 E1201.71674
G1 X120.268 Y115.873 E1201.72542
G1 X120.483 Y116.299 E1201.73375
G1 X120.632 Y116.779 E1201.74252
G1 X120.706 Y117.254 E1201.75092
G1 X120.704 Y117.766 E1201.75986
G1 X120.629 Y118.234 E1201.76814
G1 X120.483 Y118.697 E1201.77661
G1 X120.261 Y119.141 E1201.78528
G1 X119.979 Y119.546 E1201.7939
G1 X119.632 Y119.905 E1201.80262
G1 X119.243 Y120.195 E1201.81109
G1 X118.809 Y120.432 E1201.81972
G1 X118.35 Y120.596 E1201.82823
G1 X117.88 Y120.685 E1201.83659
G1 X117.369 Y120.706 E1201.84552
G1 X116.887 Y120.651 E1201.85399
G1 X116.417 Y120.522 E1201.8625
G1 X115.968 Y120.318 E1201.87111
G1 X115.547 Y120.045 E1201.87987
G1 X115.181 Y119.714 E1201.88849
G1 X114.871 Y119.332 E1201.89708
G1 X114.626 Y118.92 E1201.90545
G1 X114.435 Y118.449 E1201.91432
G1 X114.328 Y117.992 E1201.92252
G1 X114.291 Y117.5 E1201.93114
G0 F9000 X114.29 Y117.483
G0 X114.305 Y117.301
G1 F1500 E1200.93114
G0 F9000 X113.602 Y117.246
G0 X98.425 Y117.5
G0 X97.715 Y117.5
G1 F1500 E1201.93114
G1 F1800 X97.715 Y117.507 E1201.93126
G1 X97.75 Y118.691 E1201.95194
G1 X97.853 Y119.851 E1201.97228
G1 X98.031 Y121.042 E1201.9933
G1 X98.276 Y122.181 E1202.01365
G1 X98.597 Y123.338 E1202.03461
G1 X98.973 Y124.442 E1202.05498
G1 X99.42 Y125.538 E1202.07565
G1 X99.943 Y126.623 E1202.09668
G1 X100.509 Y127.64 E1202.117
G1 X101.154 Y128.645 E1202.13785
G1 X101.847 Y129.603 E1202.1585
G1 X102.599 Y130.517 E1202.17917
G1 X103.406 Y131.388 E1202.1999
G1 X104.253 Y132.199 E1202.22038
G1 X105.171 Y132.975 E1202.24137
G1 X106.105 Y133.676 E1202.26176
G1 X107.107 Y134.337 E1202.28272
G1 X108.116 Y134.919 E1202.30306
G1 X109.189 Y135.457 E1202.32402
G1 X110.281 Y135.924 E1202.34476
G1 X111.397 Y136.324 E1202.36546
G1 X112.517 Y136.648 E1202.38582
G1 X113.677 Y136.913 E1202.4066
G1 X114.861 Y137.111 E1202.42756
G1 X116.012 Y137.23 E1202.44776
G1 X117.212 Y137.285 E1202.46874
G1 X118.382 Y137.27 E1202.48917
G1 X119.57 Y137.179 E1202.50997
G1 X120.753 Y137.02 E1202.53082
G1 X121.897 Y136.795 E1202.55118
G1 X123.061 Y136.49 E1202.57219
G1 X124.173 Y136.13 E1202.5926
G1 X125.289 Y135.69 E1202.61354
G1 X126.366 Y135.192 E1202.63426
G1 X127.391 Y134.641 E1202.65458
G1 X128.4 Y134.02 E1202.67527
G1 X129.381 Y133.328 E1202.69623
G1 X130.307 Y132.587 E1202.71694
G1 X131.17 Y131.808 E1202.73724
G1 X132.018 Y130.953 E1202.75827
G1 X132.789 Y130.066 E1202.77879
G1 X133.513 Y129.128 E1202.79948
G1 X134.175 Y128.158 E1202.81999
G1 X134.792 Y127.129 E1202.84094
G1 X135.33 Y126.085 E1202.86145
G1 X135.809 Y125.012 E1202.88197
G1 X136.233 Y123.884 E1202.90301
G1 X136.581 Y122.752 E1202.92369
G1 X136.862 Y121.604 E1202.94433
G1 X137.068 Y120.456 E1202.96469
G1 X137.214 Y119.26 E1202.98573
G1 X137.286 Y118.081 E1203.00636
G1 X137.286 Y116.919 E1203.02665
G1 X137.21 Y115.716 E1203.0477
G1 X137.068 Y114.54 E1203.06838
G1 X136.858 Y113.376 E1203.08903
G1 X136.581 Y112.245 E1203.10937
G1 X136.225 Y111.092 E1203.13044
G1 X135.813 Y109.992 E1203.15095
G1 X135.33 Y108.912 E1203.17161
G1 X134.792 Y107.871 E1203.19207
G1 X134.174 Y106.838 E1203.21309
G1 X133.509 Y105.86 E1203.23374
G1 X132.797 Y104.938 E1203.25408
G1 X132.018 Y104.048 E1203.27473
G1 X131.17 Y103.188 E1203.29582
G1 X130.307 Y102.409 E1203.31612
G1 X129.381 Y101.669 E1203.33682
G1 X128.396 Y100.976 E1203.35785
G1 X127.387 Y100.354 E1203.37855
G1 X126.365 Y99.804 E1203.39881
G1 X125.289 Y99.306 E1203.41952
G1 X124.169 Y98.866 E1203.44053
G1 X123.057 Y98.506 E1203.46094
G1 X121.901 Y98.205 E1203.4818
G1 X120.753 Y97.98 E1203.50223
G1 X119.57 Y97.821 E1203.52307
G1 X118.382 Y97.73 E1203.54387
G1 X117.212 Y97.711 E1203.56431
G1 X116.012 Y97.766 E1203.58528
G1 X114.857 Y97.889 E1203.60556
G1 X113.677 Y98.083 E1203.62644
G1 X112.517 Y98.348 E1203.64722
G1 X111.397 Y98.672 E1203.66758
G1 X110.281 Y99.076 E1203.68831
G1 X109.193 Y99.539 E1203.70895
G1 X108.116 Y100.078 E1203.72998
G1 X107.107 Y100.659 E1203.75031
G1 X106.105 Y101.324 E1203.77131
G1 X105.171 Y102.021 E1203.79166
G1 X104.253 Y102.801 E1203.8127
G1 X103.414 Y103.604 E1203.83298
G1 X102.599 Y104.479 E1203.85386
G1 X101.851 Y105.393 E1203.87448
G1 X101.154 Y106.351 E1203.89517
G1 X100.509 Y107.356 E1203.91602
G1 X99.943 Y108.373 E1203.93634
G1 X99.42 Y109.458 E1203.95737
G1 X98.973 Y110.554 E1203.97804
G1 X98.597 Y111.658 E1203.99841
G1 X98.277 Y112.819 E1204.01944
G1 X98.031 Y113.958 E1204.03978
G1 X97.853 Y115.145 E1204.06074
G1 X97.75 Y116.305 E1204.08108
G1 X97.715 Y117.5 E1204.10195
G0 F9000 X97.715 Y117.507
G0 X97.72 Y117.699
G1 F1500 E1203.10195
G0 F9000 X98.43 Y117.679
G0 X113.074 Y117.5
;TYPE:SKIN
G1 F1500 E1204.10195
G1 F1800 X113.121 Y118.177 E1204.1138
G1 X113.273 Y118.84 E1204.12568
G1 X113.522 Y119.434 E1204.13693
G1 X113.871 Y120.038 E1204.14911
G1 X114.331 Y120.589 E1204.16164
G1 X114.816 Y121.021 E1204.17298
G1 X115.363 Y121.379 E1204.1844
G1 X115.976 Y121.66 E1204.19617
G1 X116.651 Y121.847 E1204.2084
G1 X117.321 Y121.922 E1204.22017
G1 X118.004 Y121.893 E1204.23211
G1 X118.654 Y121.78 E1204.24363
G1 X119.314 Y121.544 E1204.25587
G1 X119.883 Y121.231 E1204.26721
G1 X120.411 Y120.841 E1204.27867
G1 X120.899 Y120.343 E1204.29085
G1 X121.301 Y119.781 E1204.30291
G1 X121.619 Y119.149 E1204.31527
G1 X121.815 Y118.513 E1204.32689
G1 X121.92 Y117.858 E1204.33847
G1 X121.922 Y117.179 E1204.35033
G1 X121.817 Y116.49 E1204.3625
G1 X121.625 Y115.878 E1204.3737
G1 X121.305 Y115.231 E1204.3863
G1 X120.923 Y114.681 E1204.398
G1 X120.45 Y114.185 E1204.40996
G1 X119.96 Y113.812 E1204.42072
G1 X119.344 Y113.464 E1204.43307
G1 X118.65 Y113.216 E1204.44594
G1 X118.048 Y113.103 E1204.45663
G1 X117.315 Y113.066 E1204.46945
G1 X116.697 Y113.144 E1204.48033
G1 X116.019 Y113.32 E1204.49256
G1 X115.353 Y113.622 E1204.50533
G1 X114.821 Y113.968 E1204.51641
G1 X114.316 Y114.414 E1204.52817
G1 X113.854 Y114.987 E1204.54103
G1 X113.534 Y115.529 E1204.55202
G1 X113.276 Y116.148 E1204.56373
G1 X113.123 Y116.808 E1204.57556
G1 X113.07 Y117.443 E1204.58668
G1 X113.074 Y117.5 E1204.58768
G1 F1500 E1203.58768
G0 F9000 X98.931 Y117.5
G1 F1500 E1204.58768
G1 F1800 X98.966 Y116.369 E1204.60744
G1 X99.061 Y115.297 E1204.62623
G1 X99.227 Y114.186 E1204.64585
G1 X99.457 Y113.119 E1204.66491
G1 X99.765 Y112.006 E1204.68507
G1 X100.109 Y110.986 E1204.70387
G1 X100.528 Y109.962 E1204.72319
G1 X101.031 Y108.925 E1204.74331
G1 X101.549 Y107.988 E1204.76201
G1 X102.162 Y107.031 E1204.78185
G1 X102.863 Y106.077 E1204.80253
G1 X103.507 Y105.287 E1204.82032
G1 X104.286 Y104.452 E1204.84026
G1 X105.061 Y103.713 E1204.85896
G1 X105.94 Y102.969 E1204.87907
G1 X106.814 Y102.312 E1204.89816
G1 X107.739 Y101.699 E1204.91754
G1 X108.684 Y101.154 E1204.93659
G1 X109.713 Y100.639 E1204.95668
G1 X110.737 Y100.204 E1204.97611
G1 X111.781 Y99.824 E1204.99551
G1 X112.813 Y99.528 E1205.01426
G1 X113.909 Y99.279 E1205.03388
G1 X115.029 Y99.093 E1205.05371
G1 X116.096 Y98.982 E1205.07244
G1 X117.232 Y98.927 E1205.0923
G1 X118.313 Y98.946 E1205.11118
G1 X119.441 Y99.033 E1205.13093
G1 X120.561 Y99.184 E1205.15067
G1 X121.617 Y99.389 E1205.16945
G1 X122.721 Y99.678 E1205.18938
G1 X123.749 Y100.01 E1205.20824
G1 X124.817 Y100.43 E1205.22828
G1 X125.83 Y100.896 E1205.24775
G1 X126.766 Y101.402 E1205.26633
G1 X127.724 Y101.992 E1205.28598
G1 X128.653 Y102.644 E1205.30579
G1 X129.523 Y103.344 E1205.32529
G1 X130.33 Y104.072 E1205.34427
G1 X131.118 Y104.868 E1205.36383
G1 X131.845 Y105.702 E1205.38315
G1 X132.525 Y106.584 E1205.40259
G1 X133.138 Y107.486 E1205.42164
G1 X133.72 Y108.455 E1205.44138
G1 X134.234 Y109.448 E1205.4609
G1 X134.681 Y110.452 E1205.48009
G1 X135.065 Y111.477 E1205.4992
G1 X135.409 Y112.581 E1205.51939
G1 X135.662 Y113.616 E1205.538
G1 X135.86 Y114.712 E1205.55745
G1 X135.994 Y115.816 E1205.57687
G1 X136.066 Y116.967 E1205.597
G1 X136.066 Y118.033 E1205.61562
G1 X135.998 Y119.136 E1205.63491
G1 X135.86 Y120.28 E1205.65504
G1 X135.67 Y121.34 E1205.67384
G1 X135.405 Y122.416 E1205.69319
G1 X135.143 Y123.283 E1205.70901
G1 X135.153 Y123.296 E1205.70929
G1 X134.681 Y124.54 E1205.73252
G1 X134.234 Y125.545 E1205.75173
G1 X133.72 Y126.541 E1205.7713
G1 X133.15 Y127.49 E1205.79063
G1 X132.529 Y128.404 E1205.80993
G1 X131.841 Y129.298 E1205.82963
G1 X131.114 Y130.132 E1205.84895
G1 X130.334 Y130.92 E1205.86831
G1 X129.524 Y131.651 E1205.88736
G1 X128.649 Y132.347 E1205.90688
G1 X127.72 Y133.004 E1205.92675
G1 X126.775 Y133.586 E1205.94613
G1 X125.83 Y134.096 E1205.96488
G1 X124.817 Y134.562 E1205.98435
G1 X123.749 Y134.986 E1206.00441
G1 X122.725 Y135.314 E1206.02319
G1 X121.613 Y135.607 E1206.04327
G1 X120.561 Y135.812 E1206.06199
G1 X119.441 Y135.963 E1206.08172
G1 X118.314 Y136.05 E1206.10146
G1 X117.236 Y136.065 E1206.12028
G1 X116.092 Y136.01 E1206.14028
G1 X115.032 Y135.903 E1206.15889
G1 X113.913 Y135.717 E1206.17869
G1 X112.813 Y135.464 E1206.1984
G1 X111.781 Y135.164 E1206.21717
G1 X110.733 Y134.792 E1206.23659
G1 X109.697 Y134.349 E1206.25626
G1 X108.692 Y133.843 E1206.27591
G1 X107.755 Y133.305 E1206.29478
G1 X106.798 Y132.672 E1206.31481
G1 X105.923 Y132.015 E1206.33392
G1 X105.069 Y131.295 E1206.35342
G1 X104.27 Y130.528 E1206.37276
G1 X103.515 Y129.713 E1206.39216
G1 X102.811 Y128.855 E1206.41154
G1 X102.154 Y127.949 E1206.43108
G1 X101.549 Y127.004 E1206.45068
G1 X101.031 Y126.067 E1206.46937
G1 X100.528 Y125.03 E1206.4895
G1 X100.109 Y124.006 E1206.50882
G1 X99.757 Y122.966 E1206.52799
G1 X99.457 Y121.877 E1206.54771
G1 X99.227 Y120.81 E1206.56677
G1 X99.061 Y119.695 E1206.58646
G1 X98.966 Y118.627 E1206.60518
G1 X98.931 Y117.515 E1206.62461
G1 X98.931 Y117.5 E1206.62487
G1 F1500 E1205.62487
G0 F9000 X102.428 Y127.969
G1 F1500 E1206.62487
G1 F1800 X107.037 Y132.578 E1206.73868
G1 X107.111 Y132.652
G0 F9000 X108.602 Y133.549
G1 F1800 X101.458 Y126.405 E1206.9151
G1 X101.384 Y126.331
G0 F9000 X100.841 Y125.194
G1 F1800 X109.82 Y134.173 E1207.13683
G1 X109.894 Y134.247
G0 F9000 X110.852 Y134.611
G1 F1800 X100.397 Y124.156 E1207.39501
G1 X100.323 Y124.082
G0 F9000 X100.07 Y123.235
G1 F1800 X111.773 Y134.938 E1207.68401
G1 X111.847 Y135.012
G0 F9000 X112.618 Y135.189
G1 F1800 X99.815 Y122.386 E1208.00017
G0 F9000 X99.609 Y121.586
G1 F1800 X113.409 Y135.385 E1208.34094
G0 F9000 X114.162 Y135.545
G1 F1800 X99.446 Y120.829 E1208.70435
G0 F9000 X99.338 Y120.127
G1 F1800 X114.875 Y135.664 E1209.08802
G0 F9000 X115.549 Y135.744
G1 F1800 X99.25 Y119.444 E1209.49053
G0 F9000 X99.192 Y118.793
G1 F1800 X116.203 Y135.804 E1209.9106
G0 F9000 X116.827 Y135.835
G1 F1800 X99.162 Y118.169 E1210.34684
G0 F9000 X99.142 Y117.555
G1 F1800 X117.439 Y135.852 E1210.79868
G0 F9000 X118.025 Y135.844
G1 F1800 X99.158 Y116.977 E1211.26459
G0 F9000 X99.176 Y116.401
G1 F1800 X118.592 Y135.818 E1211.74406
G0 F9000 X119.144 Y135.775
G1 F1800 X99.223 Y115.854 E1212.236
G0 F9000 X99.271 Y115.309
G1 F1800 X119.681 Y135.719 E1212.74001
G0 F9000 X120.205 Y135.649
G1 F1800 X99.349 Y114.792 E1213.25505
G0 F9000 X99.426 Y114.275
G1 F1800 X120.719 Y135.568 E1213.78087
G0 F9000 X121.215 Y135.47
G1 F1800 X99.528 Y113.783 E1214.31642
G0 F9000 X99.633 Y113.295
G1 F1800 X121.704 Y135.366 E1214.86145
G0 F9000 X122.175 Y135.242
G1 F1800 X99.757 Y112.824 E1215.41505
G0 F9000 X99.885 Y112.359
G1 F1800 X122.644 Y135.117 E1215.97705
G0 F9000 X123.095 Y134.975
G1 F1800 X100.022 Y111.902 E1216.54683
G0 F9000 X100.172 Y111.457
G1 F1800 X123.545 Y134.83 E1217.12401
G0 F9000 X123.977 Y134.668
G1 F1800 X100.324 Y111.015 E1217.70811
G0 F9000 X100.496 Y110.594
G1 F1800 X124.402 Y134.499 E1218.29844
G0 F9000 X124.823 Y134.327
G1 F1800 X100.669 Y110.172 E1218.89492
G0 F9000 X100.856 Y109.766
G1 F1800 X125.23 Y134.14 E1219.49682
G0 F9000 X125.637 Y133.953
G1 F1800 X101.051 Y109.366 E1220.10397
G0 F9000 X101.247 Y108.969
G1 F1800 X126.028 Y133.75 E1220.71592
G0 F9000 X126.414 Y133.541
G1 F1800 X101.459 Y108.586 E1221.33217
G0 F9000 X101.67 Y108.204
G1 F1800 X114.07 Y120.603 E1221.63837
G0 F9000 X114.372 Y120.905
G1 F1800 X126.793 Y133.327 E1221.94511
G0 F9000 X127.161 Y133.101
G1 F1800 X115.925 Y121.865 E1222.22257
G0 F9000 X116.72 Y122.066
G1 F1800 X127.529 Y132.875 E1222.48949
G0 F9000 X127.881 Y132.633
G1 F1800 X117.378 Y122.129 E1222.74887
G0 F9000 X117.948 Y122.105
G1 F1800 X128.229 Y132.387 E1223.00277
G0 F9000 X128.575 Y132.138
G1 F1800 X118.462 Y122.026 E1223.25249
G0 F9000 X118.933 Y121.902
G1 F1800 X128.905 Y131.875 E1223.49875
G0 F9000 X129.236 Y131.612
G1 F1800 X119.37 Y121.745 E1223.7424
G0 F9000 X119.757 Y121.539
G1 F1800 X129.556 Y131.338 E1223.98438
G0 F9000 X129.869 Y131.057
G1 F1800 X120.126 Y121.314 E1224.22498
G0 F9000 X120.467 Y121.061
G1 F1800 X130.18 Y130.774 E1224.46484
G0 F9000 X130.477 Y130.477
G1 F1800 X120.772 Y120.772 E1224.7045
G0 F9000 X121.064 Y120.47
G1 F1800 X130.773 Y130.179 E1224.94425
G0 F9000 X131.062 Y129.874
G1 F1800 X121.312 Y120.124 E1225.18502
G0 F9000 X121.544 Y119.762
G1 F1800 X131.339 Y129.557 E1225.4269
G0 F9000 X131.615 Y129.239
G1 F1800 X121.743 Y119.367 E1225.67069
G0 F9000 X121.903 Y118.933
G1 F1800 X131.878 Y128.908 E1225.91701
G0 F9000 X132.136 Y128.572
G1 F1800 X122.034 Y118.47 E1226.16648
G0 F9000 X122.116 Y117.958
G1 F1800 X132.392 Y128.234 E1226.42024
G0 F9000 X132.632 Y127.88
G1 F1800 X122.131 Y117.379 E1226.67955
G0 F9000 X122.062 Y116.716
G1 F1800 X132.872 Y127.526 E1226.9465
G0 F9000 X133.102 Y127.163
G1 F1800 X121.856 Y115.916 E1227.22422
G1 X121.782 Y115.842
G0 F9000 X121.089 Y114.556
G1 F1800 X133.325 Y126.791 E1227.52637
G0 F9000 X133.547 Y126.419
G1 F1800 X108.583 Y101.455 E1228.14284
G0 F9000 X108.206 Y101.673
G1 F1800 X120.47 Y113.937 E1228.4457
G1 X120.544 Y114.011
G0 F9000 X119.088 Y113.148
G1 F1800 X107.831 Y101.891 E1228.72368
G0 F9000 X107.474 Y102.128
G1 F1800 X118.279 Y112.933 E1228.9905
G0 F9000 X117.624 Y112.872
G1 F1800 X107.117 Y102.365 E1229.24997
G0 F9000 X106.768 Y102.61
G1 F1800 X117.046 Y112.888 E1229.50378
G0 F9000 X116.533 Y112.97
G1 F1800 X106.429 Y102.865 E1229.7533
G0 F9000 X106.09 Y103.12
G1 F1800 X116.064 Y113.094 E1229.9996
G0 F9000 X115.637 Y113.261
G1 F1800 X105.767 Y103.391 E1230.24334
G0 F9000 X105.445 Y103.663
G1 F1800 X115.232 Y113.45 E1230.48502
G0 F9000 X114.873 Y113.685
G1 F1800 X105.128 Y103.94 E1230.72567
G0 F9000 X104.824 Y104.23
G1 F1800 X114.535 Y113.941 E1230.96547
G0 F9000 X114.222 Y114.222
G1 F1800 X104.52 Y104.52 E1231.20506
G0 F9000 X104.228 Y104.822
G1 F1800 X113.945 Y114.539 E1231.44501
G0 F9000 X113.682 Y114.869
G1 F1800 X103.94 Y105.128 E1231.68557
G0 F9000 X103.655 Y105.437
G1 F1800 X113.461 Y115.243 E1231.92773
G0 F9000 X113.262 Y115.637
G1 F1800 X103.388 Y105.764 E1232.17155
G0 F9000 X103.122 Y106.091
G1 F1800 X113.088 Y116.057 E1232.41765
G0 F9000 X112.972 Y116.536
G1 F1800 X102.864 Y106.428 E1232.66726
G0 F9000 X102.613 Y106.77
G1 F1800 X112.892 Y117.05 E1232.92111
G0 F9000 X112.872 Y117.624
G1 F1800 X102.361 Y107.113 E1233.18067
G0 F9000 X102.127 Y107.473
G1 F1800 X112.928 Y118.274 E1233.4474
G1 X113.002 Y118.348
G0 F9000 X113.157 Y119.097
G1 F1800 X101.896 Y107.836 E1233.72548
G1 X101.822 Y107.762
G1 F1500 E1232.72548
G0 F9000 X108.969 Y101.247
G1 F1500 E1233.72548
G1 F1800 X133.749 Y126.028 E1234.33742
G0 F9000 X133.951 Y125.636
G1 F1800 X109.365 Y101.049 E1234.94457
G0 F9000 X109.761 Y100.851
G1 F1800 X134.144 Y125.234 E1235.54669
G0 F9000 X134.326 Y124.823
G1 F1800 X110.175 Y100.671 E1236.1431
G0 F9000 X110.592 Y100.494
G1 F1800 X134.507 Y124.409 E1236.73366
G0 F9000 X134.67 Y123.978
G1 F1800 X111.017 Y100.326 E1237.31775
G0 F9000 X111.453 Y100.167
G1 F1800 X134.833 Y123.547 E1237.8951
G0 F9000 X134.98 Y123.1
G1 F1800 X111.891 Y100.012 E1238.46526
G0 F9000 X112.352 Y99.879
G1 F1800 X135.117 Y122.644 E1239.02743
G0 F9000 X135.247 Y122.18
G1 F1800 X112.814 Y99.747 E1239.5814
G0 F9000 X113.295 Y99.634
G1 F1800 X135.364 Y121.703 E1240.12638
G0 F9000 X135.477 Y121.222
G1 F1800 X113.779 Y99.524 E1240.6622
G0 F9000 X114.28 Y99.431
G1 F1800 X135.568 Y120.719 E1241.18789
G0 F9000 X135.657 Y120.214
G1 F1800 X114.789 Y99.346 E1241.70321
G0 F9000 X115.312 Y99.275
G1 F1800 X135.721 Y119.683 E1242.20719
G0 F9000 X135.785 Y119.154
G1 F1800 X115.85 Y99.218 E1242.69948
G0 F9000 X116.403 Y99.177
G1 F1800 X135.821 Y118.596 E1243.17901
G0 F9000 X135.856 Y118.037
G1 F1800 X116.97 Y99.151 E1243.64539
G0 F9000 X117.556 Y99.143
G1 F1800 X135.856 Y117.443 E1244.0973
G0 F9000 X135.848 Y116.841
G1 F1800 X118.161 Y99.154 E1244.53407
G0 F9000 X118.795 Y99.194
G1 F1800 X135.808 Y116.207 E1244.95419
G0 F9000 X135.75 Y115.555
G1 F1800 X119.441 Y99.246 E1245.35693
G0 F9000 X120.127 Y99.338
G1 F1800 X135.669 Y114.88 E1245.74073
G0 F9000 X135.548 Y114.165
G1 F1800 X120.835 Y99.452 E1246.10406
G0 F9000 X121.572 Y99.595
G1 F1800 X135.399 Y113.422 E1246.44551
G0 F9000 X135.207 Y112.636
G1 F1800 X122.376 Y99.805 E1246.76236
G1 X122.302 Y99.731
G0 F9000 X123.227 Y100.063
G1 F1800 X134.936 Y111.772 E1247.05151
G1 X135.01 Y111.846
G0 F9000 X134.605 Y110.846
G1 F1800 X124.153 Y100.394 E1247.30962
G1 X124.079 Y100.32
G0 F9000 X125.181 Y100.828
G1 F1800 X134.168 Y109.815 E1247.53155
G1 X134.242 Y109.889
G0 F9000 X133.574 Y108.627
G1 F1800 X126.378 Y101.432 E1247.70923
G1 X126.304 Y101.358
G0 F9000 X127.942 Y102.401
G1 F1800 X132.583 Y107.043 E1247.82385
G1 X132.657 Y107.117
G1 F1500 E1246.82385
;MESH:NONMESH
G0 F600 X132.657 Y107.117 Z2.62
G0 F9000 X98.555 Y117.5
;TIME_ELAPSED:2670.068452
;LAYER:25
;TYPE:WALL-INNER
;MESH:ranella v1.stl
G1 F1500 E1247.82385
G1 F1800 X98.555 Y117.507 E1247.82397
G1 X98.589 Y118.641 E1247.84379
G1 X98.688 Y119.751 E1247.86324
G1 X98.858 Y120.891 E1247.88337
G1 X99.092 Y121.981 E1247.90284
G1 X99.4 Y123.09 E1247.92294
G1 X99.761 Y124.148 E1247.94246
G1 X100.188 Y125.197 E1247.96223
G1 X100.689 Y126.236 E1247.98237
G1 X101.23 Y127.208 E1248.0018
G1 X101.848 Y128.172 E1248.02179
G1 X102.512 Y129.09 E1248.04158
G1 X103.232 Y129.965 E1248.06136
G1 X104.005 Y130.799 E1248.08122
G1 X104.815 Y131.575 E1248.10081
G1 X105.695 Y132.318 E1248.12092
G1 X106.589 Y132.989 E1248.14044
G1 X107.549 Y133.622 E1248.16052
G1 X108.515 Y134.179 E1248.17999
G1 X109.543 Y134.695 E1248.20007
G1 X110.588 Y135.142 E1248.21992
G1 X111.656 Y135.524 E1248.23972
G1 X112.728 Y135.834 E1248.25921
G1 X113.84 Y136.089 E1248.27913
G1 X114.973 Y136.278 E1248.29919
G1 X116.075 Y136.392 E1248.31853
G1 X117.226 Y136.445 E1248.33865
G1 X118.344 Y136.43 E1248.35818
G1 X119.482 Y136.343 E1248.37811
G1 X120.616 Y136.191 E1248.39808
G1 X121.709 Y135.976 E1248.41754
G1 X122.825 Y135.683 E1248.43768
G1 X123.889 Y135.339 E1248.45721
G1 X124.958 Y134.918 E1248.47727
G1 X125.99 Y134.44 E1248.49713
G1 X126.971 Y133.913 E1248.51658
G1 X127.937 Y133.319 E1248.53638
G1 X128.876 Y132.656 E1248.55645
G1 X129.763 Y131.947 E1248.57628
G1 X130.59 Y131.2 E1248.59574
G1 X131.402 Y130.381 E1248.61588
G1 X132.139 Y129.533 E1248.63549
G1 X132.833 Y128.634 E1248.65532
G1 X133.467 Y127.705 E1248.67496
G1 X134.058 Y126.72 E1248.69502
G1 X134.573 Y125.721 E1248.71465
G1 X135.032 Y124.693 E1248.73431
G1 X135.437 Y123.612 E1248.75446
G1 X135.771 Y122.528 E1248.77427
G1 X136.04 Y121.43 E1248.79401
G1 X136.237 Y120.331 E1248.81351
G1 X136.377 Y119.184 E1248.83368
G1 X136.446 Y118.056 E1248.85342
G1 X136.446 Y116.945 E1248.87282
G1 X136.374 Y115.793 E1248.89297
G1 X136.237 Y114.665 E1248.91281
G1 X136.036 Y113.551 E1248.93258
G1 X135.771 Y112.469 E1248.95203
G1 X135.429 Y111.364 E1248.97223
G1 X135.036 Y110.311 E1248.99185
G1 X134.573 Y109.276 E1249.01165
G1 X134.058 Y108.279 E1249.03125
G1 X133.466 Y107.29 E1249.05138
G1 X132.829 Y106.353 E1249.07116
G1 X132.148 Y105.472 E1249.0906
G1 X131.402 Y104.62 E1249.11038
G1 X130.589 Y103.795 E1249.1306
G1 X129.763 Y103.049 E1249.15004
G1 X128.877 Y102.341 E1249.16984
G1 X127.934 Y101.678 E1249.18997
G1 X126.967 Y101.082 E1249.2098
G1 X125.989 Y100.556 E1249.2292
G1 X124.959 Y100.079 E1249.24902
G1 X123.886 Y99.658 E1249.26914
G1 X122.821 Y99.313 E1249.28869
G1 X121.714 Y99.025 E1249.30866
G1 X120.616 Y98.809 E1249.3282
G1 X119.482 Y98.657 E1249.34818
G1 X118.342 Y98.57 E1249.36815
G1 X117.224 Y98.551 E1249.38767
G1 X116.076 Y98.604 E1249.40774
G1 X114.969 Y98.721 E1249.42718
G1 X113.839 Y98.907 E1249.44717
G1 X112.728 Y99.162 E1249.46708
G1 X111.657 Y99.471 E1249.48654
G1 X110.589 Y99.858 E1249.50638
G1 X109.545 Y100.302 E1249.52619
G1 X108.514 Y100.818 E1249.54632
G1 X107.55 Y101.374 E1249.56575
G1 X106.589 Y102.011 E1249.58588
G1 X105.695 Y102.678 E1249.60536
G1 X104.816 Y103.425 E1249.6255
G1 X104.012 Y104.194 E1249.64493
G1 X103.232 Y105.032 E1249.66492
G1 X102.516 Y105.906 E1249.68465
G1 X101.848 Y106.825 E1249.70449
G1 X101.23 Y107.788 E1249.72447
G1 X100.689 Y108.76 E1249.74389
G1 X100.188 Y109.799 E1249.76403
G1 X99.761 Y110.848 E1249.78381
G1 X99.4 Y111.906 E1249.80333
G1 X99.093 Y113.019 E1249.82349
G1 X98.858 Y114.109 E1249.84296
G1 X98.688 Y115.245 E1249.86302
G1 X98.589 Y116.355 E1249.88248
G1 X98.555 Y117.5 E1249.90248
G0 F9000 X98.135 Y117.5
G1 F1800 X98.135 Y117.507 E1249.9026
G1 X98.17 Y118.666 E1249.92285
G1 X98.27 Y119.801 E1249.94275
G1 X98.445 Y120.967 E1249.96333
G1 X98.684 Y122.081 E1249.98323
G1 X98.999 Y123.214 E1250.00376
G1 X99.367 Y124.295 E1250.0237
G1 X99.804 Y125.368 E1250.04393
G1 X100.316 Y126.429 E1250.0645
G1 X100.869 Y127.424 E1250.08438
G1 X101.501 Y128.409 E1250.10482
G1 X102.179 Y129.346 E1250.12501
G1 X102.915 Y130.241 E1250.14525
G1 X103.706 Y131.093 E1250.16555
G1 X104.534 Y131.887 E1250.18558
G1 X105.433 Y132.646 E1250.20612
G1 X106.347 Y133.332 E1250.22608
G1 X107.328 Y133.979 E1250.2466
G1 X108.315 Y134.549 E1250.2665
G1 X109.366 Y135.076 E1250.28703
G1 X110.435 Y135.533 E1250.30733
G1 X111.527 Y135.924 E1250.32758
G1 X112.623 Y136.241 E1250.34751
G1 X113.759 Y136.501 E1250.36786
G1 X114.917 Y136.695 E1250.38836
G1 X116.043 Y136.811 E1250.40812
G1 X117.219 Y136.865 E1250.42868
G1 X118.363 Y136.85 E1250.44866
G1 X119.526 Y136.761 E1250.46903
G1 X120.685 Y136.606 E1250.48944
G1 X121.803 Y136.385 E1250.50934
G1 X122.943 Y136.087 E1250.52992
G1 X124.031 Y135.734 E1250.54989
G1 X125.123 Y135.304 E1250.57039
G1 X126.178 Y134.816 E1250.59068
G1 X127.181 Y134.277 E1250.61057
G1 X128.168 Y133.669 E1250.63081
G1 X129.129 Y132.992 E1250.65133
G1 X130.035 Y132.267 E1250.6716
G1 X130.88 Y131.504 E1250.69148
G1 X131.71 Y130.667 E1250.71206
G1 X132.464 Y129.8 E1250.73212
G1 X133.173 Y128.881 E1250.75239
G1 X133.821 Y127.932 E1250.77246
G1 X134.425 Y126.925 E1250.79296
G1 X134.951 Y125.903 E1250.81303
G1 X135.42 Y124.852 E1250.83313
G1 X135.835 Y123.748 E1250.85372
G1 X136.176 Y122.64 E1250.87396
G1 X136.451 Y121.517 E1250.89415
G1 X136.652 Y120.394 E1250.91407
G1 X136.796 Y119.222 E1250.93469
G1 X136.866 Y118.069 E1250.95486
G1 X136.866 Y116.932 E1250.97472
G1 X136.792 Y115.754 E1250.99533
G1 X136.652 Y114.602 E1251.01559
G1 X136.447 Y113.463 E1251.0358
G1 X136.176 Y112.357 E1251.05568
G1 X135.827 Y111.228 E1251.07632
G1 X135.424 Y110.152 E1251.09638
G1 X134.952 Y109.094 E1251.11661
G1 X134.425 Y108.075 E1251.13664
G1 X133.82 Y107.064 E1251.15722
G1 X133.169 Y106.107 E1251.17743
G1 X132.473 Y105.205 E1251.19732
G1 X131.71 Y104.334 E1251.21754
G1 X130.88 Y103.492 E1251.23818
G1 X130.035 Y102.729 E1251.25806
G1 X129.129 Y102.005 E1251.27832
G1 X128.165 Y101.327 E1251.29889
G1 X127.177 Y100.718 E1251.31916
G1 X126.177 Y100.18 E1251.33899
G1 X125.124 Y99.692 E1251.35925
G1 X124.027 Y99.262 E1251.37983
G1 X122.939 Y98.91 E1251.3998
G1 X121.807 Y98.615 E1251.42022
G1 X120.685 Y98.394 E1251.44019
G1 X119.526 Y98.239 E1251.46061
G1 X118.362 Y98.15 E1251.48099
G1 X117.218 Y98.131 E1251.50097
G1 X116.044 Y98.185 E1251.5215
G1 X114.913 Y98.305 E1251.54135
G1 X113.758 Y98.495 E1251.56179
G1 X112.623 Y98.755 E1251.58213
G1 X111.527 Y99.072 E1251.60205
G1 X110.435 Y99.467 E1251.62233
G1 X109.369 Y99.921 E1251.64256
G1 X108.315 Y100.448 E1251.66313
G1 X107.328 Y101.016 E1251.68302
G1 X106.347 Y101.668 E1251.70359
G1 X105.433 Y102.35 E1251.7235
G1 X104.535 Y103.113 E1251.74408
G1 X103.713 Y103.899 E1251.76394
G1 X102.915 Y104.755 E1251.78437
G1 X102.183 Y105.649 E1251.80455
G1 X101.501 Y106.588 E1251.82481
G1 X100.869 Y107.572 E1251.84523
G1 X100.316 Y108.567 E1251.86511
G1 X99.804 Y109.628 E1251.88568
G1 X99.367 Y110.701 E1251.90591
G1 X98.999 Y111.782 E1251.92585
G1 X98.685 Y112.919 E1251.94645
G1 X98.444 Y114.034 E1251.96637
G1 X98.27 Y115.195 E1251.98687
G1 X98.17 Y116.33 E1252.00676
G1 X98.135 Y117.5 E1252.0272
G1 F1500 E1251.0272
G0 F9000 X98.425 Y117.5
G0 X113.453 Y117.5
G1 F1500 E1252.0272
G1 F1800 X113.45 Y117.468 E1252.02776
G1 X113.497 Y116.884 E1252.03799
G1 X113.645 Y116.257 E1252.04924
G1 X113.873 Y115.698 E1252.05978
G1 X114.202 Y115.154 E1252.07089
G1 X114.617 Y114.657 E1252.08219
G1 X115.026 Y114.296 E1252.09172
G1 X115.555 Y113.943 E1252.10282
G1 X116.141 Y113.68 E1252.11404
G1 X116.757 Y113.519 E1252.12516
G1 X117.277 Y113.455 E1252.1343
G1 X117.933 Y113.472 E1252.14576
G1 X118.598 Y113.597 E1252.15758
G1 X119.174 Y113.806 E1252.16828
G1 X119.683 Y114.085 E1252.17841
G1 X120.172 Y114.452 E1252.18909
G1 X120.633 Y114.926 E1252.20064
G1 X120.982 Y115.429 E1252.21133
G1 X121.272 Y116.011 E1252.22268
G1 X121.451 Y116.575 E1252.23301
G1 X121.545 Y117.202 E1252.24408
G1 X121.545 Y117.796 E1252.25446
G1 X121.445 Y118.434 E1252.26573
G1 X121.248 Y119.045 E1252.27694
G1 X120.981 Y119.577 E1252.28734
G1 X120.613 Y120.098 E1252.29847
G1 X120.205 Y120.52 E1252.30872
G1 X119.683 Y120.911 E1252.32011
G1 X119.14 Y121.204 E1252.33089
G1 X118.598 Y121.398 E1252.34094
G1 X117.958 Y121.521 E1252.35232
G1 X117.353 Y121.55 E1252.36289
G1 X116.724 Y121.475 E1252.37395
G1 X116.129 Y121.315 E1252.38471
G1 X115.571 Y121.058 E1252.39544
G1 X115.048 Y120.725 E1252.40627
G1 X114.574 Y120.295 E1252.41744
G1 X114.193 Y119.833 E1252.4279
G1 X113.869 Y119.291 E1252.43893
G1 X113.636 Y118.709 E1252.44987
G1 X113.504 Y118.158 E1252.45977
G1 X113.453 Y117.5 E1252.47129
G0 F9000 X113.871 Y117.5
G1 F1800 X113.87 Y117.481 E1252.47162
G1 X113.912 Y116.946 E1252.48099
G1 X114.037 Y116.41 E1252.4906
G1 X114.236 Y115.92 E1252.49984
G1 X114.521 Y115.431 E1252.50972
G1 X114.908 Y114.96 E1252.52037
G1 X115.291 Y114.622 E1252.52929
G1 X115.766 Y114.307 E1252.53924
G1 X116.312 Y114.07 E1252.54963
G1 X116.787 Y113.941 E1252.55823
G1 X117.332 Y113.872 E1252.56782
G1 X117.901 Y113.891 E1252.57776
G1 X118.427 Y113.987 E1252.5871
G1 X118.977 Y114.179 E1252.59727
G1 X119.463 Y114.443 E1252.60693
G1 X119.904 Y114.775 E1252.61656
G1 X120.308 Y115.192 E1252.6267
G1 X120.607 Y115.621 E1252.63583
G1 X120.864 Y116.122 E1252.64567
G1 X121.03 Y116.637 E1252.65511
G1 X121.124 Y117.209 E1252.66524
G1 X121.124 Y117.79 E1252.67538
G1 X121.042 Y118.311 E1252.68459
G1 X120.864 Y118.873 E1252.69488
G1 X120.634 Y119.334 E1252.70388
G1 X120.296 Y119.822 E1252.71425
G1 X119.894 Y120.233 E1252.72429
G1 X119.481 Y120.541 E1252.73328
G1 X119.024 Y120.795 E1252.74241
G1 X118.477 Y120.996 E1252.75259
G1 X117.936 Y121.101 E1252.76221
G1 X117.358 Y121.126 E1252.77231
G1 X116.787 Y121.059 E1252.78235
G1 X116.299 Y120.926 E1252.79118
G1 X115.769 Y120.688 E1252.80133
G1 X115.331 Y120.408 E1252.81041
G1 X114.923 Y120.05 E1252.81988
G1 X114.541 Y119.594 E1252.83027
G1 X114.259 Y119.123 E1252.83986
G1 X114.043 Y118.604 E1252.84967
G1 X113.912 Y118.054 E1252.85955
G1 X113.871 Y117.5 E1252.86925
G0 F9000 X114.291 Y117.5
;TYPE:WALL-OUTER
G1 F1800 X114.29 Y117.483 E1252.86954
G1 X114.331 Y116.992 E1252.87815
G1 X114.445 Y116.516 E1252.88669
G1 X114.626 Y116.076 E1252.895
G1 X114.877 Y115.654 E1252.90357
G1 X115.204 Y115.258 E1252.91254
G1 X115.573 Y114.936 E1252.92109
G1 X115.982 Y114.672 E1252.92959
G1 X116.432 Y114.473 E1252.93819
G1 X116.893 Y114.348 E1252.94653
G1 X117.369 Y114.29 E1252.9549
G1 X117.88 Y114.311 E1252.96383
G1 X118.357 Y114.402 E1252.97231
G1 X118.821 Y114.569 E1252.98092
G1 X119.26 Y114.812 E1252.98968
G1 X119.635 Y115.098 E1252.99792
G1 X119.987 Y115.463 E1253.00677
G1 X120.268 Y115.873 E1253.01545
G1 X120.483 Y116.299 E1253.02378
G1 X120.632 Y116.779 E1253.03256
G1 X120.706 Y117.254 E1253.04095
G1 X120.704 Y117.766 E1253.04989
G1 X120.629 Y118.234 E1253.05817
G1 X120.483 Y118.697 E1253.06665
G1 X120.261 Y119.141 E1253.07532
G1 X119.979 Y119.546 E1253.08393
G1 X119.632 Y119.905 E1253.09265
G1 X119.243 Y120.195 E1253.10112
G1 X118.809 Y120.432 E1253.10976
G1 X118.35 Y120.596 E1253.11827
G1 X117.88 Y120.685 E1253.12662
G1 X117.369 Y120.706 E1253.13555
G1 X116.887 Y120.651 E1253.14402
G1 X116.405 Y120.518 E1253.15275
G1 X115.968 Y120.318 E1253.16115
G1 X115.547 Y120.045 E1253.16991
G1 X115.181 Y119.714 E1253.17853
G1 X114.871 Y119.332 E1253.18712
G1 X114.626 Y118.92 E1253.19549
G1 X114.435 Y118.449 E1253.20436
G1 X114.328 Y117.992 E1253.21256
G1 X114.291 Y117.5 E1253.22117
G0 F9000 X114.29 Y117.483
G0 X114.305 Y117.301
G1 F1500 E1252.22117
G0 F9000 X113.602 Y117.246
G0 X98.425 Y117.5
G0 X97.715 Y117.5
G1 F1500 E1253.22117
G1 F1800 X97.715 Y117.507 E1253.22129
G1 X97.75 Y118.691 E1253.24198
G1 X97.853 Y119.851 E1253.26231
G1 X98.031 Y121.042 E1253.28334
G1 X98.276 Y122.181 E1253.30368
G1 X98.597 Y123.338 E1253.32465
G1 X98.973 Y124.442 E1253.34501
G1 X99.42 Y125.538 E1253.36568
G1 X99.943 Y126.623 E1253.38672
G1 X100.509 Y127.64 E1253.40704
G1 X101.154 Y128.645 E1253.42789
G1 X101.847 Y129.603 E1253.44854
G1 X102.599 Y130.517 E1253.4692
G1 X103.406 Y131.388 E1253.48994
G1 X104.253 Y132.199 E1253.51041
G1 X105.171 Y132.975 E1253.5314
G1 X106.105 Y133.676 E1253.5518
G1 X107.107 Y134.337 E1253.57276
G1 X108.116 Y134.919 E1253.5931
G1 X109.189 Y135.457 E1253.61406
G1 X110.281 Y135.924 E1253.63479
G1 X111.397 Y136.324 E1253.65549
G1 X112.517 Y136.648 E1253.67585
G1 X113.677 Y136.913 E1253.69663
G1 X114.861 Y137.111 E1253.71759
G1 X116.012 Y137.23 E1253.7378
G1 X117.212 Y137.285 E1253.75877
G1 X118.382 Y137.27 E1253.77921
G1 X119.57 Y137.179 E1253.80001
G1 X120.753 Y137.02 E1253.82085
G1 X121.897 Y136.795 E1253.84121
G1 X123.061 Y136.49 E1253.86222
G1 X124.173 Y136.13 E1253.88263
G1 X125.289 Y135.69 E1253.90358
G1 X126.366 Y135.192 E1253.9243
G1 X127.391 Y134.641 E1253.94462
G1 X128.4 Y134.02 E1253.96531
G1 X129.381 Y133.328 E1253.98627
G1 X130.307 Y132.587 E1254.00698
G1 X131.17 Y131.808 E1254.02728
G1 X132.018 Y130.953 E1254.04831
G1 X132.789 Y130.066 E1254.06883
G1 X133.513 Y129.128 E1254.08952
G1 X134.175 Y128.158 E1254.11003
G1 X134.792 Y127.129 E1254.13098
G1 X135.33 Y126.085 E1254.15148
G1 X135.809 Y125.012 E1254.172
G1 X136.233 Y123.884 E1254.19305
G1 X136.581 Y122.752 E1254.21372
G1 X136.862 Y121.604 E1254.23436
G1 X137.068 Y120.456 E1254.25473
G1 X137.214 Y119.26 E1254.27577
G1 X137.286 Y118.081 E1254.29639
G1 X137.286 Y116.919 E1254.31668
G1 X137.21 Y115.716 E1254.33773
G1 X137.068 Y114.54 E1254.35842
G1 X136.858 Y113.376 E1254.37907
G1 X136.581 Y112.245 E1254.3994
G1 X136.225 Y111.092 E1254.42047
G1 X135.813 Y109.992 E1254.44098
G1 X135.33 Y108.912 E1254.46164
G1 X134.792 Y107.871 E1254.4821
G1 X134.174 Y106.838 E1254.50312
G1 X133.509 Y105.86 E1254.52377
G1 X132.797 Y104.938 E1254.54412
G1 X132.018 Y104.048 E1254.56477
G1 X131.17 Y103.188 E1254.58586
G1 X130.307 Y102.409 E1254.60616
G1 X129.381 Y101.669 E1254.62686
G1 X128.396 Y100.976 E1254.64789
G1 X127.387 Y100.354 E1254.66858
G1 X126.365 Y99.804 E1254.68885
G1 X125.289 Y99.306 E1254.70955
G1 X124.169 Y98.866 E1254.73057
G1 X123.057 Y98.506 E1254.75098
G1 X121.901 Y98.205 E1254.77183
G1 X120.753 Y97.98 E1254.79226
G1 X119.57 Y97.821 E1254.8131
G1 X118.382 Y97.73 E1254.83391
G1 X117.212 Y97.711 E1254.85434
G1 X116.012 Y97.766 E1254.87532
G1 X114.857 Y97.889 E1254.8956
G1 X113.677 Y98.083 E1254.91648
G1 X112.517 Y98.348 E1254.93726
G1 X111.397 Y98.672 E1254.95762
G1 X110.281 Y99.076 E1254.97834
G1 X109.193 Y99.539 E1254.99899
G1 X108.116 Y100.078 E1255.02002
G1 X107.107 Y100.659 E1255.04035
G1 X106.105 Y101.324 E1255.06135
G1 X105.171 Y102.021 E1255.0817
G1 X104.253 Y102.801 E1255.10273
G1 X103.414 Y103.604 E1255.12301
G1 X102.599 Y104.479 E1255.14389
G1 X101.851 Y105.393 E1255.16451
G1 X101.154 Y106.351 E1255.1852
G1 X100.509 Y107.356 E1255.20605
G1 X99.943 Y108.373 E1255.22638
G1 X99.42 Y109.458 E1255.24741
G1 X98.973 Y110.554 E1255.26808
G1 X98.597 Y111.658 E1255.28844
G1 X98.277 Y112.819 E1255.30947
G1 X98.031 Y113.958 E1255.32982
G1 X97.853 Y115.145 E1255.35078
G1 X97.75 Y116.305 E1255.37111
G1 X97.715 Y117.5 E1255.39199
G0 F9000 X97.715 Y117.507
G0 X97.72 Y117.699
G1 F1500 E1254.39199
G0 F9000 X98.43 Y117.679
G0 X113.074 Y117.5
;TYPE:SKIN
G1 F1500 E1255.39199
G1 F1800 X113.121 Y118.177 E1255.40384
G1 X113.273 Y118.84 E1255.41572
G1 X113.522 Y119.434 E1255.42696
G1 X113.871 Y120.038 E1255.43914
G1 X114.331 Y120.589 E1255.45168
G1 X114.816 Y121.021 E1255.46302
G1 X115.363 Y121.379 E1255.47443
G1 X115.976 Y121.66 E1255.48621
G1 X116.651 Y121.847 E1255.49844
G1 X117.321 Y121.922 E1255.51021
G1 X118.004 Y121.893 E1255.52215
G1 X118.654 Y121.78 E1255.53367
G1 X119.314 Y121.544 E1255.54591
G1 X119.883 Y121.231 E1255.55725
G1 X120.411 Y120.841 E1255.56871
G1 X120.899 Y120.343 E1255.58088
G1 X121.301 Y119.781 E1255.59295
G1 X121.619 Y119.149 E1255.6053
G1 X121.815 Y118.513 E1255.61692
G1 X121.92 Y117.858 E1255.62851
G1 X121.922 Y117.179 E1255.64036
G1 X121.817 Y116.49 E1255.65253
G1 X121.625 Y115.878 E1255.66373
G1 X121.305 Y115.231 E1255.67634
G1 X120.923 Y114.681 E1255.68803
G1 X120.45 Y114.185 E1255.7
G1 X119.96 Y113.812 E1255.71075
G1 X119.344 Y113.464 E1255.72311
G1 X118.65 Y113.216 E1255.73598
G1 X118.048 Y113.103 E1255.74667
G1 X117.315 Y113.066 E1255.75949
G1 X116.697 Y113.144 E1255.77036
G1 X116.019 Y113.32 E1255.78259
G1 X115.353 Y113.622 E1255.79536
G1 X114.812 Y113.975 E1255.80664
G1 X114.316 Y114.414 E1255.81821
G1 X113.854 Y114.987 E1255.83106
G1 X113.534 Y115.529 E1255.84205
G1 X113.276 Y116.148 E1255.85376
G1 X113.123 Y116.808 E1255.86559
G1 X113.07 Y117.443 E1255.87672
G1 X113.074 Y117.5 E1255.87772
G1 F1500 E1254.87772
G0 F9000 X98.931 Y117.5
G1 F1500 E1255.87772
G1 F1800 X98.966 Y116.369 E1255.89748
G1 X99.061 Y115.297 E1255.91627
G1 X99.227 Y114.186 E1255.93588
G1 X99.457 Y113.119 E1255.95494
G1 X99.765 Y112.006 E1255.97511
G1 X100.109 Y110.986 E1255.9939
G1 X100.528 Y109.962 E1256.01322
G1 X101.031 Y108.925 E1256.03335
G1 X101.549 Y107.988 E1256.05204
G1 X102.162 Y107.031 E1256.07189
G1 X102.863 Y106.077 E1256.09256
G1 X103.507 Y105.287 E1256.11036
G1 X104.286 Y104.452 E1256.1303
G1 X105.061 Y103.713 E1256.149
G1 X105.94 Y102.969 E1256.16911
G1 X106.814 Y102.312 E1256.1882
G1 X107.739 Y101.699 E1256.20758
G1 X108.684 Y101.154 E1256.22662
G1 X109.713 Y100.639 E1256.24672
G1 X110.737 Y100.204 E1256.26614
G1 X111.781 Y99.824 E1256.28554
G1 X112.813 Y99.528 E1256.30429
G1 X113.909 Y99.279 E1256.32392
G1 X115.029 Y99.093 E1256.34374
G1 X116.096 Y98.982 E1256.36247
G1 X117.232 Y98.927 E1256.38233
G1 X118.313 Y98.946 E1256.40121
G1 X119.441 Y99.033 E1256.42097
G1 X120.561 Y99.184 E1256.4407
G1 X121.617 Y99.389 E1256.45949
G1 X122.721 Y99.678 E1256.47941
G1 X123.749 Y100.01 E1256.49828
G1 X124.817 Y100.43 E1256.51831
G1 X125.83 Y100.896 E1256.53779
G1 X126.766 Y101.402 E1256.55636
G1 X127.724 Y101.992 E1256.57601
G1 X128.653 Y102.644 E1256.59583
G1 X129.523 Y103.344 E1256.61533
G1 X130.33 Y104.072 E1256.63431
G1 X131.118 Y104.868 E1256.65386
G1 X131.845 Y105.702 E1256.67318
G1 X132.525 Y106.584 E1256.69263
G1 X133.138 Y107.486 E1256.71167
G1 X133.72 Y108.455 E1256.73141
G1 X134.234 Y109.448 E1256.75094
G1 X134.681 Y110.452 E1256.77013
G1 X135.065 Y111.477 E1256.78924
G1 X135.409 Y112.581 E1256.80943
G1 X135.662 Y113.616 E1256.82804
G1 X135.86 Y114.712 E1256.84748
G1 X135.994 Y115.816 E1256.8669
G1 X136.066 Y116.967 E1256.88704
G1 X136.066 Y118.033 E1256.90565
G1 X135.998 Y119.136 E1256.92495
G1 X135.86 Y120.28 E1256.94507
G1 X135.67 Y121.34 E1256.96388
G1 X135.405 Y122.416 E1256.98323
G1 X135.143 Y123.283 E1256.99904
G1 X135.153 Y123.296 E1256.99933
G1 X134.681 Y124.54 E1257.02256
G1 X134.234 Y125.545 E1257.04177
G1 X133.72 Y126.541 E1257.06134
G1 X133.15 Y127.49 E1257.08067
G1 X132.529 Y128.404 E1257.09996
G1 X131.841 Y129.298 E1257.11966
G1 X131.114 Y130.132 E1257.13898
G1 X130.334 Y130.92 E1257.15834
G1 X129.524 Y131.651 E1257.17739
G1 X128.649 Y132.347 E1257.19692
G1 X127.72 Y133.004 E1257.21678
G1 X126.775 Y133.586 E1257.23616
G1 X125.83 Y134.096 E1257.25492
G1 X124.817 Y134.562 E1257.27439
G1 X123.749 Y134.986 E1257.29445
G1 X122.725 Y135.314 E1257.31323
G1 X121.613 Y135.607 E1257.33331
G1 X120.561 Y135.812 E1257.35202
G1 X119.441 Y135.963 E1257.37176
G1 X118.314 Y136.05 E1257.39149
G1 X117.236 Y136.065 E1257.41032
G1 X116.092 Y136.01 E1257.43032
G1 X115.032 Y135.903 E1257.44892
G1 X113.913 Y135.717 E1257.46873
G1 X112.813 Y135.464 E1257.48844
G1 X111.781 Y135.164 E1257.5072
G1 X110.733 Y134.792 E1257.52662
G1 X109.697 Y134.349 E1257.5463
G1 X108.692 Y133.843 E1257.56594
G1 X107.755 Y133.305 E1257.58481
G1 X106.798 Y132.672 E1257.60485
G1 X105.923 Y132.015 E1257.62395
G1 X105.069 Y131.295 E1257.64346
G1 X104.27 Y130.528 E1257.6628
G1 X103.515 Y129.713 E1257.6822
G1 X102.811 Y128.855 E1257.70158
G1 X102.154 Y127.949 E1257.72112
G1 X101.549 Y127.004 E1257.74071
G1 X101.031 Y126.067 E1257.75941
G1 X100.528 Y125.03 E1257.77953
G1 X100.109 Y124.006 E1257.79885
G1 X99.757 Y122.966 E1257.81802
G1 X99.457 Y121.877 E1257.83775
G1 X99.227 Y120.81 E1257.85681
G1 X99.061 Y119.695 E1257.87649
G1 X98.966 Y118.627 E1257.89521
G1 X98.931 Y117.515 E1257.91464
G1 X98.931 Y117.5 E1257.9149
G1 F1500 E1256.9149
G0 F9000 X103.843 Y105.234
G1 F1500 E1257.9149
G1 F1800 X105.247 Y103.83 E1257.94957
G1 X105.321 Y103.756
G0 F9000 X107.682 Y101.989
G1 F1800 X102.006 Y107.665 E1258.08974
G1 X101.932 Y107.739
G0 F9000 X101.194 Y109.071
G1 F1800 X109.069 Y101.196 E1258.28421
G1 X109.143 Y101.122
G0 F9000 X110.198 Y100.661
G1 F1800 X100.657 Y110.203 E1258.51983
G1 X100.583 Y110.277
G0 F9000 X100.262 Y111.191
G1 F1800 X111.192 Y100.261 E1258.78974
G1 X111.266 Y100.187
G0 F9000 X112.095 Y99.952
G1 F1800 X99.962 Y112.085 E1259.08936
G1 X99.888 Y112.159
G0 F9000 X99.735 Y112.907
G1 F1800 X112.924 Y99.718 E1259.41505
G0 F9000 X113.692 Y99.543
G1 F1800 X99.551 Y113.684 E1259.76425
G0 F9000 X99.404 Y114.425
G1 F1800 X114.423 Y99.406 E1260.13514
G0 F9000 X115.13 Y99.293
G1 F1800 X99.3 Y115.123 E1260.52605
G0 F9000 X99.229 Y115.788
G1 F1800 X115.793 Y99.224 E1260.93509
G0 F9000 X116.436 Y99.175
G1 F1800 X99.175 Y116.436 E1261.36134
G0 F9000 X99.156 Y117.049
G1 F1800 X117.059 Y99.146 E1261.80344
G0 F9000 X117.655 Y99.144
G1 F1800 X99.146 Y117.653 E1262.26051
G0 F9000 X99.164 Y118.229
G1 F1800 X118.238 Y99.155 E1262.73153
G0 F9000 X118.793 Y99.194
G1 F1800 X99.192 Y118.795 E1263.21557
G0 F9000 X99.241 Y119.34
G1 F1800 X119.345 Y99.236 E1263.71202
G0 F9000 X119.872 Y99.303
G1 F1800 X99.301 Y119.874 E1264.22001
G0 F9000 X99.378 Y120.391
G1 F1800 X120.396 Y99.373 E1264.73904
G0 F9000 X120.899 Y99.464
G1 F1800 X99.462 Y120.9 E1265.2684
G0 F9000 X99.567 Y121.39
G1 F1800 X121.396 Y99.561 E1265.80745
G0 F9000 X121.877 Y99.674
G1 F1800 X99.675 Y121.876 E1266.35572
G0 F9000 X99.803 Y122.341
G1 F1800 X122.348 Y99.797 E1266.91244
G0 F9000 X122.811 Y99.928
G1 F1800 X99.932 Y122.807 E1267.47742
G0 F9000 X100.078 Y123.255
G1 F1800 X123.26 Y100.073 E1268.04989
G0 F9000 X123.708 Y100.219
G1 F1800 X100.227 Y123.699 E1268.62973
G0 F9000 X100.388 Y124.133
G1 F1800 X124.134 Y100.387 E1269.21612
G0 F9000 X124.56 Y100.554
G1 F1800 X100.561 Y124.553 E1269.80876
G0 F9000 X100.735 Y124.973
G1 F1800 X124.975 Y100.733 E1270.40735
G0 F9000 X125.382 Y100.92
G1 F1800 X100.929 Y125.374 E1271.01122
G0 F9000 X101.123 Y125.774
G1 F1800 X125.787 Y101.11 E1271.62028
G0 F9000 X126.172 Y101.319
G1 F1800 X101.326 Y126.165 E1272.23383
G0 F9000 X101.538 Y126.547
G1 F1800 X126.557 Y101.528 E1272.85166
G0 F9000 X126.928 Y101.75
G1 F1800 X115.22 Y113.458 E1273.14079
G1 X115.146 Y113.532
G0 F9000 X116.219 Y113.054
G1 F1800 X127.296 Y101.976 E1273.41434
G0 F9000 X127.662 Y102.204
G1 F1800 X116.967 Y112.899 E1273.67844
G0 F9000 X117.589 Y112.871
G1 F1800 X128.011 Y102.449 E1273.93581
G0 F9000 X128.36 Y102.695
G1 F1800 X118.146 Y112.909 E1274.18804
G0 F9000 X118.645 Y113.003
G1 F1800 X128.698 Y102.95 E1274.43629
G0 F9000 X129.028 Y103.214
G1 F1800 X119.092 Y113.151 E1274.68167
G0 F9000 X119.513 Y113.323
G1 F1800 X129.357 Y103.479 E1274.92476
G0 F9000 X129.671 Y103.759
G1 F1800 X119.894 Y113.536 E1275.16619
G0 F9000 X120.253 Y113.771
G1 F1800 X129.983 Y104.041 E1275.40647
G0 F9000 X130.289 Y104.329
G1 F1800 X120.589 Y114.029 E1275.64601
G0 F9000 X120.88 Y114.332
G1 F1800 X130.584 Y104.628 E1275.88564
G0 F9000 X130.88 Y104.926
G1 F1800 X121.156 Y114.65 E1276.12577
G0 F9000 X121.4 Y115
G1 F1800 X131.162 Y105.238 E1276.36684
G0 F9000 X131.438 Y105.555
G1 F1800 X121.614 Y115.38 E1276.60945
G0 F9000 X121.811 Y115.777
G1 F1800 X131.713 Y105.875 E1276.85397
G0 F9000 X131.972 Y106.21
G1 F1800 X121.954 Y116.228 E1277.10136
G0 F9000 X122.063 Y116.713
G1 F1800 X132.23 Y106.545 E1277.35244
G0 F9000 X132.479 Y106.891
G1 F1800 X122.131 Y117.238 E1277.60796
G0 F9000 X122.131 Y117.833
G1 F1800 X132.72 Y107.244 E1277.86945
G0 F9000 X132.96 Y107.598
G1 F1800 X122.025 Y118.533 E1278.13949
G1 X121.951 Y118.607
G0 F9000 X121.702 Y119.45
G1 F1800 X133.183 Y107.969 E1278.423
G0 F9000 X133.406 Y108.339
G1 F1800 X108.344 Y133.402 E1279.04191
G0 F9000 X108.721 Y133.618
G1 F1800 X133.621 Y108.719 E1279.65678
G0 F9000 X133.823 Y109.111
G1 F1800 X109.113 Y133.821 E1280.26698
G0 F9000 X109.508 Y134.019
G1 F1800 X134.025 Y109.503 E1280.8724
G0 F9000 X134.21 Y109.911
G1 F1800 X109.91 Y134.212 E1281.47249
G0 F9000 X110.326 Y134.39
G1 F1800 X134.393 Y110.322 E1282.06682
G0 F9000 X134.566 Y110.744
G1 F1800 X110.741 Y134.568 E1282.65515
G0 F9000 X111.176 Y134.727
G1 F1800 X134.727 Y111.176 E1283.23673
G0 F9000 X134.886 Y111.611
G1 F1800 X111.615 Y134.883 E1283.8114
G0 F9000 X112.064 Y135.028
G1 F1800 X135.028 Y112.064 E1284.37849
G0 F9000 X135.168 Y112.517
G1 F1800 X112.523 Y135.162 E1284.93769
G0 F9000 X112.989 Y135.29
G1 F1800 X135.292 Y112.987 E1285.48845
G0 F9000 X135.409 Y113.464
G1 F1800 X113.472 Y135.401 E1286.03017
G0 F9000 X113.956 Y135.511
G1 F1800 X135.51 Y113.957 E1286.56243
G0 F9000 X135.6 Y114.461
G1 F1800 X114.465 Y135.596 E1287.08435
G0 F9000 X114.974 Y135.681
G1 F1800 X135.68 Y114.976 E1287.59566
G0 F9000 X135.744 Y115.505
G1 F1800 X115.509 Y135.74 E1288.09535
G0 F9000 X116.049 Y135.794
G1 F1800 X135.798 Y116.045 E1288.58304
G0 F9000 X135.832 Y116.605
G1 F1800 X116.613 Y135.824 E1289.05764
G0 F9000 X117.18 Y135.851
G1 F1800 X135.856 Y117.175 E1289.51883
G0 F9000 X135.856 Y117.769
G1 F1800 X117.777 Y135.848 E1289.96528
G0 F9000 X118.385 Y135.835
G1 F1800 X135.834 Y118.385 E1290.39619
G0 F9000 X135.795 Y119.018
G1 F1800 X119.028 Y135.785 E1290.81024
G0 F9000 X119.688 Y135.719
G1 F1800 X135.72 Y119.687 E1291.20614
G0 F9000 X135.629 Y120.371
G1 F1800 X120.375 Y135.626 E1291.58284
G0 F9000 X121.101 Y135.494
G1 F1800 X135.5 Y121.095 E1291.93841
G0 F9000 X135.324 Y121.865
G1 F1800 X121.865 Y135.324 E1292.27078
G0 F9000 X122.672 Y135.111
G1 F1800 X135.107 Y122.676 E1292.57785
G1 X135.181 Y122.602
G0 F9000 X134.834 Y123.543
G1 F1800 X123.546 Y134.83 E1292.85659
G1 X123.472 Y134.904
G0 F9000 X124.515 Y134.456
G1 F1800 X134.467 Y124.504 E1293.10235
G1 X134.541 Y124.43
G0 F9000 X133.976 Y125.589
G1 F1800 X125.589 Y133.976 E1293.30946
G1 X125.515 Y134.05
G0 F9000 X126.89 Y133.268
G1 F1800 X133.259 Y126.9 E1293.46673
G1 X133.333 Y126.826
G0 F9000 X131.984 Y128.769
G1 F1800 X128.768 Y131.984 E1293.54613
G1 X128.694 Y132.058
G1 F1500 E1292.54613
G0 F9000 X119.435 Y121.717
G1 F1500 E1293.54613
G1 F1800 X107.966 Y133.186 E1293.82935
G0 F9000 X107.604 Y132.954
G1 F1800 X118.547 Y122.011 E1294.09958
G0 F9000 X117.856 Y122.108
G1 F1800 X107.247 Y132.717 E1294.36156
G0 F9000 X106.891 Y132.479
G1 F1800 X117.245 Y122.124 E1294.61726
G0 F9000 X116.712 Y122.064
G1 F1800 X106.552 Y132.224 E1294.86816
G0 F9000 X106.212 Y131.969
G1 F1800 X116.233 Y121.949 E1295.11561
G0 F9000 X115.787 Y121.801
G1 F1800 X105.881 Y131.706 E1295.36022
G0 F9000 X105.559 Y131.435
G1 F1800 X115.379 Y121.615 E1295.60272
G0 F9000 X115.005 Y121.395
G1 F1800 X105.237 Y131.163 E1295.84393
G0 F9000 X104.933 Y130.873
G1 F1800 X114.652 Y121.154 E1296.08394
G0 F9000 X114.338 Y120.874
G1 F1800 X104.629 Y130.583 E1296.32369
G0 F9000 X104.332 Y130.286
G1 F1800 X114.044 Y120.574 E1296.56353
G0 F9000 X113.773 Y120.251
G1 F1800 X104.047 Y129.978 E1296.80372
G0 F9000 X103.762 Y129.669
G1 F1800 X113.543 Y119.887 E1297.04526
G0 F9000 X113.328 Y119.508
G1 F1800 X103.488 Y129.348 E1297.28826
G0 F9000 X103.22 Y129.022
G1 F1800 X113.153 Y119.089 E1297.53355
G0 F9000 X113.011 Y118.638
G1 F1800 X102.954 Y128.694 E1297.78189
G0 F9000 X102.704 Y128.35
G1 F1800 X112.909 Y118.145 E1298.03389
G0 F9000 X112.869 Y117.591
G1 F1800 X102.455 Y128.005 E1298.29106
G0 F9000 X102.214 Y127.652
G1 F1800 X112.898 Y116.968 E1298.55489
G0 F9000 X113.042 Y116.23
G1 F1800 X101.982 Y127.29 E1298.82801
G0 F9000 X101.751 Y126.928
G1 F1800 X113.496 Y115.182 E1299.11806
G1 X113.57 Y115.108
G1 F1500 E1298.11806
;MESH:NONMESH
G0 F600 X113.57 Y115.108 Z2.72
G0 F9000 X98.555 Y117.5
;TIME_ELAPSED:2777.516530
;LAYER:26
;TYPE:WALL-INNER
;MESH:ranella v1.stl
G1 F1500 E1299.11806
G1 F1800 X98.555 Y117.507 E1299.11818
G1 X98.589 Y118.641 E1299.13799
G1 X98.688 Y119.751 E1299.15745
G1 X98.858 Y120.891 E1299.17758
G1 X99.092 Y121.981 E1299.19705
G1 X99.4 Y123.09 E1299.21714
G1 X99.761 Y124.148 E1299.23666
G1 X100.188 Y125.197 E1299.25644
G1 X100.689 Y126.236 E1299.27658
G1 X101.23 Y127.208 E1299.29601
G1 X101.848 Y128.172 E1299.316
G1 X102.512 Y129.09 E1299.33579
G1 X103.232 Y129.965 E1299.35557
G1 X104.005 Y130.799 E1299.37543
G1 X104.815 Y131.575 E1299.39502
G1 X105.695 Y132.318 E1299.41513
G1 X106.589 Y132.989 E1299.43464
G1 X107.549 Y133.622 E1299.45472
G1 X108.515 Y134.179 E1299.4742
G1 X109.543 Y134.695 E1299.49428
G1 X110.588 Y135.142 E1299.51413
G1 X111.656 Y135.524 E1299.53393
G1 X112.728 Y135.834 E1299.55342
G1 X113.84 Y136.089 E1299.57334
G1 X114.973 Y136.278 E1299.5934
G1 X116.075 Y136.392 E1299.61274
G1 X117.226 Y136.445 E1299.63286
G1 X118.344 Y136.43 E1299.65239
G1 X119.482 Y136.343 E1299.67232
G1 X120.616 Y136.191 E1299.69229
G1 X121.709 Y135.976 E1299.71174
G1 X122.825 Y135.683 E1299.73189
G1 X123.889 Y135.339 E1299.75142
G1 X124.958 Y134.918 E1299.77148
G1 X125.99 Y134.44 E1299.79134
G1 X126.971 Y133.913 E1299.81078
G1 X127.937 Y133.319 E1299.83059
G1 X128.876 Y132.656 E1299.85066
G1 X129.763 Y131.947 E1299.87049
G1 X130.59 Y131.2 E1299.88995
G1 X131.402 Y130.381 E1299.91008
G1 X132.139 Y129.533 E1299.9297
G1 X132.833 Y128.634 E1299.94953
G1 X133.467 Y127.705 E1299.96917
G1 X134.058 Y126.72 E1299.98923
G1 X134.573 Y125.721 E1300.00886
G1 X135.032 Y124.693 E1300.02852
G1 X135.437 Y123.612 E1300.04867
G1 X135.771 Y122.528 E1300.06848
G1 X136.04 Y121.43 E1300.08822
G1 X136.237 Y120.331 E1300.10772
G1 X136.377 Y119.184 E1300.12789
G1 X136.446 Y118.056 E1300.14763
G1 X136.446 Y116.945 E1300.16703
G1 X136.374 Y115.793 E1300.18718
G1 X136.237 Y114.665 E1300.20702
G1 X136.036 Y113.551 E1300.22679
G1 X135.771 Y112.469 E1300.24624
G1 X135.429 Y111.364 E1300.26644
G1 X135.036 Y110.311 E1300.28606
G1 X134.573 Y109.276 E1300.30586
G1 X134.058 Y108.279 E1300.32546
G1 X133.466 Y107.29 E1300.34558
G1 X132.829 Y106.353 E1300.36537
G1 X132.148 Y105.472 E1300.38481
G1 X131.402 Y104.62 E1300.40459
G1 X130.589 Y103.795 E1300.42481
G1 X129.763 Y103.049 E1300.44425
G1 X128.877 Y102.341 E1300.46405
G1 X127.934 Y101.678 E1300.48418
G1 X126.967 Y101.082 E1300.50401
G1 X125.989 Y100.556 E1300.5234
G1 X124.959 Y100.079 E1300.54323
G1 X123.886 Y99.658 E1300.56335
G1 X122.821 Y99.313 E1300.5829
G1 X121.714 Y99.025 E1300.60287
G1 X120.616 Y98.809 E1300.62241
G1 X119.482 Y98.657 E1300.64239
G1 X118.342 Y98.57 E1300.66236
G1 X117.224 Y98.551 E1300.68188
G1 X116.076 Y98.604 E1300.70195
G1 X114.969 Y98.721 E1300.72139
G1 X113.839 Y98.907 E1300.74138
G1 X112.728 Y99.162 E1300.76129
G1 X111.657 Y99.471 E1300.78075
G1 X110.589 Y99.858 E1300.80059
G1 X109.545 Y100.302 E1300.8204
G1 X108.514 Y100.818 E1300.84053
G1 X107.55 Y101.374 E1300.85996
G1 X106.589 Y102.011 E1300.88009
G1 X105.695 Y102.678 E1300.89957
G1 X104.816 Y103.425 E1300.91971
G1 X104.012 Y104.194 E1300.93914
G1 X103.232 Y105.032 E1300.95913
G1 X102.516 Y105.906 E1300.97886
G1 X101.848 Y106.825 E1300.9987
G1 X101.23 Y107.788 E1301.01868
G1 X100.689 Y108.76 E1301.0381
G1 X100.188 Y109.799 E1301.05824
G1 X99.761 Y110.848 E1301.07802
G1 X99.4 Y111.906 E1301.09754
G1 X99.093 Y113.019 E1301.1177
G1 X98.858 Y114.109 E1301.13717
G1 X98.688 Y115.245 E1301.15723
G1 X98.589 Y116.355 E1301.17669
G1 X98.555 Y117.5 E1301.19669
G0 F9000 X98.135 Y117.5
G1 F1800 X98.135 Y117.507 E1301.19681
G1 X98.17 Y118.666 E1301.21706
G1 X98.27 Y119.801 E1301.23696
G1 X98.445 Y120.967 E1301.25754
G1 X98.684 Y122.081 E1301.27744
G1 X98.999 Y123.214 E1301.29797
G1 X99.367 Y124.295 E1301.31791
G1 X99.804 Y125.368 E1301.33814
G1 X100.316 Y126.429 E1301.35871
G1 X100.869 Y127.424 E1301.37859
G1 X101.501 Y128.409 E1301.39903
G1 X102.179 Y129.346 E1301.41922
G1 X102.915 Y130.241 E1301.43946
G1 X103.706 Y131.093 E1301.45976
G1 X104.534 Y131.887 E1301.47979
G1 X105.433 Y132.646 E1301.50033
G1 X106.347 Y133.332 E1301.52029
G1 X107.328 Y133.979 E1301.54081
G1 X108.315 Y134.549 E1301.56071
G1 X109.366 Y135.076 E1301.58124
G1 X110.435 Y135.533 E1301.60154
G1 X111.527 Y135.924 E1301.62179
G1 X112.623 Y136.241 E1301.64172
G1 X113.759 Y136.501 E1301.66207
G1 X114.917 Y136.695 E1301.68257
G1 X116.043 Y136.811 E1301.70233
G1 X117.219 Y136.865 E1301.72289
G1 X118.363 Y136.85 E1301.74287
G1 X119.526 Y136.761 E1301.76323
G1 X120.685 Y136.606 E1301.78365
G1 X121.803 Y136.385 E1301.80355
G1 X122.943 Y136.087 E1301.82413
G1 X124.031 Y135.734 E1301.8441
G1 X125.123 Y135.304 E1301.86459
G1 X126.178 Y134.816 E1301.88489
G1 X127.181 Y134.277 E1301.90477
G1 X128.168 Y133.669 E1301.92502
G1 X129.129 Y132.992 E1301.94554
G1 X130.035 Y132.267 E1301.9658
G1 X130.88 Y131.504 E1301.98568
G1 X131.71 Y130.667 E1302.00627
G1 X132.464 Y129.8 E1302.02633
G1 X133.173 Y128.881 E1302.0466
G1 X133.821 Y127.932 E1302.06666
G1 X134.425 Y126.925 E1302.08717
G1 X134.951 Y125.903 E1302.10724
G1 X135.42 Y124.852 E1302.12734
G1 X135.835 Y123.748 E1302.14793
G1 X136.176 Y122.64 E1302.16817
G1 X136.451 Y121.517 E1302.18836
G1 X136.652 Y120.394 E1302.20828
G1 X136.796 Y119.222 E1302.2289
G1 X136.866 Y118.069 E1302.24907
G1 X136.866 Y116.932 E1302.26893
G1 X136.792 Y115.754 E1302.28954
G1 X136.652 Y114.602 E1302.3098
G1 X136.447 Y113.463 E1302.33001
G1 X136.176 Y112.357 E1302.34989
G1 X135.827 Y111.228 E1302.37053
G1 X135.424 Y110.152 E1302.39059
G1 X134.952 Y109.094 E1302.41082
G1 X134.425 Y108.075 E1302.43085
G1 X133.82 Y107.064 E1302.45142
G1 X133.169 Y106.107 E1302.47163
G1 X132.473 Y105.205 E1302.49153
G1 X131.71 Y104.334 E1302.51175
G1 X130.88 Y103.492 E1302.53239
G1 X130.035 Y102.729 E1302.55227
G1 X129.129 Y102.005 E1302.57252
G1 X128.165 Y101.327 E1302.5931
G1 X127.177 Y100.718 E1302.61337
G1 X126.177 Y100.18 E1302.6332
G1 X125.124 Y99.692 E1302.65346
G1 X124.027 Y99.262 E1302.67404
G1 X122.939 Y98.91 E1302.69401
G1 X121.807 Y98.615 E1302.71443
G1 X120.685 Y98.394 E1302.7344
G1 X119.526 Y98.239 E1302.75482
G1 X118.362 Y98.15 E1302.7752
G1 X117.218 Y98.131 E1302.79518
G1 X116.044 Y98.185 E1302.8157
G1 X114.913 Y98.305 E1302.83556
G1 X113.758 Y98.495 E1302.856
G1 X112.623 Y98.755 E1302.87634
G1 X111.527 Y99.072 E1302.89626
G1 X110.435 Y99.467 E1302.91653
G1 X109.369 Y99.921 E1302.93677
G1 X108.315 Y100.448 E1302.95734
G1 X107.328 Y101.016 E1302.97723
G1 X106.347 Y101.668 E1302.9978
G1 X105.433 Y102.35 E1303.01771
G1 X104.535 Y103.113 E1303.03829
G1 X103.713 Y103.899 E1303.05815
G1 X102.915 Y104.755 E1303.07858
G1 X102.183 Y105.649 E1303.09876
G1 X101.501 Y106.588 E1303.11902
G1 X100.869 Y107.572 E1303.13944
G1 X100.316 Y108.567 E1303.15932
G1 X99.804 Y109.628 E1303.17989
G1 X99.367 Y110.701 E1303.20012
G1 X98.999 Y111.782 E1303.22006
G1 X98.685 Y112.919 E1303.24066
G1 X98.444 Y114.034 E1303.26058
G1 X98.27 Y115.195 E1303.28108
G1 X98.17 Y116.33 E1303.30097
G1 X98.135 Y117.5 E1303.32141
G1 F1500 E1302.32141
G0 F9000 X98.425 Y117.5
G0 X113.453 Y117.5
G1 F1500 E1303.32141
G1 F1800 X113.45 Y117.468 E1303.32197
G1 X113.497 Y116.884 E1303.3322
G1 X113.645 Y116.257 E1303.34345
G1 X113.873 Y115.698 E1303.35399
G1 X114.202 Y115.154 E1303.36509
G1 X114.617 Y114.657 E1303.3764
G1 X115.026 Y114.296 E1303.38593
G1 X115.555 Y113.943 E1303.39703
G1 X116.141 Y113.68 E1303.40825
G1 X116.757 Y113.519 E1303.41936
G1 X117.277 Y113.455 E1303.42851
G1 X117.933 Y113.472 E1303.43997
G1 X118.598 Y113.597 E1303.45179
G1 X119.174 Y113.806 E1303.46249
G1 X119.683 Y114.085 E1303.47262
G1 X120.172 Y114.452 E1303.4833
G1 X120.633 Y114.926 E1303.49484
G1 X120.982 Y115.429 E1303.50553
G1 X121.272 Y116.011 E1303.51689
G1 X121.451 Y116.575 E1303.52722
G1 X121.545 Y117.202 E1303.53829
G1 X121.545 Y117.796 E1303.54866
G1 X121.445 Y118.434 E1303.55994
G1 X121.248 Y119.045 E1303.57115
G1 X120.981 Y119.577 E1303.58154
G1 X120.613 Y120.098 E1303.59268
G1 X120.205 Y120.52 E1303.60293
G1 X119.683 Y120.911 E1303.61432
G1 X119.14 Y121.204 E1303.62509
G1 X118.598 Y121.398 E1303.63515
G1 X117.958 Y121.521 E1303.64653
G1 X117.353 Y121.55 E1303.6571
G1 X116.724 Y121.475 E1303.66816
G1 X116.129 Y121.315 E1303.67892
G1 X115.571 Y121.058 E1303.68965
G1 X115.048 Y120.725 E1303.70048
G1 X114.574 Y120.295 E1303.71165
G1 X114.193 Y119.833 E1303.72211
G1 X113.869 Y119.291 E1303.73313
G1 X113.636 Y118.709 E1303.74408
G1 X113.504 Y118.158 E1303.75397
G1 X113.453 Y117.5 E1303.7655
G0 F9000 X113.871 Y117.5
G1 F1800 X113.87 Y117.481 E1303.76583
G1 X113.912 Y116.946 E1303.7752
G1 X114.037 Y116.41 E1303.78481
G1 X114.236 Y115.92 E1303.79405
G1 X114.521 Y115.431 E1303.80393
G1 X114.908 Y114.96 E1303.81457
G1 X115.291 Y114.622 E1303.82349
G1 X115.766 Y114.307 E1303.83345
G1 X116.312 Y114.07 E1303.84384
G1 X116.787 Y113.941 E1303.85243
G1 X117.332 Y113.872 E1303.86203
G1 X117.901 Y113.891 E1303.87197
G1 X118.427 Y113.987 E1303.88131
G1 X118.977 Y114.179 E1303.89148
G1 X119.463 Y114.443 E1303.90113
G1 X119.904 Y114.775 E1303.91077
G1 X120.308 Y115.192 E1303.92091
G1 X120.607 Y115.621 E1303.93004
G1 X120.864 Y116.122 E1303.93988
G1 X121.03 Y116.637 E1303.94932
G1 X121.124 Y117.209 E1303.95945
G1 X121.124 Y117.79 E1303.96959
G1 X121.042 Y118.311 E1303.9788
G1 X120.864 Y118.873 E1303.98909
G1 X120.634 Y119.334 E1303.99809
G1 X120.296 Y119.822 E1304.00846
G1 X119.894 Y120.233 E1304.01849
G1 X119.481 Y120.541 E1304.02749
G1 X119.024 Y120.795 E1304.03662
G1 X118.477 Y120.996 E1304.0468
G1 X117.936 Y121.101 E1304.05642
G1 X117.358 Y121.126 E1304.06652
G1 X116.787 Y121.059 E1304.07656
G1 X116.299 Y120.926 E1304.08539
G1 X115.769 Y120.688 E1304.09554
G1 X115.331 Y120.408 E1304.10461
G1 X114.923 Y120.05 E1304.11409
G1 X114.541 Y119.594 E1304.12448
G1 X114.259 Y119.123 E1304.13407
G1 X114.043 Y118.604 E1304.14388
G1 X113.912 Y118.054 E1304.15375
G1 X113.871 Y117.5 E1304.16345
G0 F9000 X114.291 Y117.5
;TYPE:WALL-OUTER
G1 F1800 X114.29 Y117.483 E1304.16375
G1 X114.331 Y116.992 E1304.17236
G1 X114.445 Y116.516 E1304.1809
G1 X114.626 Y116.076 E1304.18921
G1 X114.877 Y115.654 E1304.19778
G1 X115.204 Y115.258 E1304.20675
G1 X115.573 Y114.936 E1304.2153
G1 X115.982 Y114.672 E1304.2238
G1 X116.432 Y114.473 E1304.2324
G1 X116.893 Y114.348 E1304.24074
G1 X117.369 Y114.29 E1304.24911
G1 X117.88 Y114.311 E1304.25804
G1 X118.357 Y114.402 E1304.26652
G1 X118.821 Y114.569 E1304.27513
G1 X119.26 Y114.812 E1304.28389
G1 X119.635 Y115.098 E1304.29213
G1 X119.987 Y115.463 E1304.30098
G1 X120.268 Y115.873 E1304.30966
G1 X120.483 Y116.299 E1304.31799
G1 X120.632 Y116.779 E1304.32677
G1 X120.706 Y117.254 E1304.33516
G1 X120.704 Y117.766 E1304.3441
G1 X120.629 Y118.234 E1304.35238
G1 X120.483 Y118.697 E1304.36086
G1 X120.261 Y119.141 E1304.36952
G1 X119.979 Y119.546 E1304.37814
G1 X119.652 Y119.886 E1304.38638
G1 X119.243 Y120.195 E1304.39533
G1 X118.809 Y120.432 E1304.40396
G1 X118.35 Y120.596 E1304.41248
G1 X117.88 Y120.685 E1304.42083
G1 X117.369 Y120.706 E1304.42976
G1 X116.887 Y120.651 E1304.43823
G1 X116.405 Y120.518 E1304.44696
G1 X115.968 Y120.318 E1304.45535
G1 X115.547 Y120.045 E1304.46411
G1 X115.181 Y119.714 E1304.47273
G1 X114.871 Y119.332 E1304.48132
G1 X114.626 Y118.92 E1304.48969
G1 X114.435 Y118.449 E1304.49857
G1 X114.328 Y117.992 E1304.50676
G1 X114.291 Y117.5 E1304.51538
G0 F9000 X114.29 Y117.483
G0 X114.305 Y117.301
G1 F1500 E1303.51538
G0 F9000 X113.602 Y117.246
G0 X98.425 Y117.5
G0 X97.715 Y117.5
G1 F1500 E1304.51538
G1 F1800 X97.715 Y117.507 E1304.5155
G1 X97.75 Y118.691 E1304.53618
G1 X97.853 Y119.851 E1304.55652
G1 X98.031 Y121.042 E1304.57755
G1 X98.276 Y122.181 E1304.59789
G1 X98.597 Y123.338 E1304.61886
G1 X98.973 Y124.442 E1304.63922
G1 X99.42 Y125.538 E1304.65989
G1 X99.943 Y126.623 E1304.68092
G1 X100.509 Y127.64 E1304.70124
G1 X101.154 Y128.645 E1304.7221
G1 X101.847 Y129.603 E1304.74274
G1 X102.599 Y130.517 E1304.76341
G1 X103.406 Y131.388 E1304.78414
G1 X104.253 Y132.199 E1304.80462
G1 X105.171 Y132.975 E1304.82561
G1 X106.105 Y133.676 E1304.846
G1 X107.107 Y134.337 E1304.86696
G1 X108.116 Y134.919 E1304.8873
G1 X109.189 Y135.457 E1304.90826
G1 X110.281 Y135.924 E1304.929
G1 X111.397 Y136.324 E1304.9497
G1 X112.517 Y136.648 E1304.97006
G1 X113.677 Y136.913 E1304.99084
G1 X114.861 Y137.111 E1305.0118
G1 X116.012 Y137.23 E1305.032
G1 X117.212 Y137.285 E1305.05298
G1 X118.382 Y137.27 E1305.07341
G1 X119.57 Y137.179 E1305.09422
G1 X120.753 Y137.02 E1305.11506
G1 X121.897 Y136.795 E1305.13542
G1 X123.061 Y136.49 E1305.15643
G1 X124.173 Y136.13 E1305.17684
G1 X125.289 Y135.69 E1305.19779
G1 X126.366 Y135.192 E1305.21851
G1 X127.391 Y134.641 E1305.23883
G1 X128.4 Y134.02 E1305.25951
G1 X129.381 Y133.328 E1305.28048
G1 X130.307 Y132.587 E1305.30119
G1 X131.17 Y131.808 E1305.32149
G1 X132.018 Y130.953 E1305.34251
G1 X132.789 Y130.066 E1305.36304
G1 X133.513 Y129.128 E1305.38373
G1 X134.175 Y128.158 E1305.40423
G1 X134.792 Y127.129 E1305.42518
G1 X135.33 Y126.085 E1305.44569
G1 X135.809 Y125.012 E1305.46621
G1 X136.233 Y123.884 E1305.48725
G1 X136.581 Y122.752 E1305.50793
G1 X136.862 Y121.604 E1305.52857
G1 X137.068 Y120.456 E1305.54893
G1 X137.214 Y119.26 E1305.56997
G1 X137.286 Y118.081 E1305.5906
G1 X137.286 Y116.919 E1305.61089
G1 X137.21 Y115.716 E1305.63194
G1 X137.068 Y114.54 E1305.65262
G1 X136.858 Y113.376 E1305.67328
G1 X136.581 Y112.245 E1305.69361
G1 X136.225 Y111.092 E1305.71468
G1 X135.813 Y109.992 E1305.73519
G1 X135.33 Y108.912 E1305.75585
G1 X134.792 Y107.871 E1305.77631
G1 X134.174 Y106.838 E1305.79733
G1 X133.509 Y105.86 E1305.81798
G1 X132.797 Y104.938 E1305.83832
G1 X132.018 Y104.048 E1305.85897
G1 X131.17 Y103.188 E1305.88006
G1 X130.307 Y102.409 E1305.90037
G1 X129.381 Y101.669 E1305.92106
G1 X128.396 Y100.976 E1305.94209
G1 X127.387 Y100.354 E1305.96279
G1 X126.365 Y99.804 E1305.98306
G1 X125.289 Y99.306 E1306.00376
G1 X124.169 Y98.866 E1306.02477
G1 X123.057 Y98.506 E1306.04518
G1 X121.901 Y98.205 E1306.06604
G1 X120.753 Y97.98 E1306.08647
G1 X119.57 Y97.821 E1306.10731
G1 X118.382 Y97.73 E1306.12812
G1 X117.212 Y97.711 E1306.14855
G1 X116.012 Y97.766 E1306.16952
G1 X114.857 Y97.889 E1306.18981
G1 X113.677 Y98.083 E1306.21069
G1 X112.517 Y98.348 E1306.23146
G1 X111.397 Y98.672 E1306.25182
G1 X110.281 Y99.076 E1306.27255
G1 X109.193 Y99.539 E1306.29319
G1 X108.116 Y100.078 E1306.31422
G1 X107.107 Y100.659 E1306.33456
G1 X106.105 Y101.324 E1306.35555
G1 X105.171 Y102.021 E1306.3759
G1 X104.253 Y102.801 E1306.39694
G1 X103.414 Y103.604 E1306.41722
G1 X102.599 Y104.479 E1306.4381
G1 X101.851 Y105.393 E1306.45872
G1 X101.154 Y106.351 E1306.47941
G1 X100.509 Y107.356 E1306.50026
G1 X99.943 Y108.373 E1306.52058
G1 X99.42 Y109.458 E1306.54162
G1 X98.973 Y110.554 E1306.56228
G1 X98.597 Y111.658 E1306.58265
G1 X98.277 Y112.819 E1306.60368
G1 X98.031 Y113.958 E1306.62403
G1 X97.853 Y115.145 E1306.64498
G1 X97.75 Y116.305 E1306.66532
G1 X97.715 Y117.5 E1306.68619
G0 F9000 X97.715 Y117.507
G0 X97.72 Y117.699
G1 F1500 E1305.68619
G0 F9000 X98.43 Y117.679
G0 X113.074 Y117.5
;TYPE:SKIN
G1 F1500 E1306.68619
G1 F1800 X113.121 Y118.177 E1306.69804
G1 X113.273 Y118.84 E1306.70992
G1 X113.522 Y119.434 E1306.72117
G1 X113.871 Y120.038 E1306.73335
G1 X114.331 Y120.589 E1306.74588
G1 X114.816 Y121.021 E1306.75722
G1 X115.363 Y121.379 E1306.76864
G1 X115.976 Y121.66 E1306.78041
G1 X116.651 Y121.847 E1306.79264
G1 X117.321 Y121.922 E1306.80442
G1 X118.004 Y121.893 E1306.81635
G1 X118.654 Y121.78 E1306.82787
G1 X119.314 Y121.544 E1306.84011
G1 X119.883 Y121.231 E1306.85145
G1 X120.442 Y120.817 E1306.8636
G1 X120.899 Y120.346 E1306.87506
G1 X121.301 Y119.781 E1306.88717
G1 X121.619 Y119.149 E1306.89952
G1 X121.815 Y118.513 E1306.91114
G1 X121.92 Y117.858 E1306.92273
G1 X121.922 Y117.179 E1306.93458
G1 X121.817 Y116.49 E1306.94675
G1 X121.625 Y115.878 E1306.95795
G1 X121.305 Y115.231 E1306.97056
G1 X120.923 Y114.681 E1306.98225
G1 X120.45 Y114.185 E1306.99422
G1 X119.96 Y113.812 E1307.00497
G1 X119.344 Y113.464 E1307.01732
G1 X118.65 Y113.216 E1307.03019
G1 X118.048 Y113.103 E1307.04089
G1 X117.315 Y113.066 E1307.0537
G1 X116.697 Y113.144 E1307.06458
G1 X116.019 Y113.32 E1307.07681
G1 X115.353 Y113.622 E1307.08958
G1 X114.821 Y113.968 E1307.10066
G1 X114.316 Y114.414 E1307.11243
G1 X113.854 Y114.987 E1307.12528
G1 X113.534 Y115.529 E1307.13627
G1 X113.276 Y116.148 E1307.14798
G1 X113.123 Y116.808 E1307.15981
G1 X113.07 Y117.443 E1307.17094
G1 X113.074 Y117.5 E1307.17194
G1 F1500 E1306.17194
G0 F9000 X98.931 Y117.5
G1 F1500 E1307.17194
G1 F1800 X98.966 Y116.369 E1307.19169
G1 X99.061 Y115.297 E1307.21049
G1 X99.227 Y114.186 E1307.2301
G1 X99.457 Y113.119 E1307.24916
G1 X99.765 Y112.006 E1307.26933
G1 X100.109 Y110.986 E1307.28812
G1 X100.528 Y109.962 E1307.30744
G1 X101.031 Y108.925 E1307.32757
G1 X101.549 Y107.988 E1307.34626
G1 X102.162 Y107.031 E1307.36611
G1 X102.863 Y106.077 E1307.38678
G1 X103.507 Y105.287 E1307.40458
G1 X104.286 Y104.452 E1307.42452
G1 X105.061 Y103.713 E1307.44322
G1 X105.94 Y102.969 E1307.46332
G1 X106.814 Y102.312 E1307.48242
G1 X107.739 Y101.699 E1307.50179
G1 X108.684 Y101.154 E1307.52084
G1 X109.713 Y100.639 E1307.54094
G1 X110.737 Y100.204 E1307.56036
G1 X111.781 Y99.824 E1307.57976
G1 X112.813 Y99.528 E1307.59851
G1 X113.909 Y99.279 E1307.61814
G1 X115.029 Y99.093 E1307.63796
G1 X116.096 Y98.982 E1307.65669
G1 X117.232 Y98.927 E1307.67655
G1 X118.313 Y98.946 E1307.69543
G1 X119.441 Y99.033 E1307.71519
G1 X120.561 Y99.184 E1307.73492
G1 X121.617 Y99.389 E1307.7537
G1 X122.721 Y99.678 E1307.77363
G1 X123.749 Y100.01 E1307.79249
G1 X124.817 Y100.43 E1307.81253
G1 X125.83 Y100.896 E1307.832
G1 X126.766 Y101.402 E1307.85058
G1 X127.724 Y101.992 E1307.87023
G1 X128.653 Y102.644 E1307.89005
G1 X129.523 Y103.344 E1307.90955
G1 X130.33 Y104.072 E1307.92852
G1 X131.118 Y104.868 E1307.94808
G1 X131.845 Y105.702 E1307.9674
G1 X132.525 Y106.584 E1307.98685
G1 X133.138 Y107.486 E1308.00589
G1 X133.72 Y108.455 E1308.02563
G1 X134.234 Y109.448 E1308.04515
G1 X134.681 Y110.452 E1308.06434
G1 X135.065 Y111.477 E1308.08346
G1 X135.409 Y112.581 E1308.10365
G1 X135.662 Y113.616 E1308.12225
G1 X135.86 Y114.712 E1308.1417
G1 X135.994 Y115.816 E1308.16112
G1 X136.066 Y116.967 E1308.18126
G1 X136.066 Y118.033 E1308.19987
G1 X135.998 Y119.136 E1308.21917
G1 X135.86 Y120.28 E1308.23929
G1 X135.67 Y121.34 E1308.25809
G1 X135.405 Y122.416 E1308.27744
G1 X135.143 Y123.283 E1308.29326
G1 X135.153 Y123.296 E1308.29355
G1 X134.681 Y124.54 E1308.31678
G1 X134.234 Y125.545 E1308.33598
G1 X133.72 Y126.541 E1308.35556
G1 X133.15 Y127.49 E1308.37489
G1 X132.529 Y128.404 E1308.39418
G1 X131.841 Y129.298 E1308.41388
G1 X131.114 Y130.132 E1308.4332
G1 X130.334 Y130.92 E1308.45256
G1 X129.524 Y131.651 E1308.47161
G1 X128.649 Y132.347 E1308.49113
G1 X127.72 Y133.004 E1308.511
G1 X126.775 Y133.586 E1308.53038
G1 X125.83 Y134.096 E1308.54913
G1 X124.817 Y134.562 E1308.5686
G1 X123.749 Y134.986 E1308.58867
G1 X122.725 Y135.314 E1308.60744
G1 X121.613 Y135.607 E1308.62752
G1 X120.561 Y135.812 E1308.64624
G1 X119.441 Y135.963 E1308.66597
G1 X118.314 Y136.05 E1308.68571
G1 X117.236 Y136.065 E1308.70454
G1 X116.092 Y136.01 E1308.72454
G1 X115.032 Y135.903 E1308.74314
G1 X113.913 Y135.717 E1308.76295
G1 X112.813 Y135.464 E1308.78266
G1 X111.781 Y135.164 E1308.80142
G1 X110.733 Y134.792 E1308.82084
G1 X109.697 Y134.349 E1308.84052
G1 X108.692 Y133.843 E1308.86016
G1 X107.755 Y133.305 E1308.87903
G1 X106.798 Y132.672 E1308.89906
G1 X105.923 Y132.015 E1308.91817
G1 X105.069 Y131.295 E1308.93768
G1 X104.27 Y130.528 E1308.95702
G1 X103.515 Y129.713 E1308.97642
G1 X102.811 Y128.855 E1308.99579
G1 X102.154 Y127.949 E1309.01534
G1 X101.549 Y127.004 E1309.03493
G1 X101.031 Y126.067 E1309.05363
G1 X100.528 Y125.03 E1309.07375
G1 X100.109 Y124.006 E1309.09307
G1 X99.757 Y122.966 E1309.11224
G1 X99.457 Y121.877 E1309.13197
G1 X99.227 Y120.81 E1309.15103
G1 X99.061 Y119.695 E1309.17071
G1 X98.966 Y118.627 E1309.18943
G1 X98.931 Y117.515 E1309.20886
G1 X98.931 Y117.5 E1309.20912
G1 F1500 E1308.20912
G0 F9000 X102.428 Y127.969
G1 F1500 E1309.20912
G1 F1800 X107.037 Y132.578 E1309.32294
G1 X107.111 Y132.652
G0 F9000 X108.602 Y133.549
G1 F1800 X101.458 Y126.405 E1309.49935
G1 X101.384 Y126.331
G0 F9000 X100.841 Y125.194
G1 F1800 X109.82 Y134.173 E1309.72109
G1 X109.894 Y134.247
G0 F9000 X110.852 Y134.611
G1 F1800 X100.397 Y124.156 E1309.97927
G1 X100.323 Y124.082
G0 F9000 X100.07 Y123.235
G1 F1800 X111.773 Y134.938 E1310.26826
G1 X111.847 Y135.012
G0 F9000 X112.618 Y135.189
G1 F1800 X99.815 Y122.386 E1310.58443
G0 F9000 X99.609 Y121.586
G1 F1800 X113.409 Y135.385 E1310.9252
G0 F9000 X114.162 Y135.545
G1 F1800 X99.446 Y120.829 E1311.2886
G0 F9000 X99.338 Y120.127
G1 F1800 X114.875 Y135.664 E1311.67228
G0 F9000 X115.549 Y135.744
G1 F1800 X99.25 Y119.444 E1312.07478
G0 F9000 X99.192 Y118.793
G1 F1800 X116.203 Y135.804 E1312.49486
G0 F9000 X116.827 Y135.835
G1 F1800 X99.162 Y118.169 E1312.9311
G0 F9000 X99.142 Y117.555
G1 F1800 X117.439 Y135.852 E1313.38293
G0 F9000 X118.025 Y135.844
G1 F1800 X99.158 Y116.977 E1313.84884
G0 F9000 X99.176 Y116.401
G1 F1800 X118.592 Y135.818 E1314.32832
G0 F9000 X119.144 Y135.775
G1 F1800 X99.223 Y115.854 E1314.82025
G0 F9000 X99.271 Y115.309
G1 F1800 X119.681 Y135.719 E1315.32427
G0 F9000 X120.205 Y135.649
G1 F1800 X99.349 Y114.792 E1315.83931
G0 F9000 X99.426 Y114.275
G1 F1800 X120.719 Y135.568 E1316.36512
G0 F9000 X121.215 Y135.47
G1 F1800 X99.528 Y113.783 E1316.90067
G0 F9000 X99.633 Y113.295
G1 F1800 X121.704 Y135.366 E1317.4457
G0 F9000 X122.175 Y135.242
G1 F1800 X99.757 Y112.824 E1317.9993
G0 F9000 X99.885 Y112.359
G1 F1800 X122.644 Y135.117 E1318.56131
G0 F9000 X123.095 Y134.975
G1 F1800 X100.022 Y111.902 E1319.13108
G0 F9000 X100.172 Y111.457
G1 F1800 X123.545 Y134.83 E1319.70826
G0 F9000 X123.977 Y134.668
G1 F1800 X100.324 Y111.015 E1320.29236
G0 F9000 X100.496 Y110.594
G1 F1800 X124.402 Y134.499 E1320.88269
G0 F9000 X124.823 Y134.327
G1 F1800 X100.669 Y110.172 E1321.47917
G0 F9000 X100.856 Y109.766
G1 F1800 X125.23 Y134.14 E1322.08107
G0 F9000 X125.637 Y133.953
G1 F1800 X101.051 Y109.366 E1322.68822
G0 F9000 X101.247 Y108.969
G1 F1800 X126.028 Y133.75 E1323.30017
G0 F9000 X126.414 Y133.541
G1 F1800 X101.459 Y108.586 E1323.91642
G0 F9000 X101.67 Y108.204
G1 F1800 X114.07 Y120.603 E1324.22262
G0 F9000 X114.372 Y120.905
G1 F1800 X126.793 Y133.327 E1324.52936
G0 F9000 X127.161 Y133.101
G1 F1800 X115.925 Y121.865 E1324.80683
G0 F9000 X116.72 Y122.066
G1 F1800 X127.529 Y132.875 E1325.07375
G0 F9000 X127.881 Y132.633
G1 F1800 X117.378 Y122.129 E1325.33313
G0 F9000 X117.948 Y122.105
G1 F1800 X128.229 Y132.387 E1325.58702
G0 F9000 X128.575 Y132.138
G1 F1800 X118.462 Y122.026 E1325.83674
G0 F9000 X118.933 Y121.902
G1 F1800 X128.905 Y131.875 E1326.08301
G0 F9000 X129.236 Y131.612
G1 F1800 X119.37 Y121.745 E1326.32666
G0 F9000 X119.757 Y121.539
G1 F1800 X129.556 Y131.338 E1326.56864
G0 F9000 X129.869 Y131.057
G1 F1800 X120.125 Y121.313 E1326.80926
G0 F9000 X120.464 Y121.058
G1 F1800 X130.18 Y130.774 E1327.04919
G0 F9000 X130.477 Y130.477
G1 F1800 X120.776 Y120.776 E1327.28875
G0 F9000 X121.067 Y120.473
G1 F1800 X130.773 Y130.179 E1327.52843
G0 F9000 X131.062 Y129.874
G1 F1800 X121.313 Y120.125 E1327.76918
G0 F9000 X121.544 Y119.762
G1 F1800 X131.339 Y129.557 E1328.01106
G0 F9000 X131.615 Y129.239
G1 F1800 X121.743 Y119.367 E1328.25484
G0 F9000 X121.903 Y118.933
G1 F1800 X131.878 Y128.908 E1328.50117
G0 F9000 X132.136 Y128.572
G1 F1800 X122.034 Y118.47 E1328.75063
G0 F9000 X122.116 Y117.958
G1 F1800 X132.392 Y128.234 E1329.00439
G0 F9000 X132.632 Y127.88
G1 F1800 X122.131 Y117.379 E1329.26371
G0 F9000 X122.062 Y116.716
G1 F1800 X132.872 Y127.526 E1329.53065
G0 F9000 X133.102 Y127.163
G1 F1800 X121.856 Y115.916 E1329.80838
G1 X121.782 Y115.842
G0 F9000 X121.089 Y114.556
G1 F1800 X133.325 Y126.791 E1330.11053
G0 F9000 X133.547 Y126.419
G1 F1800 X108.583 Y101.455 E1330.727
G0 F9000 X108.206 Y101.673
G1 F1800 X120.47 Y113.937 E1331.02985
G1 X120.544 Y114.011
G0 F9000 X119.088 Y113.148
G1 F1800 X107.831 Y101.891 E1331.30784
G0 F9000 X107.474 Y102.128
G1 F1800 X118.279 Y112.933 E1331.57466
G0 F9000 X117.624 Y112.872
G1 F1800 X107.117 Y102.365 E1331.83412
G0 F9000 X106.768 Y102.61
G1 F1800 X117.046 Y112.888 E1332.08793
G0 F9000 X116.533 Y112.97
G1 F1800 X106.429 Y102.865 E1332.33746
G0 F9000 X106.09 Y103.12
G1 F1800 X116.064 Y113.094 E1332.58376
G0 F9000 X115.637 Y113.261
G1 F1800 X105.767 Y103.391 E1332.82749
G0 F9000 X105.445 Y103.663
G1 F1800 X115.232 Y113.45 E1333.06917
G0 F9000 X114.873 Y113.685
G1 F1800 X105.128 Y103.94 E1333.30982
G0 F9000 X104.824 Y104.23
G1 F1800 X114.535 Y113.941 E1333.54963
G0 F9000 X114.222 Y114.222
G1 F1800 X104.52 Y104.52 E1333.78921
G0 F9000 X104.228 Y104.822
G1 F1800 X113.945 Y114.539 E1334.02917
G0 F9000 X113.682 Y114.869
G1 F1800 X103.94 Y105.128 E1334.26973
G0 F9000 X103.655 Y105.437
G1 F1800 X113.461 Y115.243 E1334.51188
G0 F9000 X113.262 Y115.637
G1 F1800 X103.388 Y105.764 E1334.7557
G0 F9000 X103.122 Y106.091
G1 F1800 X113.088 Y116.057 E1335.00181
G0 F9000 X112.972 Y116.536
G1 F1800 X102.864 Y106.428 E1335.25142
G0 F9000 X102.613 Y106.77
G1 F1800 X112.892 Y117.05 E1335.50526
G0 F9000 X112.872 Y117.624
G1 F1800 X102.361 Y107.113 E1335.76483
G0 F9000 X102.127 Y107.473
G1 F1800 X112.928 Y118.274 E1336.03155
G1 X113.002 Y118.348
G0 F9000 X113.157 Y119.097
G1 F1800 X101.896 Y107.836 E1336.30963
G1 X101.822 Y107.762
G1 F1500 E1335.30963
G0 F9000 X108.969 Y101.247
G1 F1500 E1336.30963
G1 F1800 X133.749 Y126.028 E1336.92157
G0 F9000 X133.951 Y125.636
G1 F1800 X109.365 Y101.049 E1337.52872
G0 F9000 X109.761 Y100.851
G1 F1800 X134.144 Y125.234 E1338.13085
G0 F9000 X134.326 Y124.823
G1 F1800 X110.175 Y100.671 E1338.72725
G0 F9000 X110.592 Y100.494
G1 F1800 X134.507 Y124.409 E1339.31782
G0 F9000 X134.67 Y123.978
G1 F1800 X111.017 Y100.326 E1339.9019
G0 F9000 X111.453 Y100.167
G1 F1800 X134.833 Y123.547 E1340.47926
G0 F9000 X134.98 Y123.1
G1 F1800 X111.891 Y100.012 E1341.04941
G0 F9000 X112.352 Y99.879
G1 F1800 X135.117 Y122.644 E1341.61158
G0 F9000 X135.247 Y122.18
G1 F1800 X112.814 Y99.747 E1342.16555
G0 F9000 X113.295 Y99.634
G1 F1800 X135.364 Y121.703 E1342.71053
G0 F9000 X135.477 Y121.222
G1 F1800 X113.779 Y99.524 E1343.24635
G0 F9000 X114.28 Y99.431
G1 F1800 X135.568 Y120.719 E1343.77204
G0 F9000 X135.657 Y120.214
G1 F1800 X114.789 Y99.346 E1344.28737
G0 F9000 X115.312 Y99.275
G1 F1800 X135.721 Y119.683 E1344.79134
G0 F9000 X135.785 Y119.154
G1 F1800 X115.85 Y99.218 E1345.28364
G0 F9000 X116.403 Y99.177
G1 F1800 X135.822 Y118.597 E1345.76319
G0 F9000 X135.856 Y118.037
G1 F1800 X116.97 Y99.151 E1346.22957
G0 F9000 X117.556 Y99.143
G1 F1800 X135.856 Y117.443 E1346.68148
G0 F9000 X135.848 Y116.841
G1 F1800 X118.161 Y99.154 E1347.11825
G0 F9000 X118.795 Y99.194
G1 F1800 X135.808 Y116.207 E1347.53837
G0 F9000 X135.75 Y115.555
G1 F1800 X119.441 Y99.246 E1347.94111
G0 F9000 X120.127 Y99.338
G1 F1800 X135.669 Y114.88 E1348.32491
G0 F9000 X135.548 Y114.165
G1 F1800 X120.835 Y99.452 E1348.68824
G0 F9000 X121.572 Y99.595
G1 F1800 X135.399 Y113.422 E1349.02969
G0 F9000 X135.207 Y112.636
G1 F1800 X122.376 Y99.805 E1349.34654
G1 X122.302 Y99.731
G0 F9000 X123.227 Y100.063
G1 F1800 X134.936 Y111.772 E1349.63569
G1 X135.01 Y111.846
G0 F9000 X134.605 Y110.846
G1 F1800 X124.153 Y100.394 E1349.8938
G1 X124.079 Y100.32
G0 F9000 X125.181 Y100.828
G1 F1800 X134.168 Y109.815 E1350.11572
G1 X134.242 Y109.889
G0 F9000 X133.574 Y108.627
G1 F1800 X126.378 Y101.432 E1350.29341
G1 X126.304 Y101.358
G0 F9000 X127.942 Y102.401
G1 F1800 X132.583 Y107.043 E1350.40803
G1 X132.657 Y107.117
G1 F1500 E1349.40803
;MESH:NONMESH
G0 F600 X132.657 Y107.117 Z2.82
G0 F9000 X98.555 Y117.5
;TIME_ELAPSED:2885.010319
;LAYER:27
;TYPE:WALL-INNER
;MESH:ranella v1.stl
G1 F1500 E1350.40803
G1 F1800 X98.555 Y117.507 E1350.40815
G1 X98.589 Y118.641 E1350.42796
G1 X98.688 Y119.751 E1350.44742
G1 X98.858 Y120.891 E1350.46755
G1 X99.092 Y121.981 E1350.48702
G1 X99.4 Y123.09 E1350.50712
G1 X99.761 Y124.148 E1350.52664
G1 X100.188 Y125.197 E1350.54641
G1 X100.689 Y126.236 E1350.56655
G1 X101.23 Y127.208 E1350.58598
G1 X101.848 Y128.172 E1350.60597
G1 X102.512 Y129.09 E1350.62576
G1 X103.232 Y129.965 E1350.64554
G1 X104.005 Y130.799 E1350.6654
G1 X104.815 Y131.575 E1350.68499
G1 X105.695 Y132.318 E1350.7051
G1 X106.589 Y132.989 E1350.72462
G1 X107.549 Y133.622 E1350.74469
G1 X108.515 Y134.179 E1350.76417
G1 X109.543 Y134.695 E1350.78425
G1 X110.588 Y135.142 E1350.8041
G1 X111.656 Y135.524 E1350.8239
G1 X112.728 Y135.834 E1350.84339
G1 X113.84 Y136.089 E1350.86331
G1 X114.973 Y136.278 E1350.88337
G1 X116.075 Y136.392 E1350.90271
G1 X117.226 Y136.445 E1350.92283
G1 X118.344 Y136.43 E1350.94236
G1 X119.482 Y136.343 E1350.96229
G1 X120.616 Y136.191 E1350.98226
G1 X121.709 Y135.976 E1351.00172
G1 X122.825 Y135.683 E1351.02186
G1 X123.889 Y135.339 E1351.04139
G1 X124.958 Y134.918 E1351.06145
G1 X125.99 Y134.44 E1351.08131
G1 X126.971 Y133.913 E1351.10076
G1 X127.937 Y133.319 E1351.12056
G1 X128.876 Y132.656 E1351.14063
G1 X129.763 Y131.947 E1351.16046
G1 X130.59 Y131.2 E1351.17992
G1 X131.402 Y130.381 E1351.20006
G1 X132.139 Y129.533 E1351.21967
G1 X132.833 Y128.634 E1351.2395
G1 X133.467 Y127.705 E1351.25914
G1 X134.058 Y126.72 E1351.2792
G1 X134.573 Y125.721 E1351.29883
G1 X135.032 Y124.693 E1351.31849
G1 X135.437 Y123.612 E1351.33864
G1 X135.771 Y122.528 E1351.35845
G1 X136.04 Y121.43 E1351.37819
G1 X136.237 Y120.331 E1351.39769
G1 X136.377 Y119.184 E1351.41786
G1 X136.446 Y118.056 E1351.4376
G1 X136.446 Y116.945 E1351.457
G1 X136.374 Y115.793 E1351.47715
G1 X136.237 Y114.665 E1351.49699
G1 X136.036 Y113.551 E1351.51676
G1 X135.771 Y112.469 E1351.53621
G1 X135.429 Y111.364 E1351.55641
G1 X135.036 Y110.311 E1351.57603
G1 X134.573 Y109.276 E1351.59583
G1 X134.058 Y108.279 E1351.61543
G1 X133.466 Y107.29 E1351.63555
G1 X132.829 Y106.353 E1351.65534
G1 X132.148 Y105.472 E1351.67478
G1 X131.402 Y104.62 E1351.69456
G1 X130.589 Y103.795 E1351.71478
G1 X129.763 Y103.049 E1351.73422
G1 X128.877 Y102.341 E1351.75402
G1 X127.934 Y101.678 E1351.77415
G1 X126.967 Y101.082 E1351.79398
G1 X125.989 Y100.556 E1351.81338
G1 X124.959 Y100.079 E1351.8332
G1 X123.886 Y99.658 E1351.85332
G1 X122.821 Y99.313 E1351.87287
G1 X121.714 Y99.025 E1351.89284
G1 X120.616 Y98.809 E1351.91238
G1 X119.482 Y98.657 E1351.93236
G1 X118.342 Y98.57 E1351.95233
G1 X117.224 Y98.551 E1351.97185
G1 X116.076 Y98.604 E1351.99192
G1 X114.969 Y98.721 E1352.01136
G1 X113.839 Y98.907 E1352.03135
G1 X112.728 Y99.162 E1352.05126
G1 X111.657 Y99.471 E1352.07072
G1 X110.589 Y99.858 E1352.09056
G1 X109.545 Y100.302 E1352.11037
G1 X108.514 Y100.818 E1352.1305
G1 X107.55 Y101.374 E1352.14993
G1 X106.589 Y102.011 E1352.17006
G1 X105.695 Y102.678 E1352.18954
G1 X104.816 Y103.425 E1352.20968
G1 X104.012 Y104.194 E1352.22911
G1 X103.232 Y105.032 E1352.2491
G1 X102.516 Y105.906 E1352.26883
G1 X101.848 Y106.825 E1352.28867
G1 X101.23 Y107.788 E1352.30865
G1 X100.689 Y108.76 E1352.32807
G1 X100.188 Y109.799 E1352.34821
G1 X99.761 Y110.848 E1352.36799
G1 X99.4 Y111.906 E1352.38751
G1 X99.093 Y113.019 E1352.40767
G1 X98.858 Y114.109 E1352.42714
G1 X98.688 Y115.245 E1352.4472
G1 X98.589 Y116.355 E1352.46666
G1 X98.555 Y117.5 E1352.48666
G0 F9000 X98.135 Y117.5
G1 F1800 X98.135 Y117.507 E1352.48678
G1 X98.17 Y118.666 E1352.50703
G1 X98.27 Y119.801 E1352.52693
G1 X98.445 Y120.967 E1352.54751
G1 X98.684 Y122.081 E1352.56741
G1 X98.999 Y123.214 E1352.58794
G1 X99.367 Y124.295 E1352.60788
G1 X99.804 Y125.368 E1352.62811
G1 X100.316 Y126.429 E1352.64868
G1 X100.869 Y127.424 E1352.66856
G1 X101.501 Y128.409 E1352.689
G1 X102.179 Y129.346 E1352.70919
G1 X102.915 Y130.241 E1352.72943
G1 X103.706 Y131.093 E1352.74973
G1 X104.534 Y131.887 E1352.76976
G1 X105.433 Y132.646 E1352.7903
G1 X106.347 Y133.332 E1352.81026
G1 X107.328 Y133.979 E1352.83078
G1 X108.315 Y134.549 E1352.85068
G1 X109.366 Y135.076 E1352.87121
G1 X110.435 Y135.533 E1352.89151
G1 X111.527 Y135.924 E1352.91176
G1 X112.623 Y136.241 E1352.93169
G1 X113.759 Y136.501 E1352.95204
G1 X114.917 Y136.695 E1352.97254
G1 X116.043 Y136.811 E1352.9923
G1 X117.219 Y136.865 E1353.01286
G1 X118.363 Y136.85 E1353.03284
G1 X119.526 Y136.761 E1353.05321
G1 X120.685 Y136.606 E1353.07362
G1 X121.803 Y136.385 E1353.09352
G1 X122.943 Y136.087 E1353.1141
G1 X124.031 Y135.734 E1353.13407
G1 X125.123 Y135.304 E1353.15456
G1 X126.178 Y134.816 E1353.17486
G1 X127.181 Y134.277 E1353.19474
G1 X128.168 Y133.669 E1353.21499
G1 X129.129 Y132.992 E1353.23551
G1 X130.035 Y132.267 E1353.25578
G1 X130.88 Y131.504 E1353.27566
G1 X131.71 Y130.667 E1353.29624
G1 X132.464 Y129.8 E1353.3163
G1 X133.173 Y128.881 E1353.33657
G1 X133.821 Y127.932 E1353.35664
G1 X134.425 Y126.925 E1353.37714
G1 X134.951 Y125.903 E1353.39721
G1 X135.42 Y124.852 E1353.41731
G1 X135.835 Y123.748 E1353.4379
G1 X136.176 Y122.64 E1353.45814
G1 X136.451 Y121.517 E1353.47833
G1 X136.652 Y120.394 E1353.49825
G1 X136.796 Y119.222 E1353.51887
G1 X136.866 Y118.069 E1353.53904
G1 X136.866 Y116.932 E1353.5589
G1 X136.792 Y115.754 E1353.57951
G1 X136.652 Y114.602 E1353.59977
G1 X136.447 Y113.463 E1353.61998
G1 X136.176 Y112.357 E1353.63986
G1 X135.827 Y111.228 E1353.6605
G1 X135.424 Y110.152 E1353.68056
G1 X134.952 Y109.094 E1353.70079
G1 X134.425 Y108.075 E1353.72082
G1 X133.82 Y107.064 E1353.7414
G1 X133.169 Y106.107 E1353.76161
G1 X132.473 Y105.205 E1353.7815
G1 X131.71 Y104.334 E1353.80172
G1 X130.88 Y103.492 E1353.82236
G1 X130.035 Y102.729 E1353.84224
G1 X129.129 Y102.005 E1353.8625
G1 X128.165 Y101.327 E1353.88307
G1 X127.177 Y100.718 E1353.90334
G1 X126.177 Y100.18 E1353.92317
G1 X125.124 Y99.692 E1353.94343
G1 X124.027 Y99.262 E1353.96401
G1 X122.939 Y98.91 E1353.98398
G1 X121.807 Y98.615 E1354.0044
G1 X120.685 Y98.394 E1354.02437
G1 X119.526 Y98.239 E1354.04479
G1 X118.362 Y98.15 E1354.06517
G1 X117.218 Y98.131 E1354.08515
G1 X116.044 Y98.185 E1354.10567
G1 X114.913 Y98.305 E1354.12553
G1 X113.758 Y98.495 E1354.14597
G1 X112.623 Y98.755 E1354.16631
G1 X111.527 Y99.072 E1354.18623
G1 X110.435 Y99.467 E1354.20651
G1 X109.369 Y99.921 E1354.22674
G1 X108.315 Y100.448 E1354.24731
G1 X107.328 Y101.016 E1354.2672
G1 X106.347 Y101.668 E1354.28777
G1 X105.433 Y102.35 E1354.30768
G1 X104.535 Y103.113 E1354.32826
G1 X103.713 Y103.899 E1354.34812
G1 X102.915 Y104.755 E1354.36855
G1 X102.183 Y105.649 E1354.38873
G1 X101.501 Y106.588 E1354.40899
G1 X100.869 Y107.572 E1354.42941
G1 X100.316 Y108.567 E1354.44929
G1 X99.804 Y109.628 E1354.46986
G1 X99.367 Y110.701 E1354.49009
G1 X98.999 Y111.782 E1354.51003
G1 X98.685 Y112.919 E1354.53063
G1 X98.444 Y114.034 E1354.55055
G1 X98.27 Y115.195 E1354.57105
G1 X98.17 Y116.33 E1354.59094
G1 X98.135 Y117.5 E1354.61138
G1 F1500 E1353.61138
G0 F9000 X98.425 Y117.5
G0 X113.453 Y117.5
G1 F1500 E1354.61138
G1 F1800 X113.45 Y117.468 E1354.61194
G1 X113.497 Y116.884 E1354.62217
G1 X113.645 Y116.257 E1354.63342
G1 X113.873 Y115.698 E1354.64396
G1 X114.202 Y115.154 E1354.65507
G1 X114.617 Y114.657 E1354.66637
G1 X115.026 Y114.296 E1354.6759
G1 X115.555 Y113.943 E1354.687
G1 X116.141 Y113.68 E1354.69822
G1 X116.757 Y113.519 E1354.70934
G1 X117.277 Y113.455 E1354.71848
G1 X117.933 Y113.472 E1354.72994
G1 X118.598 Y113.597 E1354.74176
G1 X119.174 Y113.806 E1354.75246
G1 X119.683 Y114.085 E1354.76259
G1 X120.172 Y114.452 E1354.77327
G1 X120.633 Y114.926 E1354.78481
G1 X120.982 Y115.429 E1354.79551
G1 X121.272 Y116.011 E1354.80686
G1 X121.451 Y116.575 E1354.81719
G1 X121.545 Y117.202 E1354.82826
G1 X121.545 Y117.796 E1354.83863
G1 X121.445 Y118.434 E1354.84991
G1 X121.248 Y119.045 E1354.86112
G1 X120.981 Y119.577 E1354.87152
G1 X120.613 Y120.098 E1354.88265
G1 X120.205 Y120.52 E1354.8929
G1 X119.683 Y120.911 E1354.90429
G1 X119.14 Y121.204 E1354.91507
G1 X118.598 Y121.398 E1354.92512
G1 X117.958 Y121.521 E1354.9365
G1 X117.353 Y121.55 E1354.94707
G1 X116.724 Y121.475 E1354.95813
G1 X116.129 Y121.315 E1354.96889
G1 X115.571 Y121.058 E1354.97962
G1 X115.048 Y120.725 E1354.99045
G1 X114.574 Y120.295 E1355.00162
G1 X114.193 Y119.833 E1355.01208
G1 X113.869 Y119.291 E1355.02311
G1 X113.636 Y118.709 E1355.03405
G1 X113.504 Y118.158 E1355.04395
G1 X113.453 Y117.5 E1355.05547
G0 F9000 X113.871 Y117.5
G1 F1800 X113.87 Y117.481 E1355.0558
G1 X113.912 Y116.946 E1355.06517
G1 X114.037 Y116.41 E1355.07478
G1 X114.236 Y115.92 E1355.08402
G1 X114.521 Y115.431 E1355.0939
G1 X114.908 Y114.96 E1355.10455
G1 X115.291 Y114.622 E1355.11347
G1 X115.766 Y114.307 E1355.12342
G1 X116.312 Y114.07 E1355.13381
G1 X116.787 Y113.941 E1355.14241
G1 X117.332 Y113.872 E1355.152
G1 X117.901 Y113.891 E1355.16194
G1 X118.427 Y113.987 E1355.17128
G1 X118.977 Y114.179 E1355.18145
G1 X119.463 Y114.443 E1355.19111
G1 X119.904 Y114.775 E1355.20074
G1 X120.308 Y115.192 E1355.21088
G1 X120.607 Y115.621 E1355.22001
G1 X120.864 Y116.122 E1355.22985
G1 X121.03 Y116.637 E1355.23929
G1 X121.124 Y117.209 E1355.24942
G1 X121.124 Y117.79 E1355.25956
G1 X121.042 Y118.311 E1355.26877
G1 X120.864 Y118.873 E1355.27906
G1 X120.634 Y119.334 E1355.28806
G1 X120.296 Y119.822 E1355.29843
G1 X119.894 Y120.233 E1355.30847
G1 X119.481 Y120.541 E1355.31746
G1 X119.024 Y120.795 E1355.32659
G1 X118.477 Y120.996 E1355.33677
G1 X117.936 Y121.101 E1355.34639
G1 X117.358 Y121.126 E1355.35649
G1 X116.787 Y121.059 E1355.36653
G1 X116.299 Y120.926 E1355.37536
G1 X115.769 Y120.688 E1355.38551
G1 X115.331 Y120.408 E1355.39459
G1 X114.923 Y120.05 E1355.40406
G1 X114.541 Y119.594 E1355.41445
G1 X114.259 Y119.123 E1355.42404
G1 X114.043 Y118.604 E1355.43385
G1 X113.912 Y118.054 E1355.44373
G1 X113.871 Y117.5 E1355.45343
G0 F9000 X114.291 Y117.5
;TYPE:WALL-OUTER
G1 F1800 X114.29 Y117.483 E1355.45372
G1 X114.331 Y116.992 E1355.46233
G1 X114.445 Y116.516 E1355.47087
G1 X114.626 Y116.076 E1355.47918
G1 X114.877 Y115.654 E1355.48775
G1 X115.204 Y115.258 E1355.49672
G1 X115.573 Y114.936 E1355.50527
G1 X115.982 Y114.672 E1355.51377
G1 X116.432 Y114.473 E1355.52237
G1 X116.902 Y114.347 E1355.53086
G1 X117.369 Y114.29 E1355.53908
G1 X117.88 Y114.311 E1355.54801
G1 X118.357 Y114.402 E1355.55649
G1 X118.821 Y114.569 E1355.5651
G1 X119.26 Y114.812 E1355.57386
G1 X119.635 Y115.098 E1355.5821
G1 X119.987 Y115.463 E1355.59095
G1 X120.268 Y115.873 E1355.59963
G1 X120.483 Y116.299 E1355.60796
G1 X120.632 Y116.779 E1355.61674
G1 X120.706 Y117.254 E1355.62513
G1 X120.704 Y117.766 E1355.63407
G1 X120.629 Y118.234 E1355.64235
G1 X120.483 Y118.697 E1355.65083
G1 X120.261 Y119.141 E1355.65949
G1 X119.979 Y119.546 E1355.66811
G1 X119.632 Y119.905 E1355.67683
G1 X119.243 Y120.195 E1355.6853
G1 X118.809 Y120.432 E1355.69394
G1 X118.35 Y120.596 E1355.70245
G1 X117.88 Y120.685 E1355.7108
G1 X117.369 Y120.706 E1355.71973
G1 X116.887 Y120.651 E1355.7282
G1 X116.405 Y120.518 E1355.73693
G1 X115.968 Y120.318 E1355.74532
G1 X115.547 Y120.045 E1355.75409
G1 X115.181 Y119.714 E1355.7627
G1 X114.871 Y119.332 E1355.77129
G1 X114.626 Y118.92 E1355.77966
G1 X114.435 Y118.449 E1355.78854
G1 X114.328 Y117.992 E1355.79673
G1 X114.291 Y117.5 E1355.80535
G0 F9000 X114.29 Y117.483
G0 X114.305 Y117.301
G1 F1500 E1354.80535
G0 F9000 X113.602 Y117.246
G0 X98.425 Y117.5
G0 X97.715 Y117.5
G1 F1500 E1355.80535
G1 F1800 X97.715 Y117.507 E1355.80547
G1 X97.75 Y118.691 E1355.82616
G1 X97.853 Y119.851 E1355.84649
G1 X98.031 Y121.042 E1355.86752
G1 X98.276 Y122.181 E1355.88786
G1 X98.597 Y123.338 E1355.90883
G1 X98.973 Y124.442 E1355.92919
G1 X99.42 Y125.538 E1355.94986
G1 X99.943 Y126.623 E1355.97089
G1 X100.509 Y127.64 E1355.99122
G1 X101.154 Y128.645 E1356.01207
G1 X101.847 Y129.603 E1356.03271
G1 X102.599 Y130.517 E1356.05338
G1 X103.406 Y131.388 E1356.07412
G1 X104.253 Y132.199 E1356.09459
G1 X105.171 Y132.975 E1356.11558
G1 X106.105 Y133.676 E1356.13597
G1 X107.107 Y134.337 E1356.15693
G1 X108.116 Y134.919 E1356.17727
G1 X109.189 Y135.457 E1356.19823
G1 X110.281 Y135.924 E1356.21897
G1 X111.397 Y136.324 E1356.23967
G1 X112.517 Y136.648 E1356.26003
G1 X113.677 Y136.913 E1356.28081
G1 X114.861 Y137.111 E1356.30177
G1 X116.012 Y137.23 E1356.32198
G1 X117.212 Y137.285 E1356.34295
G1 X118.382 Y137.27 E1356.36338
G1 X119.57 Y137.179 E1356.38419
G1 X120.753 Y137.02 E1356.40503
G1 X121.897 Y136.795 E1356.42539
G1 X123.061 Y136.49 E1356.4464
G1 X124.173 Y136.13 E1356.46681
G1 X125.289 Y135.69 E1356.48776
G1 X126.366 Y135.192 E1356.50848
G1 X127.391 Y134.641 E1356.5288
G1 X128.4 Y134.02 E1356.54949
G1 X129.381 Y133.328 E1356.57045
G1 X130.307 Y132.587 E1356.59116
G1 X131.17 Y131.808 E1356.61146
G1 X132.018 Y130.953 E1356.63249
G1 X132.789 Y130.066 E1356.65301
G1 X133.513 Y129.128 E1356.6737
G1 X134.175 Y128.158 E1356.6942
G1 X134.792 Y127.129 E1356.71515
G1 X135.33 Y126.085 E1356.73566
G1 X135.809 Y125.012 E1356.75618
G1 X136.233 Y123.884 E1356.77722
G1 X136.581 Y122.752 E1356.7979
G1 X136.862 Y121.604 E1356.81854
G1 X137.068 Y120.456 E1356.83891
G1 X137.214 Y119.26 E1356.85995
G1 X137.286 Y118.081 E1356.88057
G1 X137.286 Y116.919 E1356.90086
G1 X137.21 Y115.716 E1356.92191
G1 X137.068 Y114.54 E1356.94259
G1 X136.858 Y113.376 E1356.96325
G1 X136.581 Y112.245 E1356.98358
G1 X136.225 Y111.092 E1357.00465
G1 X135.813 Y109.992 E1357.02516
G1 X135.33 Y108.912 E1357.04582
G1 X134.792 Y107.871 E1357.06628
G1 X134.174 Y106.838 E1357.0873
G1 X133.509 Y105.86 E1357.10795
G1 X132.797 Y104.938 E1357.12829
G1 X132.018 Y104.048 E1357.14895
G1 X131.17 Y103.188 E1357.17004
G1 X130.307 Y102.409 E1357.19034
G1 X129.381 Y101.669 E1357.21103
G1 X128.396 Y100.976 E1357.23206
G1 X127.387 Y100.354 E1357.25276
G1 X126.365 Y99.804 E1357.27303
G1 X125.289 Y99.306 E1357.29373
G1 X124.169 Y98.866 E1357.31474
G1 X123.057 Y98.506 E1357.33515
G1 X121.901 Y98.205 E1357.35601
G1 X120.753 Y97.98 E1357.37644
G1 X119.57 Y97.821 E1357.39728
G1 X118.382 Y97.73 E1357.41809
G1 X117.212 Y97.711 E1357.43852
G1 X116.012 Y97.766 E1357.4595
G1 X114.857 Y97.889 E1357.47978
G1 X113.677 Y98.083 E1357.50066
G1 X112.517 Y98.348 E1357.52144
G1 X111.397 Y98.672 E1357.54179
G1 X110.281 Y99.076 E1357.56252
G1 X109.193 Y99.539 E1357.58317
G1 X108.116 Y100.078 E1357.6042
G1 X107.107 Y100.659 E1357.62453
G1 X106.105 Y101.324 E1357.64553
G1 X105.171 Y102.021 E1357.66588
G1 X104.253 Y102.801 E1357.68691
G1 X103.414 Y103.604 E1357.70719
G1 X102.599 Y104.479 E1357.72807
G1 X101.851 Y105.393 E1357.74869
G1 X101.154 Y106.351 E1357.76938
G1 X100.509 Y107.356 E1357.79023
G1 X99.943 Y108.373 E1357.81056
G1 X99.42 Y109.458 E1357.83159
G1 X98.973 Y110.554 E1357.85226
G1 X98.597 Y111.658 E1357.87262
G1 X98.277 Y112.819 E1357.89365
G1 X98.031 Y113.958 E1357.914
G1 X97.853 Y115.145 E1357.93496
G1 X97.75 Y116.305 E1357.95529
G1 X97.715 Y117.5 E1357.97617
G0 F9000 X97.715 Y117.507
G0 X97.72 Y117.699
G1 F1500 E1356.97617
G0 F9000 X98.43 Y117.679
G0 X113.074 Y117.5
;TYPE:SKIN
G1 F1500 E1357.97617
G1 F1800 X113.121 Y118.177 E1357.98802
G1 X113.273 Y118.84 E1357.99989
G1 X113.522 Y119.434 E1358.01114
G1 X113.871 Y120.038 E1358.02332
G1 X114.331 Y120.589 E1358.03585
G1 X114.816 Y121.021 E1358.0472
G1 X115.363 Y121.379 E1358.05861
G1 X115.976 Y121.66 E1358.07039
G1 X116.651 Y121.847 E1358.08262
G1 X117.321 Y121.922 E1358.09439
G1 X118.004 Y121.893 E1358.10633
G1 X118.654 Y121.78 E1358.11785
G1 X119.314 Y121.544 E1358.13009
G1 X119.883 Y121.231 E1358.14142
G1 X120.411 Y120.841 E1358.15289
G1 X120.899 Y120.343 E1358.16506
G1 X121.301 Y119.781 E1358.17713
G1 X121.619 Y119.149 E1358.18948
G1 X121.815 Y118.513 E1358.2011
G1 X121.92 Y117.858 E1358.21269
G1 X121.922 Y117.179 E1358.22454
G1 X121.817 Y116.49 E1358.23671
G1 X121.625 Y115.878 E1358.24791
G1 X121.305 Y115.231 E1358.26052
G1 X120.923 Y114.681 E1358.27221
G1 X120.45 Y114.185 E1358.28418
G1 X119.96 Y113.812 E1358.29493
G1 X119.344 Y113.464 E1358.30728
G1 X118.65 Y113.216 E1358.32015
G1 X118.048 Y113.103 E1358.33085
G1 X117.315 Y113.066 E1358.34366
G1 X116.697 Y113.144 E1358.35454
G1 X116.019 Y113.32 E1358.36677
G1 X115.353 Y113.622 E1358.37954
G1 X114.821 Y113.968 E1358.39062
G1 X114.316 Y114.414 E1358.40239
G1 X113.854 Y114.987 E1358.41524
G1 X113.534 Y115.529 E1358.42623
G1 X113.276 Y116.148 E1358.43794
G1 X113.123 Y116.808 E1358.44977
G1 X113.07 Y117.443 E1358.4609
G1 X113.074 Y117.5 E1358.4619
G1 F1500 E1357.4619
G0 F9000 X98.931 Y117.5
G1 F1500 E1358.4619
G1 F1800 X98.966 Y116.369 E1358.48165
G1 X99.061 Y115.297 E1358.50045
G1 X99.227 Y114.186 E1358.52006
G1 X99.457 Y113.119 E1358.53912
G1 X99.765 Y112.006 E1358.55929
G1 X100.109 Y110.986 E1358.57808
G1 X100.528 Y109.962 E1358.5974
G1 X101.031 Y108.925 E1358.61753
G1 X101.549 Y107.988 E1358.63622
G1 X102.162 Y107.031 E1358.65607
G1 X102.863 Y106.077 E1358.67674
G1 X103.507 Y105.287 E1358.69454
G1 X104.286 Y104.452 E1358.71448
G1 X105.061 Y103.713 E1358.73318
G1 X105.94 Y102.969 E1358.75329
G1 X106.814 Y102.312 E1358.77238
G1 X107.739 Y101.699 E1358.79175
G1 X108.684 Y101.154 E1358.8108
G1 X109.713 Y100.639 E1358.8309
G1 X110.737 Y100.204 E1358.85032
G1 X111.781 Y99.824 E1358.86972
G1 X112.813 Y99.528 E1358.88847
G1 X113.909 Y99.279 E1358.9081
G1 X115.029 Y99.093 E1358.92792
G1 X116.096 Y98.982 E1358.94665
G1 X117.232 Y98.927 E1358.96651
G1 X118.313 Y98.946 E1358.98539
G1 X119.441 Y99.033 E1359.00515
G1 X120.561 Y99.184 E1359.02488
G1 X121.617 Y99.389 E1359.04366
G1 X122.721 Y99.678 E1359.06359
G1 X123.749 Y100.01 E1359.08245
G1 X124.817 Y100.43 E1359.10249
G1 X125.83 Y100.896 E1359.12196
G1 X126.766 Y101.402 E1359.14054
G1 X127.724 Y101.992 E1359.16019
G1 X128.653 Y102.644 E1359.18001
G1 X129.523 Y103.344 E1359.19951
G1 X130.33 Y104.072 E1359.21848
G1 X131.118 Y104.868 E1359.23804
G1 X131.845 Y105.702 E1359.25736
G1 X132.525 Y106.584 E1359.27681
G1 X133.138 Y107.486 E1359.29585
G1 X133.72 Y108.455 E1359.31559
G1 X134.234 Y109.448 E1359.33511
G1 X134.681 Y110.452 E1359.3543
G1 X135.065 Y111.477 E1359.37342
G1 X135.409 Y112.581 E1359.39361
G1 X135.662 Y113.616 E1359.41221
G1 X135.86 Y114.712 E1359.43166
G1 X135.994 Y115.816 E1359.45108
G1 X136.066 Y116.967 E1359.47122
G1 X136.066 Y118.033 E1359.48983
G1 X135.998 Y119.136 E1359.50913
G1 X135.86 Y120.28 E1359.52925
G1 X135.67 Y121.34 E1359.54805
G1 X135.405 Y122.416 E1359.5674
G1 X135.143 Y123.283 E1359.58322
G1 X135.153 Y123.296 E1359.58351
G1 X134.681 Y124.54 E1359.60674
G1 X134.234 Y125.545 E1359.62594
G1 X133.72 Y126.541 E1359.64552
G1 X133.15 Y127.49 E1359.66485
G1 X132.529 Y128.404 E1359.68414
G1 X131.841 Y129.298 E1359.70384
G1 X131.114 Y130.132 E1359.72316
G1 X130.334 Y130.92 E1359.74252
G1 X129.524 Y131.651 E1359.76157
G1 X128.649 Y132.347 E1359.78109
G1 X127.72 Y133.004 E1359.80096
G1 X126.775 Y133.586 E1359.82034
G1 X125.83 Y134.096 E1359.83909
G1 X124.817 Y134.562 E1359.85856
G1 X123.749 Y134.986 E1359.87863
G1 X122.725 Y135.314 E1359.8974
G1 X121.613 Y135.607 E1359.91748
G1 X120.561 Y135.812 E1359.9362
G1 X119.441 Y135.963 E1359.95593
G1 X118.314 Y136.05 E1359.97567
G1 X117.236 Y136.065 E1359.9945
G1 X116.092 Y136.01 E1360.0145
G1 X115.032 Y135.903 E1360.0331
G1 X113.913 Y135.717 E1360.05291
G1 X112.813 Y135.464 E1360.07262
G1 X111.781 Y135.164 E1360.09138
G1 X110.733 Y134.792 E1360.1108
G1 X109.697 Y134.349 E1360.13048
G1 X108.692 Y133.843 E1360.15012
G1 X107.755 Y133.305 E1360.16899
G1 X106.798 Y132.672 E1360.18902
G1 X105.923 Y132.015 E1360.20813
G1 X105.069 Y131.295 E1360.22764
G1 X104.27 Y130.528 E1360.24698
G1 X103.515 Y129.713 E1360.26638
G1 X102.811 Y128.855 E1360.28576
G1 X102.154 Y127.949 E1360.3053
G1 X101.549 Y127.004 E1360.32489
G1 X101.031 Y126.067 E1360.34359
G1 X100.528 Y125.03 E1360.36371
G1 X100.109 Y124.006 E1360.38303
G1 X99.757 Y122.966 E1360.4022
G1 X99.457 Y121.877 E1360.42193
G1 X99.227 Y120.81 E1360.44099
G1 X99.061 Y119.695 E1360.46067
G1 X98.966 Y118.627 E1360.47939
G1 X98.931 Y117.515 E1360.49882
G1 X98.931 Y117.5 E1360.49908
G1 F1500 E1359.49908
G0 F9000 X103.843 Y105.234
G1 F1500 E1360.49908
G1 F1800 X105.247 Y103.83 E1360.53375
G1 X105.321 Y103.756
G0 F9000 X107.682 Y101.989
G1 F1800 X102.006 Y107.665 E1360.67392
G1 X101.932 Y107.739
G0 F9000 X101.194 Y109.071
G1 F1800 X109.069 Y101.196 E1360.86839
G1 X109.143 Y101.122
G0 F9000 X110.198 Y100.661
G1 F1800 X100.657 Y110.203 E1361.10401
G1 X100.583 Y110.277
G0 F9000 X100.262 Y111.191
G1 F1800 X111.192 Y100.261 E1361.37392
G1 X111.266 Y100.187
G0 F9000 X112.095 Y99.952
G1 F1800 X99.962 Y112.085 E1361.67353
G1 X99.888 Y112.159
G0 F9000 X99.735 Y112.907
G1 F1800 X112.924 Y99.718 E1361.99923
G0 F9000 X113.692 Y99.543
G1 F1800 X99.551 Y113.684 E1362.34843
G0 F9000 X99.404 Y114.425
G1 F1800 X114.423 Y99.406 E1362.71932
G0 F9000 X115.13 Y99.293
G1 F1800 X99.3 Y115.123 E1363.11023
G0 F9000 X99.229 Y115.788
G1 F1800 X115.793 Y99.224 E1363.51927
G0 F9000 X116.436 Y99.175
G1 F1800 X99.175 Y116.436 E1363.94552
G0 F9000 X99.156 Y117.049
G1 F1800 X117.059 Y99.146 E1364.38762
G0 F9000 X117.655 Y99.144
G1 F1800 X99.146 Y117.653 E1364.84469
G0 F9000 X99.164 Y118.229
G1 F1800 X118.238 Y99.155 E1365.31571
G0 F9000 X118.793 Y99.194
G1 F1800 X99.192 Y118.795 E1365.79974
G0 F9000 X99.241 Y119.34
G1 F1800 X119.345 Y99.236 E1366.2962
G0 F9000 X119.872 Y99.303
G1 F1800 X99.301 Y119.874 E1366.80419
G0 F9000 X99.378 Y120.391
G1 F1800 X120.396 Y99.373 E1367.32322
G0 F9000 X120.899 Y99.464
G1 F1800 X99.462 Y120.9 E1367.85258
G0 F9000 X99.567 Y121.39
G1 F1800 X121.396 Y99.561 E1368.39163
G0 F9000 X121.877 Y99.674
G1 F1800 X99.675 Y121.876 E1368.9399
G0 F9000 X99.803 Y122.341
G1 F1800 X122.348 Y99.797 E1369.49662
G0 F9000 X122.811 Y99.928
G1 F1800 X99.932 Y122.807 E1370.0616
G0 F9000 X100.078 Y123.255
G1 F1800 X123.26 Y100.073 E1370.63407
G0 F9000 X123.708 Y100.219
G1 F1800 X100.227 Y123.699 E1371.2139
G0 F9000 X100.388 Y124.133
G1 F1800 X124.134 Y100.387 E1371.8003
G0 F9000 X124.56 Y100.554
G1 F1800 X100.561 Y124.553 E1372.39294
G0 F9000 X100.735 Y124.973
G1 F1800 X124.975 Y100.733 E1372.99153
G0 F9000 X125.382 Y100.92
G1 F1800 X100.929 Y125.374 E1373.59539
G0 F9000 X101.123 Y125.774
G1 F1800 X125.787 Y101.11 E1374.20446
G0 F9000 X126.172 Y101.319
G1 F1800 X101.326 Y126.165 E1374.81801
G0 F9000 X101.538 Y126.547
G1 F1800 X126.557 Y101.528 E1375.43584
G0 F9000 X126.928 Y101.75
G1 F1800 X115.22 Y113.458 E1375.72496
G1 X115.146 Y113.532
G0 F9000 X116.219 Y113.054
G1 F1800 X127.296 Y101.976 E1375.99852
G0 F9000 X127.662 Y102.204
G1 F1800 X116.967 Y112.899 E1376.26262
G0 F9000 X117.589 Y112.871
G1 F1800 X128.011 Y102.449 E1376.51999
G0 F9000 X128.36 Y102.695
G1 F1800 X118.146 Y112.909 E1376.77222
G0 F9000 X118.645 Y113.003
G1 F1800 X128.698 Y102.95 E1377.02047
G0 F9000 X129.028 Y103.214
G1 F1800 X119.092 Y113.151 E1377.26584
G0 F9000 X119.513 Y113.323
G1 F1800 X129.357 Y103.479 E1377.50894
G0 F9000 X129.671 Y103.759
G1 F1800 X119.894 Y113.536 E1377.75037
G0 F9000 X120.253 Y113.771
G1 F1800 X129.983 Y104.041 E1377.99065
G0 F9000 X130.289 Y104.329
G1 F1800 X120.589 Y114.029 E1378.23018
G0 F9000 X120.88 Y114.332
G1 F1800 X130.584 Y104.628 E1378.46982
G0 F9000 X130.88 Y104.926
G1 F1800 X121.156 Y114.65 E1378.70995
G0 F9000 X121.4 Y115
G1 F1800 X131.162 Y105.238 E1378.95101
G0 F9000 X131.438 Y105.555
G1 F1800 X121.614 Y115.38 E1379.19362
G0 F9000 X121.811 Y115.777
G1 F1800 X131.713 Y105.875 E1379.43815
G0 F9000 X131.972 Y106.21
G1 F1800 X121.954 Y116.228 E1379.68554
G0 F9000 X122.063 Y116.713
G1 F1800 X132.23 Y106.545 E1379.93662
G0 F9000 X132.479 Y106.891
G1 F1800 X122.131 Y117.238 E1380.19214
G0 F9000 X122.131 Y117.833
G1 F1800 X132.72 Y107.244 E1380.45363
G0 F9000 X132.96 Y107.598
G1 F1800 X122.025 Y118.533 E1380.72366
G1 X121.951 Y118.607
G0 F9000 X121.702 Y119.45
G1 F1800 X133.183 Y107.969 E1381.00718
G0 F9000 X133.406 Y108.339
G1 F1800 X108.344 Y133.402 E1381.62608
G0 F9000 X108.721 Y133.618
G1 F1800 X133.621 Y108.719 E1382.24096
G0 F9000 X133.823 Y109.111
G1 F1800 X109.113 Y133.821 E1382.85116
G0 F9000 X109.508 Y134.019
G1 F1800 X134.025 Y109.503 E1383.45658
G0 F9000 X134.21 Y109.911
G1 F1800 X109.91 Y134.212 E1384.05667
G0 F9000 X110.326 Y134.39
G1 F1800 X134.393 Y110.322 E1384.651
G0 F9000 X134.566 Y110.744
G1 F1800 X110.741 Y134.568 E1385.23933
G0 F9000 X111.176 Y134.727
G1 F1800 X134.727 Y111.176 E1385.82091
G0 F9000 X134.886 Y111.611
G1 F1800 X111.615 Y134.883 E1386.39558
G0 F9000 X112.064 Y135.028
G1 F1800 X135.027 Y112.064 E1386.96265
G0 F9000 X135.168 Y112.517
G1 F1800 X112.523 Y135.162 E1387.52186
G0 F9000 X112.989 Y135.29
G1 F1800 X135.292 Y112.987 E1388.07262
G0 F9000 X135.409 Y113.464
G1 F1800 X113.472 Y135.401 E1388.61434
G0 F9000 X113.956 Y135.511
G1 F1800 X135.51 Y113.957 E1389.1466
G0 F9000 X135.6 Y114.461
G1 F1800 X114.465 Y135.596 E1389.66852
G0 F9000 X114.974 Y135.681
G1 F1800 X135.68 Y114.976 E1390.17982
G0 F9000 X135.744 Y115.505
G1 F1800 X115.509 Y135.74 E1390.67952
G0 F9000 X116.049 Y135.794
G1 F1800 X135.798 Y116.045 E1391.16721
G0 F9000 X135.832 Y116.605
G1 F1800 X116.613 Y135.824 E1391.64181
G0 F9000 X117.18 Y135.851
G1 F1800 X135.856 Y117.175 E1392.103
G0 F9000 X135.856 Y117.769
G1 F1800 X117.777 Y135.848 E1392.54945
G0 F9000 X118.385 Y135.835
G1 F1800 X135.834 Y118.385 E1392.98035
G0 F9000 X135.795 Y119.018
G1 F1800 X119.028 Y135.785 E1393.3944
G0 F9000 X119.688 Y135.719
G1 F1800 X135.72 Y119.687 E1393.79031
G0 F9000 X135.629 Y120.371
G1 F1800 X120.375 Y135.626 E1394.16701
G0 F9000 X121.101 Y135.494
G1 F1800 X135.5 Y121.095 E1394.52258
G0 F9000 X135.324 Y121.865
G1 F1800 X121.865 Y135.324 E1394.85494
G0 F9000 X122.672 Y135.111
G1 F1800 X135.107 Y122.676 E1395.16202
G1 X135.181 Y122.602
G0 F9000 X134.834 Y123.543
G1 F1800 X123.546 Y134.83 E1395.44075
G1 X123.472 Y134.904
G0 F9000 X124.515 Y134.456
G1 F1800 X134.467 Y124.504 E1395.68651
G1 X134.541 Y124.43
G0 F9000 X133.976 Y125.589
G1 F1800 X125.589 Y133.976 E1395.89363
G1 X125.515 Y134.05
G0 F9000 X126.89 Y133.268
G1 F1800 X133.259 Y126.9 E1396.05089
G1 X133.333 Y126.826
G0 F9000 X131.984 Y128.769
G1 F1800 X128.768 Y131.984 E1396.1303
G1 X128.694 Y132.058
G1 F1500 E1395.1303
G0 F9000 X119.435 Y121.717
G1 F1500 E1396.1303
G1 F1800 X107.966 Y133.186 E1396.41352
G0 F9000 X107.604 Y132.954
G1 F1800 X118.547 Y122.011 E1396.68375
G0 F9000 X117.856 Y122.108
G1 F1800 X107.247 Y132.717 E1396.94573
G0 F9000 X106.891 Y132.479
G1 F1800 X117.245 Y122.124 E1397.20143
G0 F9000 X116.712 Y122.064
G1 F1800 X106.552 Y132.224 E1397.45232
G0 F9000 X106.212 Y131.969
G1 F1800 X116.233 Y121.949 E1397.69977
G0 F9000 X115.787 Y121.801
G1 F1800 X105.881 Y131.706 E1397.94438
G0 F9000 X105.559 Y131.435
G1 F1800 X115.379 Y121.615 E1398.18688
G0 F9000 X115.005 Y121.395
G1 F1800 X105.237 Y131.163 E1398.4281
G0 F9000 X104.933 Y130.873
G1 F1800 X114.652 Y121.154 E1398.6681
G0 F9000 X114.338 Y120.874
G1 F1800 X104.629 Y130.583 E1398.90786
G0 F9000 X104.332 Y130.286
G1 F1800 X114.044 Y120.574 E1399.14769
G0 F9000 X113.773 Y120.251
G1 F1800 X104.047 Y129.978 E1399.38788
G0 F9000 X103.762 Y129.669
G1 F1800 X113.543 Y119.887 E1399.62943
G0 F9000 X113.328 Y119.508
G1 F1800 X103.488 Y129.348 E1399.87242
G0 F9000 X103.22 Y129.022
G1 F1800 X113.153 Y119.089 E1400.11771
G0 F9000 X113.011 Y118.638
G1 F1800 X102.954 Y128.694 E1400.36605
G0 F9000 X102.704 Y128.35
G1 F1800 X112.909 Y118.145 E1400.61806
G0 F9000 X112.869 Y117.591
G1 F1800 X102.455 Y128.005 E1400.87522
G0 F9000 X102.214 Y127.652
G1 F1800 X112.898 Y116.968 E1401.13906
G0 F9000 X113.042 Y116.23
G1 F1800 X101.982 Y127.29 E1401.41218
G0 F9000 X101.751 Y126.928
G1 F1800 X113.496 Y115.182 E1401.70223
G1 X113.57 Y115.108
G1 F1500 E1400.70223
;MESH:NONMESH
G0 F600 X113.57 Y115.108 Z2.92
G0 F9000 X98.555 Y117.5
;TIME_ELAPSED:2992.458382
;LAYER:28
;TYPE:WALL-INNER
;MESH:ranella v1.stl
G1 F1500 E1401.70223
G1 F1800 X98.555 Y117.507 E1401.70235
G1 X98.589 Y118.641 E1401.72216
G1 X98.688 Y119.751 E1401.74162
G1 X98.858 Y120.891 E1401.76175
G1 X99.092 Y121.981 E1401.78121
G1 X99.4 Y123.09 E1401.80131
G1 X99.761 Y124.148 E1401.82083
G1 X100.188 Y125.197 E1401.84061
G1 X100.689 Y126.236 E1401.86075
G1 X101.23 Y127.208 E1401.88017
G1 X101.848 Y128.172 E1401.90017
G1 X102.512 Y129.09 E1401.91995
G1 X103.232 Y129.965 E1401.93974
G1 X104.005 Y130.799 E1401.95959
G1 X104.815 Y131.575 E1401.97918
G1 X105.695 Y132.318 E1401.99929
G1 X106.589 Y132.989 E1402.01881
G1 X107.549 Y133.622 E1402.03889
G1 X108.515 Y134.179 E1402.05836
G1 X109.543 Y134.695 E1402.07845
G1 X110.588 Y135.142 E1402.09829
G1 X111.656 Y135.524 E1402.1181
G1 X112.728 Y135.834 E1402.13758
G1 X113.84 Y136.089 E1402.15751
G1 X114.973 Y136.278 E1402.17756
G1 X116.075 Y136.392 E1402.19691
G1 X117.226 Y136.445 E1402.21703
G1 X118.344 Y136.43 E1402.23655
G1 X119.482 Y136.343 E1402.25648
G1 X120.616 Y136.191 E1402.27646
G1 X121.709 Y135.976 E1402.29591
G1 X122.825 Y135.683 E1402.31606
G1 X123.889 Y135.339 E1402.33558
G1 X124.958 Y134.918 E1402.35565
G1 X125.99 Y134.44 E1402.37551
G1 X126.971 Y133.913 E1402.39495
G1 X127.937 Y133.319 E1402.41475
G1 X128.876 Y132.656 E1402.43482
G1 X129.763 Y131.947 E1402.45465
G1 X130.59 Y131.2 E1402.47411
G1 X131.402 Y130.381 E1402.49425
G1 X132.139 Y129.533 E1402.51387
G1 X132.833 Y128.634 E1402.5337
G1 X133.467 Y127.705 E1402.55334
G1 X134.058 Y126.72 E1402.5734
G1 X134.573 Y125.721 E1402.59302
G1 X135.032 Y124.693 E1402.61268
G1 X135.437 Y123.612 E1402.63284
G1 X135.771 Y122.528 E1402.65265
G1 X136.04 Y121.43 E1402.67238
G1 X136.237 Y120.331 E1402.69188
G1 X136.377 Y119.184 E1402.71206
G1 X136.446 Y118.056 E1402.73179
G1 X136.446 Y116.945 E1402.75119
G1 X136.374 Y115.793 E1402.77135
G1 X136.237 Y114.665 E1402.79119
G1 X136.036 Y113.551 E1402.81095
G1 X135.771 Y112.469 E1402.83041
G1 X135.429 Y111.364 E1402.8506
G1 X135.036 Y110.311 E1402.87023
G1 X134.573 Y109.276 E1402.89003
G1 X134.058 Y108.279 E1402.90962
G1 X133.466 Y107.29 E1402.92975
G1 X132.829 Y106.353 E1402.94953
G1 X132.148 Y105.472 E1402.96898
G1 X131.402 Y104.62 E1402.98875
G1 X130.589 Y103.795 E1403.00898
G1 X129.763 Y103.049 E1403.02841
G1 X128.877 Y102.341 E1403.04822
G1 X127.934 Y101.678 E1403.06834
G1 X126.967 Y101.082 E1403.08818
G1 X125.989 Y100.556 E1403.10757
G1 X124.959 Y100.079 E1403.12739
G1 X123.886 Y99.658 E1403.14752
G1 X122.821 Y99.313 E1403.16707
G1 X121.714 Y99.025 E1403.18704
G1 X120.616 Y98.809 E1403.20658
G1 X119.482 Y98.657 E1403.22656
G1 X118.342 Y98.57 E1403.24652
G1 X117.224 Y98.551 E1403.26605
G1 X116.076 Y98.604 E1403.28611
G1 X114.969 Y98.721 E1403.30555
G1 X113.839 Y98.907 E1403.32555
G1 X112.728 Y99.162 E1403.34545
G1 X111.657 Y99.471 E1403.36492
G1 X110.589 Y99.858 E1403.38475
G1 X109.545 Y100.302 E1403.40456
G1 X108.514 Y100.818 E1403.42469
G1 X107.55 Y101.374 E1403.44413
G1 X106.589 Y102.011 E1403.46426
G1 X105.695 Y102.678 E1403.48374
G1 X104.816 Y103.425 E1403.50388
G1 X104.012 Y104.194 E1403.52331
G1 X103.232 Y105.032 E1403.5433
G1 X102.516 Y105.906 E1403.56302
G1 X101.848 Y106.825 E1403.58286
G1 X101.23 Y107.788 E1403.60284
G1 X100.689 Y108.76 E1403.62227
G1 X100.188 Y109.799 E1403.64241
G1 X99.761 Y110.848 E1403.66219
G1 X99.4 Y111.906 E1403.68171
G1 X99.093 Y113.019 E1403.70187
G1 X98.858 Y114.109 E1403.72134
G1 X98.688 Y115.245 E1403.74139
G1 X98.589 Y116.355 E1403.76085
G1 X98.555 Y117.5 E1403.78086
G0 F9000 X98.135 Y117.5
G1 F1800 X98.135 Y117.507 E1403.78098
G1 X98.17 Y118.666 E1403.80123
G1 X98.27 Y119.801 E1403.82112
G1 X98.445 Y120.967 E1403.84171
G1 X98.684 Y122.081 E1403.8616
G1 X98.999 Y123.214 E1403.88214
G1 X99.367 Y124.295 E1403.90208
G1 X99.804 Y125.368 E1403.92231
G1 X100.316 Y126.429 E1403.94288
G1 X100.869 Y127.424 E1403.96276
G1 X101.501 Y128.409 E1403.98319
G1 X102.179 Y129.346 E1404.00339
G1 X102.915 Y130.241 E1404.02362
G1 X103.706 Y131.093 E1404.04392
G1 X104.534 Y131.887 E1404.06395
G1 X105.433 Y132.646 E1404.0845
G1 X106.347 Y133.332 E1404.10445
G1 X107.328 Y133.979 E1404.12497
G1 X108.315 Y134.549 E1404.14488
G1 X109.366 Y135.076 E1404.16541
G1 X110.435 Y135.533 E1404.18571
G1 X111.527 Y135.924 E1404.20596
G1 X112.623 Y136.241 E1404.22588
G1 X113.759 Y136.501 E1404.24623
G1 X114.917 Y136.695 E1404.26673
G1 X116.043 Y136.811 E1404.2865
G1 X117.219 Y136.865 E1404.30706
G1 X118.363 Y136.85 E1404.32703
G1 X119.526 Y136.761 E1404.3474
G1 X120.685 Y136.606 E1404.36782
G1 X121.803 Y136.385 E1404.38772
G1 X122.943 Y136.087 E1404.40829
G1 X124.031 Y135.734 E1404.42827
G1 X125.123 Y135.304 E1404.44876
G1 X126.178 Y134.816 E1404.46906
G1 X127.181 Y134.277 E1404.48894
G1 X128.168 Y133.669 E1404.50918
G1 X129.129 Y132.992 E1404.52971
G1 X130.035 Y132.267 E1404.54997
G1 X130.88 Y131.504 E1404.56985
G1 X131.71 Y130.667 E1404.59043
G1 X132.464 Y129.8 E1404.6105
G1 X133.173 Y128.881 E1404.63076
G1 X133.821 Y127.932 E1404.65083
G1 X134.425 Y126.925 E1404.67133
G1 X134.951 Y125.903 E1404.69141
G1 X135.42 Y124.852 E1404.7115
G1 X135.835 Y123.748 E1404.7321
G1 X136.176 Y122.64 E1404.75234
G1 X136.451 Y121.517 E1404.77253
G1 X136.652 Y120.394 E1404.79245
G1 X136.796 Y119.222 E1404.81307
G1 X136.866 Y118.069 E1404.83324
G1 X136.866 Y116.932 E1404.85309
G1 X136.792 Y115.754 E1404.8737
G1 X136.652 Y114.602 E1404.89397
G1 X136.447 Y113.463 E1404.91417
G1 X136.176 Y112.357 E1404.93406
G1 X135.827 Y111.228 E1404.95469
G1 X135.424 Y110.152 E1404.97476
G1 X134.952 Y109.094 E1404.99499
G1 X134.425 Y108.075 E1405.01502
G1 X133.82 Y107.064 E1405.03559
G1 X133.169 Y106.107 E1405.0558
G1 X132.473 Y105.205 E1405.07569
G1 X131.71 Y104.334 E1405.09591
G1 X130.88 Y103.492 E1405.11656
G1 X130.035 Y102.729 E1405.13644
G1 X129.129 Y102.005 E1405.15669
G1 X128.165 Y101.327 E1405.17727
G1 X127.177 Y100.718 E1405.19754
G1 X126.177 Y100.18 E1405.21736
G1 X125.124 Y99.692 E1405.23763
G1 X124.027 Y99.262 E1405.2582
G1 X122.939 Y98.91 E1405.27817
G1 X121.807 Y98.615 E1405.2986
G1 X120.685 Y98.394 E1405.31857
G1 X119.526 Y98.239 E1405.33898
G1 X118.362 Y98.15 E1405.35937
G1 X117.218 Y98.131 E1405.37935
G1 X116.044 Y98.185 E1405.39987
G1 X114.913 Y98.305 E1405.41973
G1 X113.758 Y98.495 E1405.44017
G1 X112.623 Y98.755 E1405.4605
G1 X111.527 Y99.072 E1405.48042
G1 X110.435 Y99.467 E1405.5007
G1 X109.369 Y99.921 E1405.52093
G1 X108.315 Y100.448 E1405.54151
G1 X107.328 Y101.016 E1405.56139
G1 X106.347 Y101.668 E1405.58196
G1 X105.433 Y102.35 E1405.60188
G1 X104.535 Y103.113 E1405.62245
G1 X103.713 Y103.899 E1405.64231
G1 X102.915 Y104.755 E1405.66275
G1 X102.183 Y105.649 E1405.68292
G1 X101.501 Y106.588 E1405.70319
G1 X100.869 Y107.572 E1405.72361
G1 X100.316 Y108.567 E1405.74348
G1 X99.804 Y109.628 E1405.76406
G1 X99.367 Y110.701 E1405.78429
G1 X98.999 Y111.782 E1405.80423
G1 X98.685 Y112.919 E1405.82482
G1 X98.444 Y114.034 E1405.84474
G1 X98.27 Y115.195 E1405.86524
G1 X98.17 Y116.33 E1405.88514
G1 X98.135 Y117.5 E1405.90558
G1 F1500 E1404.90558
G0 F9000 X98.425 Y117.5
G0 X113.453 Y117.5
G1 F1500 E1405.90558
G1 F1800 X113.45 Y117.468 E1405.90614
G1 X113.497 Y116.884 E1405.91637
G1 X113.645 Y116.257 E1405.92762
G1 X113.873 Y115.698 E1405.93816
G1 X114.202 Y115.154 E1405.94926
G1 X114.617 Y114.657 E1405.96057
G1 X115.026 Y114.296 E1405.97009
G1 X115.555 Y113.943 E1405.9812
G1 X116.141 Y113.68 E1405.99241
G1 X116.757 Y113.519 E1406.00353
G1 X117.277 Y113.455 E1406.01268
G1 X117.933 Y113.472 E1406.02414
G1 X118.598 Y113.597 E1406.03595
G1 X119.174 Y113.806 E1406.04665
G1 X119.683 Y114.085 E1406.05679
G1 X120.172 Y114.452 E1406.06746
G1 X120.633 Y114.926 E1406.07901
G1 X120.982 Y115.429 E1406.0897
G1 X121.272 Y116.011 E1406.10105
G1 X121.451 Y116.575 E1406.11139
G1 X121.545 Y117.202 E1406.12246
G1 X121.545 Y117.796 E1406.13283
G1 X121.445 Y118.434 E1406.14411
G1 X121.248 Y119.045 E1406.15532
G1 X120.981 Y119.577 E1406.16571
G1 X120.613 Y120.098 E1406.17685
G1 X120.205 Y120.52 E1406.1871
G1 X119.683 Y120.911 E1406.19849
G1 X119.14 Y121.204 E1406.20926
G1 X118.598 Y121.398 E1406.21931
G1 X117.958 Y121.521 E1406.23069
G1 X117.353 Y121.55 E1406.24127
G1 X116.724 Y121.475 E1406.25233
G1 X116.129 Y121.315 E1406.26309
G1 X115.571 Y121.058 E1406.27382
G1 X115.026 Y120.704 E1406.28516
G1 X114.574 Y120.295 E1406.29581
G1 X114.193 Y119.833 E1406.30626
G1 X113.869 Y119.291 E1406.31729
G1 X113.636 Y118.709 E1406.32824
G1 X113.504 Y118.158 E1406.33813
G1 X113.453 Y117.5 E1406.34966
G0 F9000 X113.871 Y117.5
G1 F1800 X113.87 Y117.481 E1406.34999
G1 X113.912 Y116.946 E1406.35936
G1 X114.037 Y116.41 E1406.36897
G1 X114.236 Y115.92 E1406.3782
G1 X114.521 Y115.431 E1406.38809
G1 X114.908 Y114.96 E1406.39873
G1 X115.291 Y114.622 E1406.40765
G1 X115.766 Y114.307 E1406.4176
G1 X116.312 Y114.07 E1406.428
G1 X116.787 Y113.941 E1406.43659
G1 X117.332 Y113.872 E1406.44618
G1 X117.901 Y113.891 E1406.45613
G1 X118.427 Y113.987 E1406.46546
G1 X118.977 Y114.179 E1406.47563
G1 X119.463 Y114.443 E1406.48529
G1 X119.904 Y114.775 E1406.49493
G1 X120.308 Y115.192 E1406.50507
G1 X120.607 Y115.621 E1406.5142
G1 X120.864 Y116.122 E1406.52403
G1 X121.03 Y116.637 E1406.53348
G1 X121.124 Y117.209 E1406.5436
G1 X121.124 Y117.79 E1406.55375
G1 X121.042 Y118.311 E1406.56296
G1 X120.864 Y118.873 E1406.57325
G1 X120.634 Y119.334 E1406.58225
G1 X120.296 Y119.822 E1406.59261
G1 X119.894 Y120.233 E1406.60265
G1 X119.481 Y120.541 E1406.61165
G1 X119.024 Y120.795 E1406.62078
G1 X118.477 Y120.996 E1406.63095
G1 X117.936 Y121.101 E1406.64058
G1 X117.358 Y121.126 E1406.65068
G1 X116.787 Y121.059 E1406.66072
G1 X116.299 Y120.926 E1406.66955
G1 X115.769 Y120.688 E1406.67969
G1 X115.331 Y120.408 E1406.68877
G1 X114.923 Y120.05 E1406.69825
G1 X114.541 Y119.594 E1406.70864
G1 X114.259 Y119.123 E1406.71822
G1 X114.043 Y118.604 E1406.72804
G1 X113.912 Y118.054 E1406.73791
G1 X113.871 Y117.5 E1406.74761
G0 F9000 X114.291 Y117.5
;TYPE:WALL-OUTER
G1 F1800 X114.29 Y117.483 E1406.74791
G1 X114.331 Y116.992 E1406.75651
G1 X114.445 Y116.516 E1406.76506
G1 X114.626 Y116.076 E1406.77337
G1 X114.877 Y115.654 E1406.78194
G1 X115.204 Y115.258 E1406.79091
G1 X115.573 Y114.936 E1406.79946
G1 X115.982 Y114.672 E1406.80796
G1 X116.432 Y114.473 E1406.81655
G1 X116.893 Y114.348 E1406.82489
G1 X117.369 Y114.29 E1406.83327
G1 X117.88 Y114.311 E1406.8422
G1 X118.357 Y114.402 E1406.85067
G1 X118.821 Y114.569 E1406.85929
G1 X119.26 Y114.812 E1406.86805
G1 X119.635 Y115.098 E1406.87628
G1 X119.987 Y115.463 E1406.88514
G1 X120.268 Y115.873 E1406.89382
G1 X120.483 Y116.299 E1406.90215
G1 X120.632 Y116.779 E1406.91092
G1 X120.706 Y117.254 E1406.91932
G1 X120.704 Y117.766 E1406.92826
G1 X120.629 Y118.234 E1406.93654
G1 X120.483 Y118.697 E1406.94501
G1 X120.261 Y119.141 E1406.95368
G1 X119.979 Y119.546 E1406.9623
G1 X119.632 Y119.905 E1406.97102
G1 X119.243 Y120.195 E1406.97949
G1 X118.809 Y120.432 E1406.98812
G1 X118.35 Y120.596 E1406.99663
G1 X117.88 Y120.685 E1407.00499
G1 X117.369 Y120.706 E1407.01392
G1 X116.887 Y120.651 E1407.02239
G1 X116.405 Y120.518 E1407.03112
G1 X115.968 Y120.318 E1407.03951
G1 X115.555 Y120.052 E1407.04809
G1 X115.181 Y119.714 E1407.05689
G1 X114.871 Y119.332 E1407.06548
G1 X114.626 Y118.92 E1407.07385
G1 X114.435 Y118.449 E1407.08273
G1 X114.328 Y117.992 E1407.09092
G1 X114.291 Y117.5 E1407.09954
G0 F9000 X114.29 Y117.483
G0 X114.305 Y117.301
G1 F1500 E1406.09954
G0 F9000 X113.602 Y117.246
G0 X98.425 Y117.5
G0 X97.715 Y117.5
G1 F1500 E1407.09954
G1 F1800 X97.715 Y117.507 E1407.09966
G1 X97.75 Y118.691 E1407.12034
G1 X97.853 Y119.851 E1407.14068
G1 X98.031 Y121.042 E1407.16171
G1 X98.276 Y122.181 E1407.18205
G1 X98.597 Y123.338 E1407.20302
G1 X98.973 Y124.442 E1407.22338
G1 X99.42 Y125.538 E1407.24405
G1 X99.943 Y126.623 E1407.26508
G1 X100.509 Y127.64 E1407.28541
G1 X101.154 Y128.645 E1407.30626
G1 X101.847 Y129.603 E1407.3269
G1 X102.599 Y130.517 E1407.34757
G1 X103.406 Y131.388 E1407.36831
G1 X104.253 Y132.199 E1407.38878
G1 X105.171 Y132.975 E1407.40977
G1 X106.105 Y133.676 E1407.43016
G1 X107.107 Y134.337 E1407.45112
G1 X108.116 Y134.919 E1407.47146
G1 X109.189 Y135.457 E1407.49242
G1 X110.281 Y135.924 E1407.51316
G1 X111.397 Y136.324 E1407.53386
G1 X112.517 Y136.648 E1407.55422
G1 X113.677 Y136.913 E1407.575
G1 X114.861 Y137.111 E1407.59596
G1 X116.012 Y137.23 E1407.61617
G1 X117.212 Y137.285 E1407.63714
G1 X118.382 Y137.27 E1407.65757
G1 X119.57 Y137.179 E1407.67838
G1 X120.753 Y137.02 E1407.69922
G1 X121.897 Y136.795 E1407.71958
G1 X123.061 Y136.49 E1407.74059
G1 X124.173 Y136.13 E1407.761
G1 X125.289 Y135.69 E1407.78195
G1 X126.366 Y135.192 E1407.80267
G1 X127.391 Y134.641 E1407.82299
G1 X128.4 Y134.02 E1407.84368
G1 X129.381 Y133.328 E1407.86464
G1 X130.307 Y132.587 E1407.88535
G1 X131.17 Y131.808 E1407.90565
G1 X132.018 Y130.953 E1407.92668
G1 X132.789 Y130.066 E1407.9472
G1 X133.513 Y129.128 E1407.96789
G1 X134.175 Y128.158 E1407.98839
G1 X134.792 Y127.129 E1408.00934
G1 X135.33 Y126.085 E1408.02985
G1 X135.809 Y125.012 E1408.05037
G1 X136.233 Y123.884 E1408.07141
G1 X136.581 Y122.752 E1408.09209
G1 X136.862 Y121.604 E1408.11273
G1 X137.068 Y120.456 E1408.1331
G1 X137.214 Y119.26 E1408.15414
G1 X137.286 Y118.081 E1408.17476
G1 X137.286 Y116.919 E1408.19505
G1 X137.21 Y115.716 E1408.2161
G1 X137.068 Y114.54 E1408.23678
G1 X136.858 Y113.376 E1408.25744
G1 X136.581 Y112.245 E1408.27777
G1 X136.225 Y111.092 E1408.29884
G1 X135.813 Y109.992 E1408.31935
G1 X135.33 Y108.912 E1408.34001
G1 X134.792 Y107.871 E1408.36047
G1 X134.174 Y106.838 E1408.38149
G1 X133.509 Y105.86 E1408.40214
G1 X132.797 Y104.938 E1408.42248
G1 X132.018 Y104.048 E1408.44314
G1 X131.17 Y103.188 E1408.46423
G1 X130.307 Y102.409 E1408.48453
G1 X129.381 Y101.669 E1408.50522
G1 X128.396 Y100.976 E1408.52625
G1 X127.387 Y100.354 E1408.54695
G1 X126.365 Y99.804 E1408.56722
G1 X125.289 Y99.306 E1408.58792
G1 X124.169 Y98.866 E1408.60893
G1 X123.057 Y98.506 E1408.62934
G1 X121.901 Y98.205 E1408.6502
G1 X120.753 Y97.98 E1408.67063
G1 X119.57 Y97.821 E1408.69147
G1 X118.382 Y97.73 E1408.71228
G1 X117.212 Y97.711 E1408.73271
G1 X116.012 Y97.766 E1408.75368
G1 X114.857 Y97.889 E1408.77397
G1 X113.677 Y98.083 E1408.79485
G1 X112.517 Y98.348 E1408.81563
G1 X111.397 Y98.672 E1408.83598
G1 X110.281 Y99.076 E1408.85671
G1 X109.193 Y99.539 E1408.87736
G1 X108.116 Y100.078 E1408.89839
G1 X107.107 Y100.659 E1408.91872
G1 X106.105 Y101.324 E1408.93972
G1 X105.171 Y102.021 E1408.96007
G1 X104.253 Y102.801 E1408.9811
G1 X103.414 Y103.604 E1409.00138
G1 X102.599 Y104.479 E1409.02226
G1 X101.851 Y105.393 E1409.04288
G1 X101.154 Y106.351 E1409.06357
G1 X100.509 Y107.356 E1409.08442
G1 X99.943 Y108.373 E1409.10474
G1 X99.42 Y109.458 E1409.12578
G1 X98.973 Y110.554 E1409.14645
G1 X98.597 Y111.658 E1409.16681
G1 X98.277 Y112.819 E1409.18784
G1 X98.031 Y113.958 E1409.20819
G1 X97.853 Y115.145 E1409.22915
G1 X97.75 Y116.305 E1409.24948
G1 X97.715 Y117.5 E1409.27036
G0 F9000 X97.715 Y117.507
G0 X97.72 Y117.699
G1 F1500 E1408.27036
G0 F9000 X98.43 Y117.679
G0 X113.074 Y117.5
;TYPE:SKIN
G1 F1500 E1409.27036
G1 F1800 X113.121 Y118.177 E1409.28221
G1 X113.282 Y118.866 E1409.29456
G1 X113.522 Y119.434 E1409.30533
G1 X113.871 Y120.038 E1409.31751
G1 X114.327 Y120.585 E1409.32994
G1 X114.82 Y121.025 E1409.34148
G1 X115.419 Y121.407 E1409.35389
G1 X115.977 Y121.66 E1409.36459
G1 X116.651 Y121.847 E1409.3768
G1 X117.321 Y121.922 E1409.38857
G1 X118.004 Y121.893 E1409.40051
G1 X118.654 Y121.78 E1409.41203
G1 X119.314 Y121.544 E1409.42427
G1 X119.883 Y121.231 E1409.43561
G1 X120.411 Y120.841 E1409.44707
G1 X120.899 Y120.343 E1409.45925
G1 X121.301 Y119.781 E1409.47131
G1 X121.619 Y119.149 E1409.48366
G1 X121.815 Y118.513 E1409.49529
G1 X121.92 Y117.858 E1409.50687
G1 X121.922 Y117.179 E1409.51873
G1 X121.817 Y116.49 E1409.5309
G1 X121.625 Y115.878 E1409.5421
G1 X121.305 Y115.231 E1409.5547
G1 X120.923 Y114.681 E1409.56639
G1 X120.45 Y114.185 E1409.57836
G1 X119.96 Y113.812 E1409.58911
G1 X119.344 Y113.464 E1409.60147
G1 X118.65 Y113.216 E1409.61434
G1 X118.048 Y113.103 E1409.62503
G1 X117.315 Y113.066 E1409.63785
G1 X116.697 Y113.144 E1409.64872
G1 X116.019 Y113.32 E1409.66096
G1 X115.353 Y113.622 E1409.67372
G1 X114.821 Y113.968 E1409.68481
G1 X114.316 Y114.414 E1409.69657
G1 X113.854 Y114.987 E1409.70942
G1 X113.534 Y115.529 E1409.72041
G1 X113.276 Y116.148 E1409.73212
G1 X113.123 Y116.808 E1409.74395
G1 X113.07 Y117.443 E1409.75508
G1 X113.074 Y117.5 E1409.75608
G1 F1500 E1408.75608
G0 F9000 X98.931 Y117.5
G1 F1500 E1409.75608
G1 F1800 X98.966 Y116.369 E1409.77584
G1 X99.061 Y115.297 E1409.79463
G1 X99.227 Y114.186 E1409.81424
G1 X99.457 Y113.119 E1409.8333
G1 X99.765 Y112.006 E1409.85347
G1 X100.109 Y110.986 E1409.87227
G1 X100.528 Y109.962 E1409.89159
G1 X101.031 Y108.925 E1409.91171
G1 X101.549 Y107.988 E1409.93041
G1 X102.162 Y107.031 E1409.95025
G1 X102.863 Y106.077 E1409.97092
G1 X103.507 Y105.287 E1409.98872
G1 X104.286 Y104.452 E1410.00866
G1 X105.061 Y103.713 E1410.02736
G1 X105.94 Y102.969 E1410.04747
G1 X106.814 Y102.312 E1410.06656
G1 X107.739 Y101.699 E1410.08594
G1 X108.684 Y101.154 E1410.10499
G1 X109.713 Y100.639 E1410.12508
G1 X110.737 Y100.204 E1410.14451
G1 X111.781 Y99.824 E1410.16391
G1 X112.813 Y99.528 E1410.18265
G1 X113.909 Y99.279 E1410.20228
G1 X115.029 Y99.093 E1410.2221
G1 X116.096 Y98.982 E1410.24084
G1 X117.232 Y98.927 E1410.26069
G1 X118.313 Y98.946 E1410.27957
G1 X119.441 Y99.033 E1410.29933
G1 X120.561 Y99.184 E1410.31906
G1 X121.617 Y99.389 E1410.33785
G1 X122.721 Y99.678 E1410.35777
G1 X123.749 Y100.01 E1410.37664
G1 X124.817 Y100.43 E1410.39668
G1 X125.83 Y100.896 E1410.41615
G1 X126.766 Y101.402 E1410.43473
G1 X127.724 Y101.992 E1410.45437
G1 X128.653 Y102.644 E1410.47419
G1 X129.523 Y103.344 E1410.49369
G1 X130.33 Y104.072 E1410.51267
G1 X131.118 Y104.868 E1410.53223
G1 X131.845 Y105.702 E1410.55154
G1 X132.525 Y106.584 E1410.57099
G1 X133.138 Y107.486 E1410.59003
G1 X133.72 Y108.455 E1410.60977
G1 X134.234 Y109.448 E1410.6293
G1 X134.681 Y110.452 E1410.64849
G1 X135.065 Y111.477 E1410.6676
G1 X135.409 Y112.581 E1410.68779
G1 X135.662 Y113.616 E1410.7064
G1 X135.86 Y114.712 E1410.72584
G1 X135.994 Y115.816 E1410.74526
G1 X136.066 Y116.967 E1410.7654
G1 X136.066 Y118.033 E1410.78402
G1 X135.998 Y119.136 E1410.80331
G1 X135.86 Y120.28 E1410.82343
G1 X135.67 Y121.34 E1410.84224
G1 X135.405 Y122.416 E1410.86159
G1 X135.143 Y123.283 E1410.8774
G1 X135.153 Y123.296 E1410.87769
G1 X134.681 Y124.54 E1410.90092
G1 X134.234 Y125.545 E1410.92013
G1 X133.72 Y126.541 E1410.9397
G1 X133.15 Y127.49 E1410.95903
G1 X132.529 Y128.404 E1410.97832
G1 X131.841 Y129.298 E1410.99802
G1 X131.114 Y130.132 E1411.01734
G1 X130.334 Y130.92 E1411.0367
G1 X129.524 Y131.651 E1411.05575
G1 X128.649 Y132.347 E1411.07528
G1 X127.72 Y133.004 E1411.09515
G1 X126.775 Y133.586 E1411.11453
G1 X125.83 Y134.096 E1411.13328
G1 X124.817 Y134.562 E1411.15275
G1 X123.749 Y134.986 E1411.17281
G1 X122.725 Y135.314 E1411.19159
G1 X121.613 Y135.607 E1411.21167
G1 X120.561 Y135.812 E1411.23038
G1 X119.441 Y135.963 E1411.25012
G1 X118.314 Y136.05 E1411.26985
G1 X117.236 Y136.065 E1411.28868
G1 X116.092 Y136.01 E1411.30868
G1 X115.032 Y135.903 E1411.32728
G1 X113.913 Y135.717 E1411.34709
G1 X112.813 Y135.464 E1411.3668
G1 X111.781 Y135.164 E1411.38557
G1 X110.733 Y134.792 E1411.40498
G1 X109.697 Y134.349 E1411.42466
G1 X108.692 Y133.843 E1411.44431
G1 X107.755 Y133.305 E1411.46317
G1 X106.798 Y132.672 E1411.48321
G1 X105.923 Y132.015 E1411.50231
G1 X105.069 Y131.295 E1411.52182
G1 X104.27 Y130.528 E1411.54116
G1 X103.515 Y129.713 E1411.56056
G1 X102.811 Y128.855 E1411.57994
G1 X102.154 Y127.949 E1411.59948
G1 X101.549 Y127.004 E1411.61907
G1 X101.031 Y126.067 E1411.63777
G1 X100.528 Y125.03 E1411.65789
G1 X100.109 Y124.006 E1411.67721
G1 X99.757 Y122.966 E1411.69639
G1 X99.457 Y121.877 E1411.71611
G1 X99.227 Y120.81 E1411.73517
G1 X99.061 Y119.695 E1411.75485
G1 X98.966 Y118.627 E1411.77358
G1 X98.931 Y117.515 E1411.793
G1 X98.931 Y117.5 E1411.79326
G1 F1500 E1410.79326
G0 F9000 X102.428 Y127.969
G1 F1500 E1411.79326
G1 F1800 X107.037 Y132.578 E1411.90708
G1 X107.111 Y132.652
G0 F9000 X108.602 Y133.549
G1 F1800 X101.458 Y126.405 E1412.0835
G1 X101.384 Y126.331
G0 F9000 X100.841 Y125.194
G1 F1800 X109.819 Y134.172 E1412.3052
G1 X109.893 Y134.246
G0 F9000 X110.852 Y134.611
G1 F1800 X100.397 Y124.156 E1412.56338
G1 X100.323 Y124.082
G0 F9000 X100.07 Y123.235
G1 F1800 X111.773 Y134.938 E1412.85238
G1 X111.847 Y135.012
G0 F9000 X112.618 Y135.189
G1 F1800 X99.815 Y122.386 E1413.16854
G0 F9000 X99.609 Y121.586
G1 F1800 X113.409 Y135.385 E1413.50932
G0 F9000 X114.162 Y135.545
G1 F1800 X99.446 Y120.829 E1413.87272
G0 F9000 X99.338 Y120.127
G1 F1800 X114.875 Y135.664 E1414.25639
G0 F9000 X115.549 Y135.744
G1 F1800 X99.25 Y119.444 E1414.6589
G0 F9000 X99.192 Y118.793
G1 F1800 X116.203 Y135.804 E1415.07898
G0 F9000 X116.827 Y135.835
G1 F1800 X99.162 Y118.169 E1415.51522
G0 F9000 X99.142 Y117.555
G1 F1800 X117.439 Y135.852 E1415.96705
G0 F9000 X118.025 Y135.844
G1 F1800 X99.158 Y116.977 E1416.43296
G0 F9000 X99.176 Y116.401
G1 F1800 X118.592 Y135.818 E1416.91244
G0 F9000 X119.144 Y135.775
G1 F1800 X99.223 Y115.854 E1417.40437
G0 F9000 X99.271 Y115.309
G1 F1800 X119.681 Y135.719 E1417.90839
G0 F9000 X120.205 Y135.649
G1 F1800 X99.349 Y114.792 E1418.42342
G0 F9000 X99.426 Y114.275
G1 F1800 X120.719 Y135.568 E1418.94924
G0 F9000 X121.215 Y135.47
G1 F1800 X99.528 Y113.783 E1419.48479
G0 F9000 X99.633 Y113.295
G1 F1800 X121.704 Y135.366 E1420.02982
G0 F9000 X122.175 Y135.242
G1 F1800 X99.757 Y112.824 E1420.58342
G0 F9000 X99.885 Y112.359
G1 F1800 X122.644 Y135.117 E1421.14543
G0 F9000 X123.095 Y134.975
G1 F1800 X100.022 Y111.902 E1421.7152
G0 F9000 X100.172 Y111.457
G1 F1800 X123.545 Y134.83 E1422.29238
G0 F9000 X123.977 Y134.668
G1 F1800 X100.324 Y111.015 E1422.87648
G0 F9000 X100.496 Y110.594
G1 F1800 X124.402 Y134.499 E1423.46681
G0 F9000 X124.823 Y134.327
G1 F1800 X100.669 Y110.172 E1424.06329
G0 F9000 X100.856 Y109.766
G1 F1800 X125.23 Y134.14 E1424.66519
G0 F9000 X125.637 Y133.953
G1 F1800 X101.051 Y109.366 E1425.27234
G0 F9000 X101.247 Y108.969
G1 F1800 X126.028 Y133.75 E1425.88429
G0 F9000 X126.414 Y133.541
G1 F1800 X101.459 Y108.586 E1426.50054
G0 F9000 X101.67 Y108.204
G1 F1800 X114.067 Y120.601 E1426.80668
G0 F9000 X114.37 Y120.904
G1 F1800 X126.793 Y133.327 E1427.11345
G0 F9000 X127.161 Y133.101
G1 F1800 X115.922 Y121.861 E1427.39101
G0 F9000 X116.72 Y122.066
G1 F1800 X127.529 Y132.875 E1427.65793
G0 F9000 X127.881 Y132.633
G1 F1800 X117.378 Y122.129 E1427.91731
G0 F9000 X117.948 Y122.105
G1 F1800 X128.229 Y132.387 E1428.1712
G0 F9000 X128.575 Y132.138
G1 F1800 X118.462 Y122.026 E1428.42092
G0 F9000 X118.933 Y121.902
G1 F1800 X128.905 Y131.875 E1428.66719
G0 F9000 X129.236 Y131.612
G1 F1800 X119.37 Y121.745 E1428.91084
G0 F9000 X119.757 Y121.539
G1 F1800 X129.556 Y131.338 E1429.15282
G0 F9000 X129.869 Y131.057
G1 F1800 X120.126 Y121.314 E1429.39341
G0 F9000 X120.467 Y121.061
G1 F1800 X130.18 Y130.774 E1429.63327
G0 F9000 X130.477 Y130.477
G1 F1800 X120.772 Y120.772 E1429.87293
G0 F9000 X121.064 Y120.47
G1 F1800 X130.773 Y130.179 E1430.11269
G0 F9000 X131.062 Y129.874
G1 F1800 X121.312 Y120.124 E1430.35346
G0 F9000 X121.544 Y119.762
G1 F1800 X131.339 Y129.557 E1430.59534
G0 F9000 X131.615 Y129.239
G1 F1800 X121.743 Y119.367 E1430.83912
G0 F9000 X121.903 Y118.933
G1 F1800 X131.878 Y128.908 E1431.08545
G0 F9000 X132.136 Y128.572
G1 F1800 X122.034 Y118.47 E1431.33491
G0 F9000 X122.116 Y117.958
G1 F1800 X132.392 Y128.234 E1431.58867
G0 F9000 X132.632 Y127.88
G1 F1800 X122.131 Y117.379 E1431.84799
G0 F9000 X122.062 Y116.716
G1 F1800 X132.872 Y127.526 E1432.11493
G0 F9000 X133.102 Y127.163
G1 F1800 X121.856 Y115.916 E1432.39266
G1 X121.782 Y115.842
G0 F9000 X121.089 Y114.556
G1 F1800 X133.325 Y126.791 E1432.69481
G0 F9000 X133.547 Y126.419
G1 F1800 X108.583 Y101.455 E1433.31128
G0 F9000 X108.206 Y101.673
G1 F1800 X120.47 Y113.937 E1433.61413
G1 X120.544 Y114.011
G0 F9000 X119.088 Y113.148
G1 F1800 X107.831 Y101.891 E1433.89211
G0 F9000 X107.474 Y102.128
G1 F1800 X118.279 Y112.933 E1434.15894
G0 F9000 X117.624 Y112.872
G1 F1800 X107.117 Y102.365 E1434.4184
G0 F9000 X106.768 Y102.61
G1 F1800 X117.046 Y112.888 E1434.67221
G0 F9000 X116.533 Y112.97
G1 F1800 X106.429 Y102.865 E1434.92173
G0 F9000 X106.09 Y103.12
G1 F1800 X116.064 Y113.094 E1435.16804
G0 F9000 X115.637 Y113.261
G1 F1800 X105.767 Y103.391 E1435.41177
G0 F9000 X105.445 Y103.663
G1 F1800 X115.232 Y113.45 E1435.65345
G0 F9000 X114.873 Y113.685
G1 F1800 X105.128 Y103.94 E1435.8941
G0 F9000 X104.824 Y104.23
G1 F1800 X114.535 Y113.941 E1436.13391
G0 F9000 X114.222 Y114.222
G1 F1800 X104.52 Y104.52 E1436.37349
G0 F9000 X104.228 Y104.822
G1 F1800 X113.945 Y114.539 E1436.61345
G0 F9000 X113.682 Y114.869
G1 F1800 X103.94 Y105.128 E1436.85401
G0 F9000 X103.655 Y105.437
G1 F1800 X113.461 Y115.243 E1437.09616
G0 F9000 X113.262 Y115.637
G1 F1800 X103.388 Y105.764 E1437.33998
G0 F9000 X103.122 Y106.091
G1 F1800 X113.088 Y116.057 E1437.58609
G0 F9000 X112.972 Y116.536
G1 F1800 X102.864 Y106.428 E1437.8357
G0 F9000 X102.613 Y106.77
G1 F1800 X112.892 Y117.05 E1438.08954
G0 F9000 X112.872 Y117.624
G1 F1800 X102.361 Y107.113 E1438.34911
G0 F9000 X102.127 Y107.473
G1 F1800 X112.928 Y118.274 E1438.61583
G1 X113.002 Y118.348
G0 F9000 X113.157 Y119.097
G1 F1800 X101.896 Y107.836 E1438.89391
G1 X101.822 Y107.762
G1 F1500 E1437.89391
G0 F9000 X108.969 Y101.247
G1 F1500 E1438.89391
G1 F1800 X133.749 Y126.028 E1439.50585
G0 F9000 X133.951 Y125.636
G1 F1800 X109.365 Y101.049 E1440.113
G0 F9000 X109.761 Y100.851
G1 F1800 X134.144 Y125.234 E1440.71512
G0 F9000 X134.326 Y124.823
G1 F1800 X110.175 Y100.671 E1441.31153
G0 F9000 X110.592 Y100.494
G1 F1800 X134.507 Y124.409 E1441.9021
G0 F9000 X134.67 Y123.978
G1 F1800 X111.017 Y100.326 E1442.48618
G0 F9000 X111.453 Y100.167
G1 F1800 X134.833 Y123.547 E1443.06354
G0 F9000 X134.98 Y123.1
G1 F1800 X111.891 Y100.012 E1443.63369
G0 F9000 X112.352 Y99.879
G1 F1800 X135.117 Y122.644 E1444.19586
G0 F9000 X135.246 Y122.179
G1 F1800 X112.814 Y99.747 E1444.74981
G0 F9000 X113.295 Y99.634
G1 F1800 X135.364 Y121.702 E1445.29477
G0 F9000 X135.477 Y121.222
G1 F1800 X113.779 Y99.524 E1445.83059
G0 F9000 X114.28 Y99.431
G1 F1800 X135.568 Y120.719 E1446.35629
G0 F9000 X135.657 Y120.214
G1 F1800 X114.789 Y99.346 E1446.87161
G0 F9000 X115.312 Y99.275
G1 F1800 X135.721 Y119.683 E1447.37558
G0 F9000 X135.785 Y119.154
G1 F1800 X115.85 Y99.218 E1447.86788
G0 F9000 X116.403 Y99.177
G1 F1800 X135.821 Y118.596 E1448.34741
G0 F9000 X135.856 Y118.037
G1 F1800 X116.97 Y99.151 E1448.81379
G0 F9000 X117.556 Y99.143
G1 F1800 X135.856 Y117.443 E1449.26569
G0 F9000 X135.848 Y116.841
G1 F1800 X118.161 Y99.154 E1449.70246
G0 F9000 X118.795 Y99.194
G1 F1800 X135.808 Y116.207 E1450.12259
G0 F9000 X135.75 Y115.555
G1 F1800 X119.441 Y99.246 E1450.52533
G0 F9000 X120.127 Y99.338
G1 F1800 X135.669 Y114.88 E1450.90913
G0 F9000 X135.548 Y114.165
G1 F1800 X120.835 Y99.452 E1451.27246
G0 F9000 X121.572 Y99.595
G1 F1800 X135.399 Y113.422 E1451.61391
G0 F9000 X135.207 Y112.636
G1 F1800 X122.376 Y99.805 E1451.93076
G1 X122.302 Y99.731
G0 F9000 X123.227 Y100.063
G1 F1800 X134.936 Y111.772 E1452.21991
G1 X135.01 Y111.846
G0 F9000 X134.605 Y110.846
G1 F1800 X124.153 Y100.394 E1452.47801
G1 X124.079 Y100.32
G0 F9000 X125.181 Y100.828
G1 F1800 X134.168 Y109.815 E1452.69994
G1 X134.242 Y109.889
G0 F9000 X133.574 Y108.627
G1 F1800 X126.378 Y101.432 E1452.87763
G1 X126.304 Y101.358
G0 F9000 X127.942 Y102.401
G1 F1800 X132.583 Y107.043 E1452.99225
G1 X132.657 Y107.117
G1 F1500 E1451.99225
;MESH:NONMESH
G0 F600 X132.657 Y107.117 Z3.02
G0 F9000 X98.555 Y117.5
;TIME_ELAPSED:3099.952480
;LAYER:29
;TYPE:WALL-INNER
;MESH:ranella v1.stl
G1 F1500 E1452.99225
G1 F1800 X98.555 Y117.506 E1452.99235
G1 X98.589 Y118.641 E1453.01218
G1 X98.688 Y119.751 E1453.03164
G1 X98.858 Y120.891 E1453.05177
G1 X99.092 Y121.98 E1453.07122
G1 X99.4 Y123.09 E1453.09133
G1 X99.761 Y124.148 E1453.11085
G1 X100.188 Y125.197 E1453.13063
G1 X100.689 Y126.236 E1453.15077
G1 X101.23 Y127.208 E1453.1702
G1 X101.848 Y128.172 E1453.19019
G1 X102.512 Y129.09 E1453.20997
G1 X103.232 Y129.965 E1453.22976
G1 X104.005 Y130.799 E1453.24962
G1 X104.815 Y131.575 E1453.2692
G1 X105.695 Y132.318 E1453.28931
G1 X106.589 Y132.989 E1453.30883
G1 X107.549 Y133.622 E1453.32891
G1 X108.515 Y134.179 E1453.34838
G1 X109.543 Y134.695 E1453.36847
G1 X110.588 Y135.142 E1453.38831
G1 X111.656 Y135.524 E1453.40812
G1 X112.728 Y135.834 E1453.42761
G1 X113.84 Y136.089 E1453.44753
G1 X114.973 Y136.278 E1453.46758
G1 X116.075 Y136.392 E1453.48693
G1 X117.226 Y136.445 E1453.50705
G1 X118.344 Y136.43 E1453.52657
G1 X119.482 Y136.343 E1453.5465
G1 X120.616 Y136.191 E1453.56648
G1 X121.709 Y135.976 E1453.58593
G1 X122.825 Y135.683 E1453.60608
G1 X123.889 Y135.339 E1453.62561
G1 X124.958 Y134.918 E1453.64567
G1 X125.99 Y134.44 E1453.66553
G1 X126.971 Y133.913 E1453.68497
G1 X127.937 Y133.319 E1453.70477
G1 X128.876 Y132.656 E1453.72485
G1 X129.763 Y131.947 E1453.74467
G1 X130.59 Y131.2 E1453.76413
G1 X131.402 Y130.381 E1453.78427
G1 X132.139 Y129.533 E1453.80389
G1 X132.833 Y128.634 E1453.82372
G1 X133.467 Y127.705 E1453.84336
G1 X134.058 Y126.72 E1453.86342
G1 X134.573 Y125.721 E1453.88304
G1 X135.032 Y124.693 E1453.9027
G1 X135.437 Y123.612 E1453.92286
G1 X135.771 Y122.528 E1453.94267
G1 X136.04 Y121.43 E1453.96241
G1 X136.237 Y120.331 E1453.9819
G1 X136.377 Y119.184 E1454.00208
G1 X136.446 Y118.056 E1454.02181
G1 X136.446 Y116.945 E1454.04121
G1 X136.374 Y115.793 E1454.06137
G1 X136.237 Y114.665 E1454.08121
G1 X136.036 Y113.551 E1454.10098
G1 X135.771 Y112.469 E1454.12043
G1 X135.429 Y111.364 E1454.14063
G1 X135.036 Y110.311 E1454.16025
G1 X134.573 Y109.276 E1454.18005
G1 X134.058 Y108.279 E1454.19965
G1 X133.466 Y107.29 E1454.21977
G1 X132.829 Y106.353 E1454.23956
G1 X132.148 Y105.472 E1454.259
G1 X131.402 Y104.62 E1454.27877
G1 X130.589 Y103.795 E1454.299
G1 X129.763 Y103.049 E1454.31843
G1 X128.877 Y102.341 E1454.33824
G1 X127.934 Y101.678 E1454.35837
G1 X126.967 Y101.082 E1454.3782
G1 X125.989 Y100.556 E1454.39759
G1 X124.959 Y100.079 E1454.41741
G1 X123.886 Y99.658 E1454.43754
G1 X122.821 Y99.313 E1454.45709
G1 X121.714 Y99.025 E1454.47706
G1 X120.616 Y98.809 E1454.4966
G1 X119.482 Y98.657 E1454.51658
G1 X118.342 Y98.57 E1454.53654
G1 X117.224 Y98.551 E1454.55607
G1 X116.076 Y98.604 E1454.57614
G1 X114.969 Y98.721 E1454.59557
G1 X113.839 Y98.907 E1454.61557
G1 X112.728 Y99.162 E1454.63548
G1 X111.657 Y99.471 E1454.65494
G1 X110.589 Y99.858 E1454.67477
G1 X109.545 Y100.302 E1454.69458
G1 X108.514 Y100.818 E1454.71472
G1 X107.55 Y101.374 E1454.73415
G1 X106.589 Y102.011 E1454.75428
G1 X105.695 Y102.678 E1454.77376
G1 X104.816 Y103.425 E1454.7939
G1 X104.012 Y104.194 E1454.81333
G1 X103.232 Y105.032 E1454.83332
G1 X102.516 Y105.906 E1454.85305
G1 X101.848 Y106.825 E1454.87289
G1 X101.23 Y107.788 E1454.89287
G1 X100.689 Y108.76 E1454.91229
G1 X100.188 Y109.799 E1454.93243
G1 X99.761 Y110.848 E1454.95221
G1 X99.4 Y111.906 E1454.97173
G1 X99.093 Y113.019 E1454.99189
G1 X98.858 Y114.109 E1455.01136
G1 X98.687 Y115.246 E1455.03144
G1 X98.585 Y116.366 E1455.05107
G1 X98.555 Y117.5 E1455.07088
G0 F9000 X98.135 Y117.5
G1 F1800 X98.135 Y117.506 E1455.07099
G1 X98.17 Y118.666 E1455.09125
G1 X98.27 Y119.801 E1455.11115
G1 X98.445 Y120.967 E1455.13174
G1 X98.684 Y122.081 E1455.15163
G1 X98.999 Y123.214 E1455.17216
G1 X99.367 Y124.295 E1455.1921
G1 X99.804 Y125.368 E1455.21234
G1 X100.316 Y126.429 E1455.23291
G1 X100.869 Y127.424 E1455.25278
G1 X101.501 Y128.409 E1455.27322
G1 X102.179 Y129.346 E1455.29341
G1 X102.915 Y130.241 E1455.31365
G1 X103.706 Y131.093 E1455.33395
G1 X104.534 Y131.887 E1455.35398
G1 X105.433 Y132.646 E1455.37452
G1 X106.347 Y133.332 E1455.39448
G1 X107.328 Y133.979 E1455.415
G1 X108.315 Y134.549 E1455.4349
G1 X109.366 Y135.076 E1455.45543
G1 X110.435 Y135.533 E1455.47573
G1 X111.527 Y135.924 E1455.49599
G1 X112.623 Y136.241 E1455.51591
G1 X113.759 Y136.501 E1455.53626
G1 X114.917 Y136.695 E1455.55676
G1 X116.043 Y136.811 E1455.57653
G1 X117.219 Y136.865 E1455.59708
G1 X118.363 Y136.85 E1455.61706
G1 X119.526 Y136.761 E1455.63743
G1 X120.685 Y136.606 E1455.65785
G1 X121.803 Y136.385 E1455.67775
G1 X122.943 Y136.087 E1455.69832
G1 X124.031 Y135.734 E1455.71829
G1 X125.123 Y135.304 E1455.73879
G1 X126.178 Y134.816 E1455.75908
G1 X127.181 Y134.277 E1455.77897
G1 X128.168 Y133.669 E1455.79921
G1 X129.129 Y132.992 E1455.81973
G1 X130.035 Y132.267 E1455.84
G1 X130.88 Y131.504 E1455.85988
G1 X131.71 Y130.667 E1455.88046
G1 X132.464 Y129.8 E1455.90052
G1 X133.173 Y128.881 E1455.92079
G1 X133.821 Y127.932 E1455.94086
G1 X134.425 Y126.925 E1455.96136
G1 X134.951 Y125.903 E1455.98143
G1 X135.42 Y124.852 E1456.00153
G1 X135.835 Y123.748 E1456.02212
G1 X136.176 Y122.64 E1456.04237
G1 X136.451 Y121.517 E1456.06255
G1 X136.652 Y120.394 E1456.08248
G1 X136.796 Y119.222 E1456.10309
G1 X136.866 Y118.069 E1456.12326
G1 X136.866 Y116.932 E1456.14312
G1 X136.792 Y115.754 E1456.16373
G1 X136.652 Y114.602 E1456.18399
G1 X136.447 Y113.463 E1456.2042
G1 X136.176 Y112.357 E1456.22408
G1 X135.827 Y111.228 E1456.24472
G1 X135.424 Y110.152 E1456.26478
G1 X134.952 Y109.094 E1456.28501
G1 X134.425 Y108.075 E1456.30504
G1 X133.82 Y107.064 E1456.32562
G1 X133.169 Y106.107 E1456.34583
G1 X132.473 Y105.205 E1456.36572
G1 X131.71 Y104.334 E1456.38594
G1 X130.88 Y103.492 E1456.40659
G1 X130.035 Y102.729 E1456.42647
G1 X129.129 Y102.005 E1456.44672
G1 X128.165 Y101.327 E1456.4673
G1 X127.177 Y100.718 E1456.48756
G1 X126.177 Y100.18 E1456.50739
G1 X125.124 Y99.692 E1456.52766
G1 X124.027 Y99.262 E1456.54823
G1 X122.939 Y98.91 E1456.5682
G1 X121.807 Y98.615 E1456.58862
G1 X120.685 Y98.394 E1456.60859
G1 X119.526 Y98.239 E1456.62901
G1 X118.362 Y98.15 E1456.6494
G1 X117.218 Y98.131 E1456.66937
G1 X116.044 Y98.185 E1456.6899
G1 X114.913 Y98.305 E1456.70976
G1 X113.758 Y98.495 E1456.7302
G1 X112.623 Y98.755 E1456.75053
G1 X111.527 Y99.072 E1456.77045
G1 X110.435 Y99.467 E1456.79073
G1 X109.369 Y99.921 E1456.81096
G1 X108.315 Y100.448 E1456.83154
G1 X107.328 Y101.016 E1456.85142
G1 X106.347 Y101.668 E1456.87199
G1 X105.433 Y102.35 E1456.8919
G1 X104.535 Y103.113 E1456.91248
G1 X103.713 Y103.899 E1456.93234
G1 X102.915 Y104.755 E1456.95277
G1 X102.183 Y105.649 E1456.97295
G1 X101.501 Y106.588 E1456.99321
G1 X100.869 Y107.572 E1457.01363
G1 X100.316 Y108.567 E1457.03351
G1 X99.804 Y109.628 E1457.05408
G1 X99.367 Y110.701 E1457.07431
G1 X98.999 Y111.782 E1457.09425
G1 X98.685 Y112.919 E1457.11485
G1 X98.444 Y114.034 E1457.13477
G1 X98.27 Y115.196 E1457.15529
G1 X98.166 Y116.342 E1457.17538
G1 X98.135 Y117.5 E1457.19561
G1 F1500 E1456.19561
G0 F9000 X113.456 Y117.5
G1 F1500 E1457.19561
G1 F1800 X113.454 Y117.472 E1457.1961
G1 X113.494 Y116.885 E1457.20637
G1 X113.645 Y116.257 E1457.21765
G1 X113.873 Y115.698 E1457.22819
G1 X114.202 Y115.154 E1457.23929
G1 X114.617 Y114.657 E1457.2506
G1 X115.026 Y114.296 E1457.26012
G1 X115.555 Y113.943 E1457.27123
G1 X116.141 Y113.68 E1457.28244
G1 X116.757 Y113.519 E1457.29356
G1 X117.277 Y113.455 E1457.30271
G1 X117.933 Y113.472 E1457.31417
G1 X118.598 Y113.597 E1457.32598
G1 X119.174 Y113.806 E1457.33668
G1 X119.683 Y114.085 E1457.34682
G1 X120.172 Y114.452 E1457.3575
G1 X120.633 Y114.926 E1457.36904
G1 X120.982 Y115.429 E1457.37973
G1 X121.272 Y116.011 E1457.39109
G1 X121.451 Y116.575 E1457.40142
G1 X121.545 Y117.202 E1457.41249
G1 X121.545 Y117.796 E1457.42286
G1 X121.445 Y118.434 E1457.43414
G1 X121.248 Y119.045 E1457.44535
G1 X120.981 Y119.577 E1457.45574
G1 X120.613 Y120.098 E1457.46688
G1 X120.205 Y120.52 E1457.47713
G1 X119.683 Y120.911 E1457.48852
G1 X119.14 Y121.204 E1457.49929
G1 X118.598 Y121.398 E1457.50934
G1 X117.958 Y121.521 E1457.52072
G1 X117.353 Y121.55 E1457.5313
G1 X116.724 Y121.475 E1457.54236
G1 X116.129 Y121.315 E1457.55312
G1 X115.571 Y121.058 E1457.56385
G1 X115.048 Y120.725 E1457.57467
G1 X114.574 Y120.295 E1457.58585
G1 X114.193 Y119.833 E1457.59631
G1 X113.869 Y119.291 E1457.60733
G1 X113.636 Y118.709 E1457.61828
G1 X113.493 Y118.103 E1457.62915
G1 X113.456 Y117.5 E1457.6397
G0 F9000 X113.875 Y117.5
G1 F1800 X113.912 Y116.946 E1457.64939
G1 X114.037 Y116.41 E1457.65901
G1 X114.236 Y115.92 E1457.66824
G1 X114.521 Y115.431 E1457.67812
G1 X114.908 Y114.96 E1457.68877
G1 X115.291 Y114.622 E1457.69769
G1 X115.766 Y114.307 E1457.70764
G1 X116.312 Y114.07 E1457.71803
G1 X116.787 Y113.941 E1457.72663
G1 X117.332 Y113.872 E1457.73622
G1 X117.901 Y113.891 E1457.74616
G1 X118.427 Y113.987 E1457.7555
G1 X118.977 Y114.179 E1457.76567
G1 X119.463 Y114.443 E1457.77533
G1 X119.904 Y114.775 E1457.78497
G1 X120.308 Y115.192 E1457.79511
G1 X120.607 Y115.621 E1457.80424
G1 X120.864 Y116.122 E1457.81407
G1 X121.03 Y116.637 E1457.82352
G1 X121.124 Y117.209 E1457.83364
G1 X121.124 Y117.79 E1457.84378
G1 X121.042 Y118.311 E1457.85299
G1 X120.864 Y118.873 E1457.86329
G1 X120.634 Y119.334 E1457.87228
G1 X120.296 Y119.822 E1457.88265
G1 X119.894 Y120.233 E1457.89269
G1 X119.481 Y120.541 E1457.90168
G1 X119.024 Y120.795 E1457.91081
G1 X118.477 Y120.996 E1457.92099
G1 X117.936 Y121.101 E1457.93061
G1 X117.358 Y121.126 E1457.94071
G1 X116.787 Y121.059 E1457.95075
G1 X116.299 Y120.926 E1457.95959
G1 X115.769 Y120.688 E1457.96973
G1 X115.331 Y120.408 E1457.97881
G1 X114.923 Y120.05 E1457.98829
G1 X114.541 Y119.594 E1457.99867
G1 X114.259 Y119.123 E1458.00826
G1 X114.043 Y118.604 E1458.01808
G1 X113.912 Y118.046 E1458.02808
G1 X113.874 Y117.519 E1458.03731
G1 X113.875 Y117.5 E1458.03764
G0 F9000 X114.295 Y117.5
;TYPE:WALL-OUTER
G1 F1800 X114.294 Y117.485 E1458.0379
G1 X114.331 Y116.992 E1458.04654
G1 X114.445 Y116.516 E1458.05508
G1 X114.626 Y116.076 E1458.06339
G1 X114.877 Y115.654 E1458.07197
G1 X115.204 Y115.258 E1458.08093
G1 X115.571 Y114.937 E1458.08945
G1 X115.982 Y114.672 E1458.09799
G1 X116.432 Y114.473 E1458.10658
G1 X116.893 Y114.348 E1458.11492
G1 X117.369 Y114.29 E1458.12329
G1 X117.88 Y114.311 E1458.13222
G1 X118.357 Y114.402 E1458.1407
G1 X118.821 Y114.569 E1458.14931
G1 X119.26 Y114.812 E1458.15807
G1 X119.635 Y115.098 E1458.16631
G1 X119.987 Y115.463 E1458.17516
G1 X120.268 Y115.873 E1458.18384
G1 X120.483 Y116.299 E1458.19217
G1 X120.632 Y116.779 E1458.20095
G1 X120.706 Y117.254 E1458.20935
G1 X120.704 Y117.766 E1458.21829
G1 X120.629 Y118.234 E1458.22656
G1 X120.483 Y118.697 E1458.23504
G1 X120.261 Y119.141 E1458.24371
G1 X119.979 Y119.546 E1458.25232
G1 X119.632 Y119.905 E1458.26104
G1 X119.243 Y120.195 E1458.26952
G1 X118.809 Y120.432 E1458.27815
G1 X118.35 Y120.596 E1458.28666
G1 X117.88 Y120.685 E1458.29501
G1 X117.369 Y120.706 E1458.30394
G1 X116.887 Y120.651 E1458.31242
G1 X116.405 Y120.518 E1458.32115
G1 X115.968 Y120.318 E1458.32954
G1 X115.547 Y120.045 E1458.3383
G1 X115.181 Y119.714 E1458.34692
G1 X114.871 Y119.332 E1458.35551
G1 X114.626 Y118.92 E1458.36388
G1 X114.444 Y118.478 E1458.37222
G1 X114.328 Y117.984 E1458.38108
G1 X114.295 Y117.5 E1458.38956
G0 F9000 X114.294 Y117.485
G0 X114.307 Y117.301
G1 F1500 E1457.38956
G0 F9000 X97.715 Y117.5
G1 F1500 E1458.38956
G1 F1800 X97.715 Y117.507 E1458.38968
G1 X97.75 Y118.691 E1458.41036
G1 X97.853 Y119.851 E1458.4307
G1 X98.031 Y121.042 E1458.45172
G1 X98.276 Y122.181 E1458.47207
G1 X98.597 Y123.338 E1458.49303
G1 X98.973 Y124.442 E1458.5134
G1 X99.42 Y125.538 E1458.53407
G1 X99.943 Y126.623 E1458.5551
G1 X100.509 Y127.64 E1458.57542
G1 X101.154 Y128.645 E1458.59627
G1 X101.847 Y129.603 E1458.61692
G1 X102.599 Y130.517 E1458.63759
G1 X103.406 Y131.388 E1458.65832
G1 X104.253 Y132.199 E1458.6788
G1 X105.171 Y132.975 E1458.69979
G1 X106.105 Y133.676 E1458.72018
G1 X107.107 Y134.337 E1458.74114
G1 X108.116 Y134.919 E1458.76148
G1 X109.189 Y135.457 E1458.78244
G1 X110.281 Y135.924 E1458.80318
G1 X111.397 Y136.324 E1458.82388
G1 X112.517 Y136.648 E1458.84424
G1 X113.677 Y136.913 E1458.86502
G1 X114.861 Y137.111 E1458.88598
G1 X116.012 Y137.23 E1458.90618
G1 X117.212 Y137.285 E1458.92716
G1 X118.382 Y137.27 E1458.94759
G1 X119.57 Y137.179 E1458.96839
G1 X120.753 Y137.02 E1458.98924
G1 X121.897 Y136.795 E1459.0096
G1 X123.061 Y136.49 E1459.03061
G1 X124.173 Y136.13 E1459.05102
G1 X125.289 Y135.69 E1459.07196
G1 X126.366 Y135.192 E1459.09268
G1 X127.391 Y134.641 E1459.113
G1 X128.4 Y134.02 E1459.13369
G1 X129.381 Y133.328 E1459.15465
G1 X130.307 Y132.587 E1459.17536
G1 X131.17 Y131.808 E1459.19566
G1 X132.018 Y130.953 E1459.21669
G1 X132.789 Y130.066 E1459.23721
G1 X133.513 Y129.128 E1459.2579
G1 X134.175 Y128.158 E1459.27841
G1 X134.792 Y127.129 E1459.29936
G1 X135.33 Y126.085 E1459.31987
G1 X135.809 Y125.012 E1459.34039
G1 X136.233 Y123.884 E1459.36143
G1 X136.581 Y122.752 E1459.38211
G1 X136.862 Y121.604 E1459.40275
G1 X137.068 Y120.456 E1459.42311
G1 X137.214 Y119.26 E1459.44415
G1 X137.286 Y118.081 E1459.46478
G1 X137.286 Y116.919 E1459.48507
G1 X137.21 Y115.716 E1459.50612
G1 X137.068 Y114.54 E1459.5268
G1 X136.858 Y113.376 E1459.54745
G1 X136.581 Y112.245 E1459.56779
G1 X136.225 Y111.092 E1459.58886
G1 X135.813 Y109.992 E1459.60937
G1 X135.33 Y108.912 E1459.63003
G1 X134.792 Y107.871 E1459.65049
G1 X134.174 Y106.838 E1459.67151
G1 X133.509 Y105.86 E1459.69216
G1 X132.797 Y104.938 E1459.7125
G1 X132.018 Y104.048 E1459.73315
G1 X131.17 Y103.188 E1459.75424
G1 X130.307 Y102.409 E1459.77454
G1 X129.381 Y101.669 E1459.79524
G1 X128.396 Y100.976 E1459.81627
G1 X127.387 Y100.354 E1459.83697
G1 X126.365 Y99.804 E1459.85723
G1 X125.289 Y99.306 E1459.87794
G1 X124.169 Y98.866 E1459.89895
G1 X123.057 Y98.506 E1459.91936
G1 X121.901 Y98.205 E1459.94022
G1 X120.753 Y97.98 E1459.96065
G1 X119.57 Y97.821 E1459.98149
G1 X118.382 Y97.73 E1460.00229
G1 X117.212 Y97.711 E1460.02273
G1 X116.012 Y97.766 E1460.0437
G1 X114.857 Y97.889 E1460.06398
G1 X113.677 Y98.083 E1460.08486
G1 X112.517 Y98.348 E1460.10564
G1 X111.397 Y98.672 E1460.126
G1 X110.281 Y99.076 E1460.14673
G1 X109.193 Y99.539 E1460.16737
G1 X108.116 Y100.078 E1460.1884
G1 X107.107 Y100.659 E1460.20873
G1 X106.105 Y101.324 E1460.22973
G1 X105.171 Y102.021 E1460.25008
G1 X104.253 Y102.801 E1460.27112
G1 X103.414 Y103.604 E1460.2914
G1 X102.599 Y104.479 E1460.31228
G1 X101.851 Y105.393 E1460.3329
G1 X101.154 Y106.351 E1460.35359
G1 X100.509 Y107.356 E1460.37444
G1 X99.943 Y108.373 E1460.39476
G1 X99.42 Y109.458 E1460.41579
G1 X98.973 Y110.554 E1460.43646
G1 X98.597 Y111.658 E1460.45683
G1 X98.277 Y112.819 E1460.47786
G1 X98.031 Y113.958 E1460.4982
G1 X97.853 Y115.146 E1460.51918
G1 X97.746 Y116.317 E1460.53971
G1 X97.715 Y117.5 E1460.56038
G0 F9000 X97.715 Y117.507
G0 X97.72 Y117.699
G1 F1500 E1459.56038
G0 F9000 X113.072 Y117.5
;TYPE:SKIN
G1 F1500 E1460.56038
G1 F1804.3 X113.116 Y118.159 E1460.57188
G1 F1800 X113.273 Y118.832 E1460.58395
G1 X113.531 Y119.452 E1460.59567
G1 X113.871 Y120.038 E1460.6075
G1 X114.331 Y120.589 E1460.62004
G1 X114.816 Y121.021 E1460.63138
G1 X115.363 Y121.379 E1460.64279
G1 X115.976 Y121.66 E1460.65457
G1 X116.651 Y121.847 E1460.6668
G1 X117.321 Y121.922 E1460.67857
G1 X118.004 Y121.893 E1460.69051
G1 X118.654 Y121.78 E1460.70203
G1 X119.314 Y121.544 E1460.71427
G1 X119.883 Y121.231 E1460.72561
G1 X120.411 Y120.841 E1460.73707
G1 X120.907 Y120.333 E1460.74947
G1 X121.301 Y119.781 E1460.76131
G1 X121.619 Y119.149 E1460.77366
G1 X121.815 Y118.513 E1460.78529
G1 X121.92 Y117.858 E1460.79687
G1 X121.922 Y117.179 E1460.80873
G1 X121.817 Y116.49 E1460.82089
G1 X121.625 Y115.878 E1460.8321
G1 X121.305 Y115.231 E1460.8447
G1 X120.923 Y114.681 E1460.85639
G1 X120.45 Y114.185 E1460.86836
G1 X119.96 Y113.812 E1460.87911
G1 X119.344 Y113.464 E1460.89147
G1 X118.65 Y113.216 E1460.90434
G1 X118.048 Y113.103 E1460.91503
G1 X117.315 Y113.066 E1460.92785
G1 X116.697 Y113.144 E1460.93872
G1 X116.019 Y113.32 E1460.95096
G1 X115.353 Y113.622 E1460.96372
G1 X114.821 Y113.968 E1460.97481
G1 X114.316 Y114.414 E1460.98657
G1 X113.854 Y114.987 E1460.99942
G1 X113.534 Y115.529 E1461.01041
G1 X113.276 Y116.148 E1461.02212
G1 X113.123 Y116.808 E1461.03395
G1 X113.07 Y117.467 E1461.0455
G1 F1804.3 X113.072 Y117.5 E1461.04607
G1 F1500 E1460.04607
G0 F9000 X98.931 Y117.5
G1 F1500 E1461.04607
G1 F1800 X98.962 Y116.377 E1461.06569
G1 X99.061 Y115.298 E1461.08461
G1 X99.227 Y114.186 E1461.10424
G1 X99.457 Y113.119 E1461.1233
G1 X99.765 Y112.006 E1461.14347
G1 X100.109 Y110.986 E1461.16226
G1 X100.528 Y109.962 E1461.18158
G1 X101.031 Y108.925 E1461.20171
G1 X101.549 Y107.988 E1461.2204
G1 X102.162 Y107.031 E1461.24025
G1 X102.863 Y106.077 E1461.26092
G1 X103.507 Y105.287 E1461.27872
G1 X104.286 Y104.452 E1461.29866
G1 X105.061 Y103.713 E1461.31736
G1 X105.94 Y102.969 E1461.33747
G1 X106.814 Y102.312 E1461.35656
G1 X107.739 Y101.699 E1461.37594
G1 X108.684 Y101.154 E1461.39499
G1 X109.713 Y100.639 E1461.41508
G1 X110.737 Y100.204 E1461.43451
G1 X111.781 Y99.824 E1461.4539
G1 X112.813 Y99.528 E1461.47265
G1 X113.909 Y99.279 E1461.49228
G1 X115.029 Y99.093 E1461.5121
G1 X116.096 Y98.982 E1461.53083
G1 X117.232 Y98.927 E1461.55069
G1 X118.313 Y98.946 E1461.56957
G1 X119.441 Y99.033 E1461.58933
G1 X120.561 Y99.184 E1461.60906
G1 X121.617 Y99.389 E1461.62785
G1 X122.721 Y99.678 E1461.64777
G1 X123.749 Y100.01 E1461.66664
G1 X124.817 Y100.43 E1461.68668
G1 X125.83 Y100.896 E1461.70615
G1 X126.766 Y101.402 E1461.72473
G1 X127.724 Y101.992 E1461.74437
G1 X128.653 Y102.644 E1461.76419
G1 X129.523 Y103.344 E1461.78369
G1 X130.33 Y104.072 E1461.80267
G1 X131.118 Y104.868 E1461.82222
G1 X131.845 Y105.702 E1461.84154
G1 X132.525 Y106.584 E1461.86099
G1 X133.138 Y107.486 E1461.88003
G1 X133.72 Y108.455 E1461.89977
G1 X134.234 Y109.448 E1461.9193
G1 X134.681 Y110.452 E1461.93849
G1 X135.065 Y111.477 E1461.9576
G1 X135.409 Y112.581 E1461.97779
G1 X135.662 Y113.616 E1461.9964
G1 X135.86 Y114.712 E1462.01584
G1 X135.994 Y115.816 E1462.03526
G1 X136.066 Y116.967 E1462.0554
G1 X136.066 Y118.033 E1462.07401
G1 X135.998 Y119.136 E1462.09331
G1 X135.86 Y120.28 E1462.11343
G1 X135.67 Y121.34 E1462.13224
G1 X135.405 Y122.416 E1462.15159
G1 X135.143 Y123.283 E1462.1674
G1 X135.153 Y123.296 E1462.16769
G1 X134.681 Y124.54 E1462.19092
G1 X134.234 Y125.545 E1462.21013
G1 X133.72 Y126.541 E1462.2297
G1 X133.15 Y127.49 E1462.24903
G1 X132.529 Y128.404 E1462.26832
G1 X131.841 Y129.298 E1462.28802
G1 X131.114 Y130.132 E1462.30734
G1 X130.334 Y130.92 E1462.3267
G1 X129.524 Y131.651 E1462.34575
G1 X128.649 Y132.347 E1462.36528
G1 X127.72 Y133.004 E1462.38515
G1 X126.775 Y133.586 E1462.40452
G1 X125.83 Y134.096 E1462.42328
G1 X124.817 Y134.562 E1462.44275
G1 X123.749 Y134.986 E1462.46281
G1 X122.725 Y135.314 E1462.48159
G1 X121.613 Y135.607 E1462.50167
G1 X120.561 Y135.812 E1462.52038
G1 X119.441 Y135.963 E1462.54012
G1 X118.314 Y136.05 E1462.55985
G1 X117.236 Y136.065 E1462.57868
G1 X116.092 Y136.01 E1462.59868
G1 X115.032 Y135.903 E1462.61728
G1 X113.913 Y135.717 E1462.63709
G1 X112.813 Y135.464 E1462.6568
G1 X111.781 Y135.164 E1462.67556
G1 X110.733 Y134.792 E1462.69498
G1 X109.697 Y134.349 E1462.71466
G1 X108.692 Y133.843 E1462.7343
G1 X107.755 Y133.305 E1462.75317
G1 X106.798 Y132.672 E1462.77321
G1 X105.923 Y132.015 E1462.79231
G1 X105.069 Y131.295 E1462.81182
G1 X104.27 Y130.528 E1462.83116
G1 X103.515 Y129.713 E1462.85056
G1 X102.811 Y128.855 E1462.86994
G1 X102.154 Y127.949 E1462.88948
G1 X101.549 Y127.004 E1462.90907
G1 X101.031 Y126.067 E1462.92777
G1 X100.528 Y125.03 E1462.94789
G1 X100.109 Y124.006 E1462.96721
G1 X99.757 Y122.966 E1462.98638
G1 X99.457 Y121.877 E1463.00611
G1 X99.227 Y120.81 E1463.02517
G1 X99.061 Y119.695 E1463.04485
G1 X98.966 Y118.627 E1463.06357
G1 X98.931 Y117.511 E1463.08307
G1 X98.931 Y117.5 E1463.08326
G1 F1500 E1462.08326
G0 F9000 X96.841 Y117.439
G0 X96.988 Y115.033
G0 X97.43 Y112.601
G0 X98.158 Y110.239
G0 X99.163 Y107.981
G0 X100.43 Y105.86
G0 X101.942 Y103.904
G0 X103.843 Y105.234
G1 F1500 E1463.08326
G1 F1800 X105.247 Y103.83 E1463.11793
G1 X105.321 Y103.756
G1 F1500 E1462.11793
G0 F9000 X107.682 Y101.989
G1 F1500 E1463.11793
G1 F1800 X102.004 Y107.668 E1463.25816
G1 X101.93 Y107.742
G1 F1500 E1462.25816
G0 F9000 X101.194 Y109.071
G1 F1500 E1463.25816
G1 F1800 X109.069 Y101.196 E1463.45263
G1 X109.143 Y101.122
G1 F1500 E1462.45263
G0 F9000 X110.198 Y100.661
G1 F1500 E1463.45263
G1 F1800 X100.657 Y110.203 E1463.68825
G1 X100.583 Y110.277
G0 F9000 X100.262 Y111.191
G1 F1800 X111.192 Y100.261 E1463.95816
G1 X111.266 Y100.187
G0 F9000 X112.095 Y99.952
G1 F1800 X99.962 Y112.085 E1464.25778
G1 X99.888 Y112.159
G0 F9000 X99.734 Y112.907
G1 F1800 X112.924 Y99.718 E1464.58348
G0 F9000 X113.692 Y99.543
G1 F1800 X99.551 Y113.684 E1464.93269
G0 F9000 X99.404 Y114.425
G1 F1800 X114.423 Y99.406 E1465.30357
G0 F9000 X115.13 Y99.293
G1 F1800 X99.3 Y115.123 E1465.69449
G0 F9000 X99.228 Y115.789
G1 F1800 X115.793 Y99.224 E1466.10355
G0 F9000 X116.436 Y99.175
G1 F1800 X99.171 Y116.44 E1466.5299
G0 F9000 X99.154 Y117.051
G1 F1800 X117.06 Y99.145 E1466.97207
G0 F9000 X117.655 Y99.144
G1 F1800 X99.146 Y117.653 E1467.42914
G0 F9000 X99.164 Y118.229
G1 F1800 X118.238 Y99.155 E1467.90016
G0 F9000 X118.793 Y99.194
G1 F1800 X99.192 Y118.795 E1468.3842
G0 F9000 X99.241 Y119.34
G1 F1800 X119.345 Y99.236 E1468.88065
G0 F9000 X119.872 Y99.303
G1 F1800 X99.301 Y119.874 E1469.38864
G0 F9000 X99.377 Y120.391
G1 F1800 X120.396 Y99.373 E1469.90768
G0 F9000 X120.899 Y99.464
G1 F1800 X99.462 Y120.9 E1470.43704
G0 F9000 X99.567 Y121.39
G1 F1800 X121.396 Y99.561 E1470.9761
G0 F9000 X121.876 Y99.674
G1 F1800 X99.675 Y121.876 E1471.52435
G0 F9000 X99.803 Y122.341
G1 F1800 X122.347 Y99.798 E1472.08105
G0 F9000 X122.811 Y99.928
G1 F1800 X99.932 Y122.807 E1472.64603
G0 F9000 X100.078 Y123.255
G1 F1800 X123.26 Y100.073 E1473.2185
G0 F9000 X123.708 Y100.219
G1 F1800 X100.227 Y123.699 E1473.79833
G0 F9000 X100.388 Y124.133
G1 F1800 X124.134 Y100.387 E1474.38473
G0 F9000 X124.56 Y100.554
G1 F1800 X100.56 Y124.554 E1474.97739
G0 F9000 X100.735 Y124.973
G1 F1800 X124.975 Y100.733 E1475.57598
G0 F9000 X125.382 Y100.92
G1 F1800 X100.929 Y125.374 E1476.17985
G0 F9000 X101.123 Y125.774
G1 F1800 X125.787 Y101.11 E1476.78891
G0 F9000 X126.172 Y101.319
G1 F1800 X101.326 Y126.165 E1477.40247
G0 F9000 X101.537 Y126.547
G1 F1800 X126.557 Y101.527 E1478.02032
G0 F9000 X126.929 Y101.749
G1 F1800 X115.221 Y113.457 E1478.30944
G1 X115.147 Y113.531
G1 F1500 E1477.30944
G0 F9000 X116.219 Y113.054
G1 F1500 E1478.30944
G1 F1800 X127.298 Y101.975 E1478.58303
G0 F9000 X127.662 Y102.204
G1 F1800 X116.967 Y112.899 E1478.84714
G0 F9000 X117.589 Y112.871
G1 F1800 X128.011 Y102.449 E1479.1045
G0 F9000 X128.36 Y102.695
G1 F1800 X118.146 Y112.909 E1479.35673
G0 F9000 X118.645 Y113.003
G1 F1800 X128.698 Y102.95 E1479.60498
G0 F9000 X129.028 Y103.214
G1 F1800 X119.092 Y113.151 E1479.85036
G0 F9000 X119.513 Y113.323
G1 F1800 X129.357 Y103.479 E1480.09345
G0 F9000 X129.671 Y103.759
G1 F1800 X119.894 Y113.536 E1480.33489
G0 F9000 X120.253 Y113.771
G1 F1800 X129.983 Y104.041 E1480.57516
G0 F9000 X130.289 Y104.329
G1 F1800 X120.589 Y114.029 E1480.8147
G0 F9000 X120.88 Y114.332
G1 F1800 X130.584 Y104.628 E1481.05433
G0 F9000 X130.88 Y104.926
G1 F1800 X121.156 Y114.65 E1481.29446
G0 F9000 X121.4 Y115
G1 F1800 X131.162 Y105.238 E1481.53553
G0 F9000 X131.438 Y105.555
G1 F1800 X121.614 Y115.38 E1481.77814
G0 F9000 X121.811 Y115.777
G1 F1800 X131.713 Y105.875 E1482.02266
G0 F9000 X131.972 Y106.21
G1 F1800 X121.954 Y116.228 E1482.27005
G0 F9000 X122.063 Y116.713
G1 F1800 X132.23 Y106.545 E1482.52113
G0 F9000 X132.479 Y106.891
G1 F1800 X122.131 Y117.238 E1482.77666
G0 F9000 X122.131 Y117.833
G1 F1800 X132.72 Y107.244 E1483.03815
G0 F9000 X132.96 Y107.598
G1 F1800 X122.025 Y118.533 E1483.30818
G1 X121.951 Y118.607
G0 F9000 X121.702 Y119.45
G1 F1800 X133.183 Y107.969 E1483.5917
G0 F9000 X133.406 Y108.339
G1 F1800 X108.344 Y133.401 E1484.21059
G0 F9000 X107.967 Y133.185
G1 F1800 X119.435 Y121.717 E1484.49378
G1 X119.509 Y121.643
G1 F1500 E1483.49378
G0 F9000 X118.547 Y122.011
G1 F1500 E1484.49378
G1 F1800 X107.604 Y132.954 E1484.76401
G0 F9000 X107.247 Y132.717
G1 F1800 X117.856 Y122.108 E1485.026
G0 F9000 X117.245 Y122.124
G1 F1800 X106.891 Y132.479 E1485.28169
G0 F9000 X106.552 Y132.224
G1 F1800 X116.712 Y122.064 E1485.53259
G0 F9000 X116.233 Y121.949
G1 F1800 X106.212 Y131.969 E1485.78004
G0 F9000 X105.881 Y131.706
G1 F1800 X115.787 Y121.801 E1486.02465
G0 F9000 X115.379 Y121.615
G1 F1800 X105.559 Y131.435 E1486.26715
G0 F9000 X105.237 Y131.163
G1 F1800 X115.005 Y121.395 E1486.50836
G0 F9000 X114.652 Y121.154
G1 F1800 X104.933 Y130.873 E1486.74837
G0 F9000 X104.629 Y130.583
G1 F1800 X114.338 Y120.874 E1486.98813
G0 F9000 X114.046 Y120.572
G1 F1800 X104.332 Y130.286 E1487.22801
G0 F9000 X104.047 Y129.978
G1 F1800 X113.776 Y120.248 E1487.46827
G0 F9000 X113.541 Y119.889
G1 F1800 X103.762 Y129.669 E1487.70977
G0 F9000 X103.488 Y129.348
G1 F1800 X113.328 Y119.508 E1487.95276
G0 F9000 X113.153 Y119.09
G1 F1800 X103.22 Y129.022 E1488.19804
G0 F9000 X102.954 Y128.694
G1 F1800 X113.012 Y118.636 E1488.44642
G0 F9000 X112.905 Y118.149
G1 F1800 X102.704 Y128.35 E1488.69832
G0 F9000 X102.455 Y128.005
G1 F1800 X112.868 Y117.593 E1488.95545
G0 F9000 X112.898 Y116.968
G1 F1800 X102.214 Y127.652 E1489.21929
G0 F9000 X101.982 Y127.29
G1 F1800 X113.042 Y116.23 E1489.49241
G1 X113.116 Y116.156
G1 F1500 E1488.49241
G0 F9000 X113.496 Y115.182
G1 F1500 E1489.49241
G1 F1800 X101.751 Y126.928 E1489.78246
G1 X101.677 Y127.002
G1 F1500 E1488.78246
G0 F9000 X99.823 Y128.19
G0 X101.157 Y130.14
G0 X102.784 Y132.003
G0 X104.621 Y133.657
G0 X106.257 Y134.81
G0 X107.569 Y135.615
G0 X108.721 Y133.618
G1 F1500 E1489.78246
G1 F1800 X133.621 Y108.719 E1490.39733
G0 F9000 X133.823 Y109.111
G1 F1800 X109.113 Y133.821 E1491.00753
G0 F9000 X109.508 Y134.019
G1 F1800 X134.025 Y109.503 E1491.61295
G0 F9000 X134.21 Y109.911
G1 F1800 X109.91 Y134.212 E1492.21304
G0 F9000 X110.326 Y134.39
G1 F1800 X134.393 Y110.322 E1492.80737
G0 F9000 X134.566 Y110.744
G1 F1800 X110.741 Y134.568 E1493.3957
G0 F9000 X111.176 Y134.727
G1 F1800 X134.727 Y111.176 E1493.97728
G0 F9000 X134.886 Y111.611
G1 F1800 X111.615 Y134.883 E1494.55196
G0 F9000 X112.064 Y135.028
G1 F1800 X135.027 Y112.064 E1495.11902
G0 F9000 X135.168 Y112.517
G1 F1800 X112.523 Y135.162 E1495.67823
G0 F9000 X112.989 Y135.29
G1 F1800 X135.292 Y112.987 E1496.22899
G0 F9000 X135.409 Y113.464
G1 F1800 X113.472 Y135.401 E1496.77071
G0 F9000 X113.956 Y135.511
G1 F1800 X135.51 Y113.957 E1497.30297
G0 F9000 X135.6 Y114.461
G1 F1800 X114.465 Y135.596 E1497.82489
G0 F9000 X114.974 Y135.681
G1 F1800 X135.68 Y114.976 E1498.3362
G0 F9000 X135.745 Y115.504
G1 F1800 X115.509 Y135.74 E1498.83591
G0 F9000 X116.049 Y135.794
G1 F1800 X135.798 Y116.045 E1499.3236
G0 F9000 X135.832 Y116.605
G1 F1800 X116.613 Y135.825 E1499.79822
G0 F9000 X117.179 Y135.852
G1 F1800 X135.856 Y117.175 E1500.25943
G0 F9000 X135.856 Y117.769
G1 F1800 X117.777 Y135.848 E1500.70588
G0 F9000 X118.385 Y135.835
G1 F1800 X135.834 Y118.385 E1501.13679
G0 F9000 X135.795 Y119.018
G1 F1800 X119.028 Y135.785 E1501.55084
G0 F9000 X119.688 Y135.719
G1 F1800 X135.72 Y119.687 E1501.94674
G0 F9000 X135.629 Y120.371
G1 F1800 X120.375 Y135.626 E1502.32344
G0 F9000 X121.101 Y135.494
G1 F1800 X135.5 Y121.095 E1502.67901
G0 F9000 X135.324 Y121.865
G1 F1800 X121.865 Y135.324 E1503.01138
G0 F9000 X122.672 Y135.111
G1 F1800 X135.107 Y122.676 E1503.31845
G1 X135.181 Y122.602
G1 F1500 E1502.31845
G0 F9000 X134.834 Y123.543
G1 F1500 E1503.31845
G1 F1800 X123.546 Y134.83 E1503.59719
G1 X123.472 Y134.904
G1 F1500 E1502.59719
G0 F9000 X124.515 Y134.456
G1 F1500 E1503.59719
G1 F1800 X134.467 Y124.504 E1503.84295
G1 X134.541 Y124.43
G1 F1500 E1502.84295
G0 F9000 X133.976 Y125.589
G1 F1500 E1503.84295
G1 F1800 X125.589 Y133.976 E1504.05006
G1 X125.515 Y134.05
G1 F1500 E1503.05006
G0 F9000 X126.89 Y133.268
G1 F1500 E1504.05006
G1 F1800 X133.259 Y126.9 E1504.20733
G1 X133.333 Y126.826
G1 F1500 E1503.20733
G0 F9000 X131.984 Y128.769
G1 F1500 E1504.20733
G1 F1800 X128.772 Y131.981 E1504.28664
G1 X128.698 Y132.055
;TIME_ELAPSED:3208.676662
G1 F1500 E1503.28664
M140 S0
M107
G91 ;Relative positioning
G1 E-2 F2700 ;Retract a bit
G1 E-8 X5 Y5 Z3 F3000 ;Retract
G90 ;Absolute positioning
G1 X0 Y235 ;Present print
M106 S0 ;Turn-off fan
M104 S0 ;Turn-off hotend
M140 S0 ;Turn-off bed
M84 X Y E ;Disable all steppers but Z
M82 ;absolute extrusion mode
M104 S0
;End of Gcode
;SETTING_3 {"global_quality": "[general]\\nversion = 4\\nname = Fine #2\\ndefini
;SETTING_3 tion = elegoo_base\\n\\n[metadata]\\ntype = quality_changes\\nquality
;SETTING_3 _type = Elegoo_layer_010\\nsetting_version = 24\\n\\n[values]\\n\\n",
;SETTING_3  "extruder_quality": ["[general]\\nversion = 4\\nname = Fine #2\\ndef
;SETTING_3 inition = elegoo_neptune_3pro\\n\\n[metadata]\\ntype = quality_change
;SETTING_3 s\\nquality_type = Elegoo_layer_010\\nsetting_version = 24\\nposition
;SETTING_3  = 0\\n\\n[values]\\ninfill_sparse_density = 50\\n\\n"]}
